====================================================================================================
#1  ridgeback_1  env_step 0  t=44.532s  Team Plan Generation [team_1]
  usage: 6331 tokens (prompt 5522, completion 809)
---------------------------------- PROMPT / SYSTEM ----------------------------------
## 1. YOUR ROLE
You command TEAM 'team_1' -- 3 robots (ridgeback_1, jackal_1, drone_1) -- in a multi-agent
cooperative household task, alongside other teams doing the same. You are the
TEAM CONTROLLER: you are given all 3 robots' observations in one call and
answer with one plan per robot, in that same call.

- Divide the work. Two robots sent to the same object waste one of them: the
  loser burns the whole trip and its grasp fails with OBJECT_CLAIMED.
- Your robots start their plans together and you are not asked again until
  every one of them has finished. A robot that finishes early holds position
  and does nothing useful, so plans of wildly different lengths waste the
  short ones.
- Other teams are driven by their own controllers, not by you. You coordinate
  with them only through the messages quoted in this prompt.
- At the end of the prompt are each robot's last few plans, with their
  actions and how each ended, and the messages this team has sent and
  received. A plan that failed for a reason that still holds will fail the
  same way again, and a question you already asked has its answer in the
  record.

PLAN RESPONSE:
- Return a structured plan for EVERY robot listed above, one each, tagged with
  that robot's agent_id.
- Give each robot one task and at most 6 actions; 3-6 short
  executable actions are usually enough.
- Use exact item_id values from that robot's own section of the prompt.
- Say in the team-level `reasoning` how you divided the work between them.

## 2. ENVIRONMENT RULES
Your robots act through high-level primitives, not joint commands. Each one
takes many simulation steps: driving across a room costs 30 ticks per metre, so
distance is the main cost you control. None of them can see -- each is given a
symbolic description of the room it is standing in, and only that room, and
those descriptions are listed below one robot at a time.

Rules that decide whether an action succeeds:
- To grasp, place, open or toggle an object a robot must be closer to it than
  that object's own distance threshold; beyond it the action fails with TOO_FAR.
  Each object in a robot's room listing carries what that robot can do to it
  after "->", and a distance in metres ONLY when it is out of range -- no
  distance means that robot is already close enough to act on it now.
- An out-of-range object is marked "unreachable" and offers navigate_to and
  NOTHING else. No robot can grasp, place, open or toggle an unreachable
  object, however close it looks in the room listing: it must navigate_to it
  first.
- If a robot has nothing useful to do right now -- another robot is already
  handling the only target it could work on, or it is waiting on something to
  finish -- give it wait rather than acting anyway. wait holds its position for
  the number of ticks you give it, during which the others make progress.
- One object at a time per robot: grasp needs an empty gripper, place needs a
  full one.
- Objects are exclusive, including between your own robots. If anyone is
  holding something, a grasp for it fails with "held by <agent>". Sending two
  robots after one target costs the loser the whole trip for nothing.
- Some tasks are a route: THE TEAM'S TASK lists supports the cargo must rest on
  in order, marked done / NEXT. Only the NEXT support counts when the cargo is
  placed on it; a support reached out of order does not count and costs
  nothing -- progress resumes when NEXT holds. Progress is judged on where the
  cargo rests, not on what a robot intended.
- Every id in THE TEAM'S TASK is a valid navigate_to target for any robot from
  ANY room, even when it is not in that robot's listing: navigate_to(<that id>)
  drives it there, through the house, and its next listing shows that room.
  That is how a robot changes rooms. The cargo is where the task says it
  starts (or on the last support marked done) -- send a robot there; it will
  not be found where the robots stand.
- The line "Rooms in this house" names every room. navigate_to(<room name>)
  drives a robot to a free spot inside that room, so it can reach a room whose
  objects it cannot name yet, or go and look for something.
- Refer to objects only by the ids in that robot's own room listing, which are
  the objects in the room it is standing in. They look like apple.n.01_1. Never
  invent one, and never give one robot an id that appeared only under another
  robot -- it is in a room that robot cannot see.
- An entry marked "blocked" is in that room but currently unavailable -- the
  bracketed note says why.

When an action fails, that robot's plan is abandoned. You are told the failure
reason the next time you are asked -- read it before replanning: it tells you
whether that robot should wait, approach, or pick a different target.

## 3. ROBOT CAPABILITIES
Three kinds of robot. A robot's kind is on its own header ("(drone)") and on
its line in a teammate's listing ("[carrier, ...]", "[base locks while
holding]", "[drone]").

ARM -- a robot with a gripper: grasp, place_on_top, release, open/close,
toggle, load_onto, unload_from, navigate_to, wait.
- Some arms' bases LOCK while the gripper is loaded, and navigate_to then fails
  with BASE_LOCKED; such a robot cannot deliver what it picks up. Have it load
  the object onto a carrier robot with load_onto, let the carrier drive, and
  have an arm take it back at the far end with unload_from. Both actions name
  the *carrier* as their target and need the two robots within reach of each
  other. This is a division of labour, not a detour: it is why a task can need
  more than one of your robots.
- ONLY a robot marked [base locks while holding] needs a carrier. Any other
  robot that can grasp -- a drone, an unmarked arm -- carries what it holds by
  itself: grasp, navigate_to the support, place_on_top, done. A drone that can
  lift the cargo needs nobody: routing its cargo through a carrier and back is
  a detour that costs two extra actions and a round of waiting for nothing.
  Use the carrier for the base-locked robot's legs, and only for those.

CARRIER -- a robot with no arm: cargo rides on its back.
- A carrier and what it is carrying are ONE line in that robot's room listing:

    - agent_1  (teammate)  [carrier, carrying box.n.01_1]  -> unload_from

  The cargo has no line of its own and cannot be grasped where it sits.
  unload_from(agent_1) takes it off that carrier's back and into the acting
  robot's hand; load_onto(agent_1) puts what that robot holds onto it. Both
  name the carrier, both need the two robots within reach of each other, and
  unload_from is the only way to get cargo back.
- **A carrier has no arm**, so give it navigate_to and wait and nothing else:
  no grasp, no place, no release, no load_onto or unload_from -- those are done
  *to* it by a robot that does have a hand. Its own section lists its load on
  an "On your back:" line, and it cannot put that down itself. Its job is to
  drive to where an arm is waiting, which is the whole reason a task needs two
  of them.

DRONE -- flies, holds its load under a suction mount, and its base never locks:
it carries what it grasps by itself.
- What a drone may lift is limited. The drone cannot lift the notebook. A
  robot tagged [drone] can grasp and carry the die (die.n.01_1) but NOT the
  notebook (notebook.n.01_1): grasp or unload_from on it fails with
  CANNOT_LIFT, and getting closer does not change that. Only a robot with an
  arm can lift the notebook, so give that leg to an arm; this division of
  labour is what the task is built around.

THIS TEAM'S ROBOTS:
  - ridgeback_1: ARM, base LOCKS while holding (needs a carrier to move cargo)
  - jackal_1: CARRIER (no arm; navigate_to and wait only)
  - drone_1: DRONE (flies, carries what it holds; see the lift table)

WHO MAY LIFT WHAT (this activity):
  - die.n.01: arm, drone

## 4. COOPERATION MODE: INDIVIDUAL
Every team plans for itself. No team sends or receives messages; you learn
what the other teams are doing only from what your robots see (a teammate of
another team in the listing, an object held by one of its robots). Do not
wait for others to speak. When another team already holds the cargo, give
your robots something else or wait.
---------------------------------- PROMPT / USER ----------------------------------
=== STEP 0 ===

## 6. OBSERVATIONS -- TEAM team_1 (3 robots)

THE TEAM'S TASK (the same for every robot), in the ids it is written in:
  Move die.n.01_1, in this order, onto: the cabinet in the child's room, the bookcase in the kitchen, the refrigerator in the kitchen, the armchair in the dining room, the breakfast table in the dining room, the coffee table in the living room, the cabinet in the living room, the cabinet in the bedroom, the bed in the bedroom, the bed in the child's room.
Route S1-M5, carry die.n.01_1 through these in order:
  it starts ontop(die.n.01_1, floor.n.01_1)
  NEXT  C1  ontop(die.n.01_1, cabinet.n.01_1)
        C2  ontop(die.n.01_1, bookcase.n.01_1)
        C3  ontop(die.n.01_1, electric_refrigerator.n.01_1)
        C4  ontop(die.n.01_1, armchair.n.01_1)
        C5  ontop(die.n.01_1, breakfast_table.n.01_1)
        C6  ontop(die.n.01_1, coffee_table.n.01_1)
        C7  ontop(die.n.01_1, cabinet.n.01_2)
        C8  ontop(die.n.01_1, cabinet.n.01_3)
        C9  ontop(die.n.01_1, bed.n.01_2)
        D   ontop(die.n.01_1, bed.n.01_1)
A support reached out of order does not count, and nothing is lost by it: progress resumes when the NEXT one holds.

=== ROBOT ridgeback_1 ===
Step 0/8000 | you are ridgeback_1 in living_room_0 (a living room)
Rooms in this house (navigate_to any of them): bathroom_0, bedroom_0, childs_room_0, closet_0, closet_1, corridor_0, dining_room_0, empty_room_0, empty_room_1, kitchen_0, living_room_0, staircase_0
Holding: nothing

living_room_0:
  - cabinet.n.01_2  -> unreachable, navigate_to  [2.6 m away]
  - coffee_table.n.01_1  -> grasp, navigate_to
  - drone_1  (teammate)  [drone]
  - drone_2  (teammate)  [drone]
  - drone_3  (teammate)  [drone]
  - jackal_1  (teammate)  [carrier, empty]  -> navigate_to
  - jackal_2  (teammate)  [carrier, empty]  -> navigate_to
  - jackal_3  (teammate)  [carrier, empty]  -> navigate_to
  - ridgeback_2  (teammate)  [base locks while holding]
  - ridgeback_3  (teammate)  [base locks while holding]

Relations:
  under(jackal_1, drone_1)
  under(jackal_2, drone_2)
  under(jackal_3, drone_3)

=== ROBOT jackal_1 ===
Step 0/8000 | you are jackal_1 in living_room_0 (a living room)
Rooms in this house (navigate_to any of them): bathroom_0, bedroom_0, childs_room_0, closet_0, closet_1, corridor_0, dining_room_0, empty_room_0, empty_room_1, kitchen_0, living_room_0, staircase_0
Holding: nothing

living_room_0:
  - cabinet.n.01_2  -> unreachable, navigate_to  [3.2 m away]
  - coffee_table.n.01_1  -> navigate_to
  - drone_1  (teammate)  [drone]
  - drone_2  (teammate)  [drone]
  - drone_3  (teammate)  [drone]
  - jackal_2  (teammate)  [carrier, empty]
  - jackal_3  (teammate)  [carrier, empty]
  - ridgeback_1  (teammate)  [base locks while holding]
  - ridgeback_2  (teammate)  [base locks while holding]
  - ridgeback_3  (teammate)  [base locks while holding]

Relations:
  under(jackal_1, drone_1)
  under(jackal_2, drone_2)
  under(jackal_3, drone_3)

=== ROBOT drone_1 ===
Step 0/8000 | you are drone_1 (drone) in living_room_0 (a living room)
Rooms in this house (navigate_to any of them): bathroom_0, bedroom_0, childs_room_0, closet_0, closet_1, corridor_0, dining_room_0, empty_room_0, empty_room_1, kitchen_0, living_room_0, staircase_0
Holding: nothing

living_room_0:
  - cabinet.n.01_2  -> unreachable, navigate_to  [3.2 m away]
  - coffee_table.n.01_1  -> grasp, navigate_to
  - drone_2  (teammate)  [drone]
  - drone_3  (teammate)  [drone]
  - jackal_1  (teammate)  [carrier, empty]  -> navigate_to
  - jackal_2  (teammate)  [carrier, empty]  -> navigate_to
  - jackal_3  (teammate)  [carrier, empty]  -> unreachable, navigate_to  [1.7 m away]
  - ridgeback_1  (teammate)  [base locks while holding]
  - ridgeback_2  (teammate)  [base locks while holding]
  - ridgeback_3  (teammate)  [base locks while holding]

Relations:
  under(jackal_1, drone_1)
  under(jackal_2, drone_2)
  under(jackal_3, drone_3)

## 9. ACTION HISTORY AND FAILURES
--- ridgeback_1 ---
Its current plan: wait_for_team(team_1) [interrupted]

--- jackal_1 ---
Its current plan: wait_for_team(team_1) [interrupted]

Return exactly 3 plans, one per robot, using each robot's own ids. Say in `reasoning` how you divided the work.
-------------------------------------- COMPLETION --------------------------------------
  plans:
    [1]
      agent_id: ridgeback_1
      task:
        task: Task.ONTOP
        object_type: die.n.01_1
        object_id: 1
        reference: cabinet.n.01_1
      actions:
        [1]
          action_type: wait
          ticks: 140
      reasoning: The drone can lift and carry the die without a carrier; I hold position while it completes the first route leg.
    [2]
      agent_id: jackal_1
      task:
        task: Task.ONTOP
        object_type: die.n.01_1
        object_id: 1
        reference: cabinet.n.01_1
      actions:
        [1]
          action_type: wait
          ticks: 140
      reasoning: I am a carrier but the drone does not need transport assistance, so I wait rather than duplicating the die task.
    [3]
      agent_id: drone_1
      task:
        task: Task.ONTOP
        object_type: die.n.01_1
        object_id: 1
        reference: cabinet.n.01_1
      actions:
        [1]
          action_type: navigate_to
          target: die.n.01_1
        [2]
          action_type: grasp
          target: die.n.01_1
        [3]
          action_type: navigate_to
          target: cabinet.n.01_1
        [4]
          action_type: place_on_top
          target: cabinet.n.01_1
      reasoning: I am the only robot able to lift the die directly and can carry it while flying, so I handle the first leg from the child's room to its cabinet.
  reasoning: The drone independently carries the die to the first required support. The base-locked arm and carrier have no role in this leg, so both wait instead of competing for the same object.
====================================================================================================
#2  ridgeback_3  env_step 0  t=45.703s  Team Plan Generation [team_3]
  usage: 6477 tokens (prompt 5547, completion 930)
---------------------------------- PROMPT / SYSTEM ----------------------------------
## 1. YOUR ROLE
You command TEAM 'team_3' -- 3 robots (ridgeback_3, jackal_3, drone_3) -- in a multi-agent
cooperative household task, alongside other teams doing the same. You are the
TEAM CONTROLLER: you are given all 3 robots' observations in one call and
answer with one plan per robot, in that same call.

- Divide the work. Two robots sent to the same object waste one of them: the
  loser burns the whole trip and its grasp fails with OBJECT_CLAIMED.
- Your robots start their plans together and you are not asked again until
  every one of them has finished. A robot that finishes early holds position
  and does nothing useful, so plans of wildly different lengths waste the
  short ones.
- Other teams are driven by their own controllers, not by you. You coordinate
  with them only through the messages quoted in this prompt.
- At the end of the prompt are each robot's last few plans, with their
  actions and how each ended, and the messages this team has sent and
  received. A plan that failed for a reason that still holds will fail the
  same way again, and a question you already asked has its answer in the
  record.

PLAN RESPONSE:
- Return a structured plan for EVERY robot listed above, one each, tagged with
  that robot's agent_id.
- Give each robot one task and at most 6 actions; 3-6 short
  executable actions are usually enough.
- Use exact item_id values from that robot's own section of the prompt.
- Say in the team-level `reasoning` how you divided the work between them.

## 2. ENVIRONMENT RULES
Your robots act through high-level primitives, not joint commands. Each one
takes many simulation steps: driving across a room costs 30 ticks per metre, so
distance is the main cost you control. None of them can see -- each is given a
symbolic description of the room it is standing in, and only that room, and
those descriptions are listed below one robot at a time.

Rules that decide whether an action succeeds:
- To grasp, place, open or toggle an object a robot must be closer to it than
  that object's own distance threshold; beyond it the action fails with TOO_FAR.
  Each object in a robot's room listing carries what that robot can do to it
  after "->", and a distance in metres ONLY when it is out of range -- no
  distance means that robot is already close enough to act on it now.
- An out-of-range object is marked "unreachable" and offers navigate_to and
  NOTHING else. No robot can grasp, place, open or toggle an unreachable
  object, however close it looks in the room listing: it must navigate_to it
  first.
- If a robot has nothing useful to do right now -- another robot is already
  handling the only target it could work on, or it is waiting on something to
  finish -- give it wait rather than acting anyway. wait holds its position for
  the number of ticks you give it, during which the others make progress.
- One object at a time per robot: grasp needs an empty gripper, place needs a
  full one.
- Objects are exclusive, including between your own robots. If anyone is
  holding something, a grasp for it fails with "held by <agent>". Sending two
  robots after one target costs the loser the whole trip for nothing.
- Some tasks are a route: THE TEAM'S TASK lists supports the cargo must rest on
  in order, marked done / NEXT. Only the NEXT support counts when the cargo is
  placed on it; a support reached out of order does not count and costs
  nothing -- progress resumes when NEXT holds. Progress is judged on where the
  cargo rests, not on what a robot intended.
- Every id in THE TEAM'S TASK is a valid navigate_to target for any robot from
  ANY room, even when it is not in that robot's listing: navigate_to(<that id>)
  drives it there, through the house, and its next listing shows that room.
  That is how a robot changes rooms. The cargo is where the task says it
  starts (or on the last support marked done) -- send a robot there; it will
  not be found where the robots stand.
- The line "Rooms in this house" names every room. navigate_to(<room name>)
  drives a robot to a free spot inside that room, so it can reach a room whose
  objects it cannot name yet, or go and look for something.
- Refer to objects only by the ids in that robot's own room listing, which are
  the objects in the room it is standing in. They look like apple.n.01_1. Never
  invent one, and never give one robot an id that appeared only under another
  robot -- it is in a room that robot cannot see.
- An entry marked "blocked" is in that room but currently unavailable -- the
  bracketed note says why.

When an action fails, that robot's plan is abandoned. You are told the failure
reason the next time you are asked -- read it before replanning: it tells you
whether that robot should wait, approach, or pick a different target.

## 3. ROBOT CAPABILITIES
Three kinds of robot. A robot's kind is on its own header ("(drone)") and on
its line in a teammate's listing ("[carrier, ...]", "[base locks while
holding]", "[drone]").

ARM -- a robot with a gripper: grasp, place_on_top, release, open/close,
toggle, load_onto, unload_from, navigate_to, wait.
- Some arms' bases LOCK while the gripper is loaded, and navigate_to then fails
  with BASE_LOCKED; such a robot cannot deliver what it picks up. Have it load
  the object onto a carrier robot with load_onto, let the carrier drive, and
  have an arm take it back at the far end with unload_from. Both actions name
  the *carrier* as their target and need the two robots within reach of each
  other. This is a division of labour, not a detour: it is why a task can need
  more than one of your robots.
- ONLY a robot marked [base locks while holding] needs a carrier. Any other
  robot that can grasp -- a drone, an unmarked arm -- carries what it holds by
  itself: grasp, navigate_to the support, place_on_top, done. A drone that can
  lift the cargo needs nobody: routing its cargo through a carrier and back is
  a detour that costs two extra actions and a round of waiting for nothing.
  Use the carrier for the base-locked robot's legs, and only for those.

CARRIER -- a robot with no arm: cargo rides on its back.
- A carrier and what it is carrying are ONE line in that robot's room listing:

    - agent_1  (teammate)  [carrier, carrying box.n.01_1]  -> unload_from

  The cargo has no line of its own and cannot be grasped where it sits.
  unload_from(agent_1) takes it off that carrier's back and into the acting
  robot's hand; load_onto(agent_1) puts what that robot holds onto it. Both
  name the carrier, both need the two robots within reach of each other, and
  unload_from is the only way to get cargo back.
- **A carrier has no arm**, so give it navigate_to and wait and nothing else:
  no grasp, no place, no release, no load_onto or unload_from -- those are done
  *to* it by a robot that does have a hand. Its own section lists its load on
  an "On your back:" line, and it cannot put that down itself. Its job is to
  drive to where an arm is waiting, which is the whole reason a task needs two
  of them.

DRONE -- flies, holds its load under a suction mount, and its base never locks:
it carries what it grasps by itself.
- What a drone may lift is limited. The drone cannot lift the notebook. A
  robot tagged [drone] can grasp and carry the die (die.n.01_1) but NOT the
  notebook (notebook.n.01_1): grasp or unload_from on it fails with
  CANNOT_LIFT, and getting closer does not change that. Only a robot with an
  arm can lift the notebook, so give that leg to an arm; this division of
  labour is what the task is built around.

THIS TEAM'S ROBOTS:
  - ridgeback_3: ARM, base LOCKS while holding (needs a carrier to move cargo)
  - jackal_3: CARRIER (no arm; navigate_to and wait only)
  - drone_3: DRONE (flies, carries what it holds; see the lift table)

WHO MAY LIFT WHAT (this activity):
  - die.n.01: arm, drone

## 4. COOPERATION MODE: INDIVIDUAL
Every team plans for itself. No team sends or receives messages; you learn
what the other teams are doing only from what your robots see (a teammate of
another team in the listing, an object held by one of its robots). Do not
wait for others to speak. When another team already holds the cargo, give
your robots something else or wait.
---------------------------------- PROMPT / USER ----------------------------------
=== STEP 0 ===

## 6. OBSERVATIONS -- TEAM team_3 (3 robots)

THE TEAM'S TASK (the same for every robot), in the ids it is written in:
  Move die.n.01_1, in this order, onto: the cabinet in the child's room, the bookcase in the kitchen, the refrigerator in the kitchen, the armchair in the dining room, the breakfast table in the dining room, the coffee table in the living room, the cabinet in the living room, the cabinet in the bedroom, the bed in the bedroom, the bed in the child's room.
Route S1-M5, carry die.n.01_1 through these in order:
  it starts ontop(die.n.01_1, floor.n.01_1)
  NEXT  C1  ontop(die.n.01_1, cabinet.n.01_1)
        C2  ontop(die.n.01_1, bookcase.n.01_1)
        C3  ontop(die.n.01_1, electric_refrigerator.n.01_1)
        C4  ontop(die.n.01_1, armchair.n.01_1)
        C5  ontop(die.n.01_1, breakfast_table.n.01_1)
        C6  ontop(die.n.01_1, coffee_table.n.01_1)
        C7  ontop(die.n.01_1, cabinet.n.01_2)
        C8  ontop(die.n.01_1, cabinet.n.01_3)
        C9  ontop(die.n.01_1, bed.n.01_2)
        D   ontop(die.n.01_1, bed.n.01_1)
A support reached out of order does not count, and nothing is lost by it: progress resumes when the NEXT one holds.

=== ROBOT ridgeback_3 ===
Step 0/8000 | you are ridgeback_3 in living_room_0 (a living room)
Rooms in this house (navigate_to any of them): bathroom_0, bedroom_0, childs_room_0, closet_0, closet_1, corridor_0, dining_room_0, empty_room_0, empty_room_1, kitchen_0, living_room_0, staircase_0
Holding: nothing

living_room_0:
  - cabinet.n.01_2  -> unreachable, navigate_to  [2.8 m away]
  - coffee_table.n.01_1  -> unreachable, navigate_to  [2.0 m away]
  - drone_1  (teammate)  [drone]
  - drone_2  (teammate)  [drone]
  - drone_3  (teammate)  [drone]
  - jackal_1  (teammate)  [carrier, empty]  -> navigate_to
  - jackal_2  (teammate)  [carrier, empty]  -> navigate_to
  - jackal_3  (teammate)  [carrier, empty]  -> unreachable, navigate_to  [2.1 m away]
  - ridgeback_1  (teammate)  [base locks while holding]
  - ridgeback_2  (teammate)  [base locks while holding]

Relations:
  under(jackal_1, drone_1)
  under(jackal_2, drone_2)
  under(jackal_3, drone_3)

=== ROBOT jackal_3 ===
Step 0/8000 | you are jackal_3 in living_room_0 (a living room)
Rooms in this house (navigate_to any of them): bathroom_0, bedroom_0, childs_room_0, closet_0, closet_1, corridor_0, dining_room_0, empty_room_0, empty_room_1, kitchen_0, living_room_0, staircase_0
Holding: nothing

living_room_0:
  - cabinet.n.01_2  -> unreachable, navigate_to  [2.6 m away]
  - coffee_table.n.01_1  -> navigate_to
  - drone_1  (teammate)  [drone]
  - drone_2  (teammate)  [drone]
  - drone_3  (teammate)  [drone]
  - jackal_1  (teammate)  [carrier, empty]
  - jackal_2  (teammate)  [carrier, empty]
  - ridgeback_1  (teammate)  [base locks while holding]
  - ridgeback_2  (teammate)  [base locks while holding]
  - ridgeback_3  (teammate)  [base locks while holding]

Relations:
  under(jackal_1, drone_1)
  under(jackal_2, drone_2)
  under(jackal_3, drone_3)

=== ROBOT drone_3 ===
Step 0/8000 | you are drone_3 (drone) in living_room_0 (a living room)
Rooms in this house (navigate_to any of them): bathroom_0, bedroom_0, childs_room_0, closet_0, closet_1, corridor_0, dining_room_0, empty_room_0, empty_room_1, kitchen_0, living_room_0, staircase_0
Holding: nothing

living_room_0:
  - cabinet.n.01_2  -> unreachable, navigate_to  [2.6 m away]
  - coffee_table.n.01_1  -> grasp, navigate_to
  - drone_1  (teammate)  [drone]
  - drone_2  (teammate)  [drone]
  - jackal_1  (teammate)  [carrier, empty]  -> unreachable, navigate_to  [1.7 m away]
  - jackal_2  (teammate)  [carrier, empty]  -> unreachable, navigate_to  [1.7 m away]
  - jackal_3  (teammate)  [carrier, empty]  -> navigate_to
  - ridgeback_1  (teammate)  [base locks while holding]
  - ridgeback_2  (teammate)  [base locks while holding]
  - ridgeback_3  (teammate)  [base locks while holding]

Relations:
  under(jackal_1, drone_1)
  under(jackal_2, drone_2)
  under(jackal_3, drone_3)

## 9. ACTION HISTORY AND FAILURES
--- ridgeback_3 ---
Its current plan: wait_for_team(team_3) [interrupted]

--- jackal_3 ---
Its current plan: wait_for_team(team_3) [interrupted]

Return exactly 3 plans, one per robot, using each robot's own ids. Say in `reasoning` how you divided the work.
-------------------------------------- COMPLETION --------------------------------------
  plans:
    [1]
      agent_id: ridgeback_3
      task:
        task: Task.ONTOP
        object_type: die.n.01_1
        object_id: 1
        reference: cabinet.n.01_1
      actions:
        [1]
          action_type: wait
          ticks: 100
        [2]
          action_type: wait
          ticks: 100
        [3]
          action_type: wait
          ticks: 100
        [4]
          action_type: wait
          ticks: 100
        [5]
          action_type: wait
          ticks: 100
        [6]
          action_type: wait
          ticks: 100
      reasoning: The drone can lift and carry the die without a carrier, so I stay idle while it performs the first route leg.
    [2]
      agent_id: jackal_3
      task:
        task: Task.ONTOP
        object_type: die.n.01_1
        object_id: 1
        reference: cabinet.n.01_1
      actions:
        [1]
          action_type: wait
          ticks: 100
        [2]
          action_type: wait
          ticks: 100
        [3]
          action_type: wait
          ticks: 100
        [4]
          action_type: wait
          ticks: 100
        [5]
          action_type: wait
          ticks: 100
        [6]
          action_type: wait
          ticks: 100
      reasoning: No carrier is needed because drone_3 can carry the die itself; I wait rather than duplicate its target.
    [3]
      agent_id: drone_3
      task:
        task: Task.ONTOP
        object_type: die.n.01_1
        object_id: 1
        reference: cabinet.n.01_1
      actions:
        [1]
          action_type: navigate_to
          target: die.n.01_1
        [2]
          action_type: grasp
          target: die.n.01_1
        [3]
          action_type: navigate_to
          target: cabinet.n.01_1
        [4]
          action_type: place_on_top
          target: cabinet.n.01_1
      reasoning: I assign drone_3 the die because it is explicitly allowed to lift it and its base does not lock while carrying. It moves to the die, grasps it, and completes the first required support, while the arm and carrier wait.
  reasoning: Drone_3 exclusively handles the die route because it can lift and transport the die directly. Ridgeback_3 and jackal_3 wait, avoiding an unnecessary carrier handoff and duplicate grasp attempt.
====================================================================================================
#3  ridgeback_2  env_step 0  t=45.85s  Team Plan Generation [team_2]
  usage: 6428 tokens (prompt 5538, completion 890)
---------------------------------- PROMPT / SYSTEM ----------------------------------
## 1. YOUR ROLE
You command TEAM 'team_2' -- 3 robots (ridgeback_2, jackal_2, drone_2) -- in a multi-agent
cooperative household task, alongside other teams doing the same. You are the
TEAM CONTROLLER: you are given all 3 robots' observations in one call and
answer with one plan per robot, in that same call.

- Divide the work. Two robots sent to the same object waste one of them: the
  loser burns the whole trip and its grasp fails with OBJECT_CLAIMED.
- Your robots start their plans together and you are not asked again until
  every one of them has finished. A robot that finishes early holds position
  and does nothing useful, so plans of wildly different lengths waste the
  short ones.
- Other teams are driven by their own controllers, not by you. You coordinate
  with them only through the messages quoted in this prompt.
- At the end of the prompt are each robot's last few plans, with their
  actions and how each ended, and the messages this team has sent and
  received. A plan that failed for a reason that still holds will fail the
  same way again, and a question you already asked has its answer in the
  record.

PLAN RESPONSE:
- Return a structured plan for EVERY robot listed above, one each, tagged with
  that robot's agent_id.
- Give each robot one task and at most 6 actions; 3-6 short
  executable actions are usually enough.
- Use exact item_id values from that robot's own section of the prompt.
- Say in the team-level `reasoning` how you divided the work between them.

## 2. ENVIRONMENT RULES
Your robots act through high-level primitives, not joint commands. Each one
takes many simulation steps: driving across a room costs 30 ticks per metre, so
distance is the main cost you control. None of them can see -- each is given a
symbolic description of the room it is standing in, and only that room, and
those descriptions are listed below one robot at a time.

Rules that decide whether an action succeeds:
- To grasp, place, open or toggle an object a robot must be closer to it than
  that object's own distance threshold; beyond it the action fails with TOO_FAR.
  Each object in a robot's room listing carries what that robot can do to it
  after "->", and a distance in metres ONLY when it is out of range -- no
  distance means that robot is already close enough to act on it now.
- An out-of-range object is marked "unreachable" and offers navigate_to and
  NOTHING else. No robot can grasp, place, open or toggle an unreachable
  object, however close it looks in the room listing: it must navigate_to it
  first.
- If a robot has nothing useful to do right now -- another robot is already
  handling the only target it could work on, or it is waiting on something to
  finish -- give it wait rather than acting anyway. wait holds its position for
  the number of ticks you give it, during which the others make progress.
- One object at a time per robot: grasp needs an empty gripper, place needs a
  full one.
- Objects are exclusive, including between your own robots. If anyone is
  holding something, a grasp for it fails with "held by <agent>". Sending two
  robots after one target costs the loser the whole trip for nothing.
- Some tasks are a route: THE TEAM'S TASK lists supports the cargo must rest on
  in order, marked done / NEXT. Only the NEXT support counts when the cargo is
  placed on it; a support reached out of order does not count and costs
  nothing -- progress resumes when NEXT holds. Progress is judged on where the
  cargo rests, not on what a robot intended.
- Every id in THE TEAM'S TASK is a valid navigate_to target for any robot from
  ANY room, even when it is not in that robot's listing: navigate_to(<that id>)
  drives it there, through the house, and its next listing shows that room.
  That is how a robot changes rooms. The cargo is where the task says it
  starts (or on the last support marked done) -- send a robot there; it will
  not be found where the robots stand.
- The line "Rooms in this house" names every room. navigate_to(<room name>)
  drives a robot to a free spot inside that room, so it can reach a room whose
  objects it cannot name yet, or go and look for something.
- Refer to objects only by the ids in that robot's own room listing, which are
  the objects in the room it is standing in. They look like apple.n.01_1. Never
  invent one, and never give one robot an id that appeared only under another
  robot -- it is in a room that robot cannot see.
- An entry marked "blocked" is in that room but currently unavailable -- the
  bracketed note says why.

When an action fails, that robot's plan is abandoned. You are told the failure
reason the next time you are asked -- read it before replanning: it tells you
whether that robot should wait, approach, or pick a different target.

## 3. ROBOT CAPABILITIES
Three kinds of robot. A robot's kind is on its own header ("(drone)") and on
its line in a teammate's listing ("[carrier, ...]", "[base locks while
holding]", "[drone]").

ARM -- a robot with a gripper: grasp, place_on_top, release, open/close,
toggle, load_onto, unload_from, navigate_to, wait.
- Some arms' bases LOCK while the gripper is loaded, and navigate_to then fails
  with BASE_LOCKED; such a robot cannot deliver what it picks up. Have it load
  the object onto a carrier robot with load_onto, let the carrier drive, and
  have an arm take it back at the far end with unload_from. Both actions name
  the *carrier* as their target and need the two robots within reach of each
  other. This is a division of labour, not a detour: it is why a task can need
  more than one of your robots.
- ONLY a robot marked [base locks while holding] needs a carrier. Any other
  robot that can grasp -- a drone, an unmarked arm -- carries what it holds by
  itself: grasp, navigate_to the support, place_on_top, done. A drone that can
  lift the cargo needs nobody: routing its cargo through a carrier and back is
  a detour that costs two extra actions and a round of waiting for nothing.
  Use the carrier for the base-locked robot's legs, and only for those.

CARRIER -- a robot with no arm: cargo rides on its back.
- A carrier and what it is carrying are ONE line in that robot's room listing:

    - agent_1  (teammate)  [carrier, carrying box.n.01_1]  -> unload_from

  The cargo has no line of its own and cannot be grasped where it sits.
  unload_from(agent_1) takes it off that carrier's back and into the acting
  robot's hand; load_onto(agent_1) puts what that robot holds onto it. Both
  name the carrier, both need the two robots within reach of each other, and
  unload_from is the only way to get cargo back.
- **A carrier has no arm**, so give it navigate_to and wait and nothing else:
  no grasp, no place, no release, no load_onto or unload_from -- those are done
  *to* it by a robot that does have a hand. Its own section lists its load on
  an "On your back:" line, and it cannot put that down itself. Its job is to
  drive to where an arm is waiting, which is the whole reason a task needs two
  of them.

DRONE -- flies, holds its load under a suction mount, and its base never locks:
it carries what it grasps by itself.
- What a drone may lift is limited. The drone cannot lift the notebook. A
  robot tagged [drone] can grasp and carry the die (die.n.01_1) but NOT the
  notebook (notebook.n.01_1): grasp or unload_from on it fails with
  CANNOT_LIFT, and getting closer does not change that. Only a robot with an
  arm can lift the notebook, so give that leg to an arm; this division of
  labour is what the task is built around.

THIS TEAM'S ROBOTS:
  - ridgeback_2: ARM, base LOCKS while holding (needs a carrier to move cargo)
  - jackal_2: CARRIER (no arm; navigate_to and wait only)
  - drone_2: DRONE (flies, carries what it holds; see the lift table)

WHO MAY LIFT WHAT (this activity):
  - die.n.01: arm, drone

## 4. COOPERATION MODE: INDIVIDUAL
Every team plans for itself. No team sends or receives messages; you learn
what the other teams are doing only from what your robots see (a teammate of
another team in the listing, an object held by one of its robots). Do not
wait for others to speak. When another team already holds the cargo, give
your robots something else or wait.
---------------------------------- PROMPT / USER ----------------------------------
=== STEP 0 ===

## 6. OBSERVATIONS -- TEAM team_2 (3 robots)

THE TEAM'S TASK (the same for every robot), in the ids it is written in:
  Move die.n.01_1, in this order, onto: the cabinet in the child's room, the bookcase in the kitchen, the refrigerator in the kitchen, the armchair in the dining room, the breakfast table in the dining room, the coffee table in the living room, the cabinet in the living room, the cabinet in the bedroom, the bed in the bedroom, the bed in the child's room.
Route S1-M5, carry die.n.01_1 through these in order:
  it starts ontop(die.n.01_1, floor.n.01_1)
  NEXT  C1  ontop(die.n.01_1, cabinet.n.01_1)
        C2  ontop(die.n.01_1, bookcase.n.01_1)
        C3  ontop(die.n.01_1, electric_refrigerator.n.01_1)
        C4  ontop(die.n.01_1, armchair.n.01_1)
        C5  ontop(die.n.01_1, breakfast_table.n.01_1)
        C6  ontop(die.n.01_1, coffee_table.n.01_1)
        C7  ontop(die.n.01_1, cabinet.n.01_2)
        C8  ontop(die.n.01_1, cabinet.n.01_3)
        C9  ontop(die.n.01_1, bed.n.01_2)
        D   ontop(die.n.01_1, bed.n.01_1)
A support reached out of order does not count, and nothing is lost by it: progress resumes when the NEXT one holds.

=== ROBOT ridgeback_2 ===
Step 0/8000 | you are ridgeback_2 in living_room_0 (a living room)
Rooms in this house (navigate_to any of them): bathroom_0, bedroom_0, childs_room_0, closet_0, closet_1, corridor_0, dining_room_0, empty_room_0, empty_room_1, kitchen_0, living_room_0, staircase_0
Holding: nothing

living_room_0:
  - cabinet.n.01_2  -> unreachable, navigate_to  [2.1 m away]
  - coffee_table.n.01_1  -> grasp, navigate_to
  - drone_1  (teammate)  [drone]
  - drone_2  (teammate)  [drone]
  - drone_3  (teammate)  [drone]
  - jackal_1  (teammate)  [carrier, empty]  -> navigate_to
  - jackal_2  (teammate)  [carrier, empty]  -> navigate_to
  - jackal_3  (teammate)  [carrier, empty]  -> navigate_to
  - ridgeback_1  (teammate)  [base locks while holding]
  - ridgeback_3  (teammate)  [base locks while holding]

Relations:
  under(jackal_1, drone_1)
  under(jackal_2, drone_2)
  under(jackal_3, drone_3)

=== ROBOT jackal_2 ===
Step 0/8000 | you are jackal_2 in living_room_0 (a living room)
Rooms in this house (navigate_to any of them): bathroom_0, bedroom_0, childs_room_0, closet_0, closet_1, corridor_0, dining_room_0, empty_room_0, empty_room_1, kitchen_0, living_room_0, staircase_0
Holding: nothing

living_room_0:
  - cabinet.n.01_2  -> unreachable, navigate_to  [2.1 m away]
  - coffee_table.n.01_1  -> unreachable, navigate_to  [1.9 m away]
  - drone_1  (teammate)  [drone]
  - drone_2  (teammate)  [drone]
  - drone_3  (teammate)  [drone]
  - jackal_1  (teammate)  [carrier, empty]
  - jackal_3  (teammate)  [carrier, empty]
  - ridgeback_1  (teammate)  [base locks while holding]
  - ridgeback_2  (teammate)  [base locks while holding]
  - ridgeback_3  (teammate)  [base locks while holding]

Relations:
  under(jackal_1, drone_1)
  under(jackal_2, drone_2)
  under(jackal_3, drone_3)

=== ROBOT drone_2 ===
Step 0/8000 | you are drone_2 (drone) in living_room_0 (a living room)
Rooms in this house (navigate_to any of them): bathroom_0, bedroom_0, childs_room_0, closet_0, closet_1, corridor_0, dining_room_0, empty_room_0, empty_room_1, kitchen_0, living_room_0, staircase_0
Holding: nothing

living_room_0:
  - cabinet.n.01_2  -> unreachable, navigate_to  [2.1 m away]
  - coffee_table.n.01_1  -> unreachable, navigate_to  [1.9 m away]
  - drone_1  (teammate)  [drone]
  - drone_3  (teammate)  [drone]
  - jackal_1  (teammate)  [carrier, empty]  -> navigate_to
  - jackal_2  (teammate)  [carrier, empty]  -> navigate_to
  - jackal_3  (teammate)  [carrier, empty]  -> unreachable, navigate_to  [1.7 m away]
  - ridgeback_1  (teammate)  [base locks while holding]
  - ridgeback_2  (teammate)  [base locks while holding]
  - ridgeback_3  (teammate)  [base locks while holding]

Relations:
  under(jackal_1, drone_1)
  under(jackal_2, drone_2)
  under(jackal_3, drone_3)

## 9. ACTION HISTORY AND FAILURES
--- ridgeback_2 ---
Its current plan: wait_for_team(team_2) [interrupted]

--- jackal_2 ---
Its current plan: wait_for_team(team_2) [interrupted]

Return exactly 3 plans, one per robot, using each robot's own ids. Say in `reasoning` how you divided the work.
-------------------------------------- COMPLETION --------------------------------------
  plans:
    [1]
      agent_id: ridgeback_2
      task:
        task: Task.ONTOP
        object_type: die.n.01_1
        object_id: 1
        reference: cabinet.n.01_1
      actions:
        [1]
          action_type: wait
          ticks: 600
      reasoning: The drone can carry the die without a locked-base carrier, so I wait while it performs the first route leg.
    [2]
      agent_id: jackal_2
      task:
        task: Task.ONTOP
        object_type: die.n.01_1
        object_id: 1
        reference: cabinet.n.01_1
      actions:
        [1]
          action_type: wait
          ticks: 600
      reasoning: As a carrier I am unnecessary for the drone's movable die; I wait rather than duplicating its route.
    [3]
      agent_id: drone_2
      task:
        task: Task.ONTOP
        object_type: die.n.01_1
        object_id: 1
        reference: cabinet.n.01_1
      actions:
        [1]
          action_type: navigate_to
          target: die.n.01_1
        [2]
          action_type: grasp
          target: die.n.01_1
        [3]
          action_type: navigate_to
          target: cabinet.n.01_1
        [4]
          action_type: place_on_top
          target: cabinet.n.01_1
      reasoning: The drone alone handles the die because it can lift and carry it without base locking. It collects the die, delivers it to the first required support in the child's room, and places it there.
  reasoning: I assign the complete first die leg to drone_2, which can carry the die independently. ridgeback_2 and jackal_2 wait so neither wastes a trip or contests the exclusive cargo.
====================================================================================================
#4  ridgeback_1  env_step 245  t=65.908s  Team Plan Generation [team_1]
  usage: 6135 tokens (prompt 5588, completion 547)
---------------------------------- PROMPT / SYSTEM ----------------------------------
## 1. YOUR ROLE
You command TEAM 'team_1' -- 3 robots (ridgeback_1, jackal_1, drone_1) -- in a multi-agent
cooperative household task, alongside other teams doing the same. You are the
TEAM CONTROLLER: you are given all 3 robots' observations in one call and
answer with one plan per robot, in that same call.

- Divide the work. Two robots sent to the same object waste one of them: the
  loser burns the whole trip and its grasp fails with OBJECT_CLAIMED.
- Your robots start their plans together and you are not asked again until
  every one of them has finished. A robot that finishes early holds position
  and does nothing useful, so plans of wildly different lengths waste the
  short ones.
- Other teams are driven by their own controllers, not by you. You coordinate
  with them only through the messages quoted in this prompt.
- At the end of the prompt are each robot's last few plans, with their
  actions and how each ended, and the messages this team has sent and
  received. A plan that failed for a reason that still holds will fail the
  same way again, and a question you already asked has its answer in the
  record.

PLAN RESPONSE:
- Return a structured plan for EVERY robot listed above, one each, tagged with
  that robot's agent_id.
- Give each robot one task and at most 6 actions; 3-6 short
  executable actions are usually enough.
- Use exact item_id values from that robot's own section of the prompt.
- Say in the team-level `reasoning` how you divided the work between them.

## 2. ENVIRONMENT RULES
Your robots act through high-level primitives, not joint commands. Each one
takes many simulation steps: driving across a room costs 30 ticks per metre, so
distance is the main cost you control. None of them can see -- each is given a
symbolic description of the room it is standing in, and only that room, and
those descriptions are listed below one robot at a time.

Rules that decide whether an action succeeds:
- To grasp, place, open or toggle an object a robot must be closer to it than
  that object's own distance threshold; beyond it the action fails with TOO_FAR.
  Each object in a robot's room listing carries what that robot can do to it
  after "->", and a distance in metres ONLY when it is out of range -- no
  distance means that robot is already close enough to act on it now.
- An out-of-range object is marked "unreachable" and offers navigate_to and
  NOTHING else. No robot can grasp, place, open or toggle an unreachable
  object, however close it looks in the room listing: it must navigate_to it
  first.
- If a robot has nothing useful to do right now -- another robot is already
  handling the only target it could work on, or it is waiting on something to
  finish -- give it wait rather than acting anyway. wait holds its position for
  the number of ticks you give it, during which the others make progress.
- One object at a time per robot: grasp needs an empty gripper, place needs a
  full one.
- Objects are exclusive, including between your own robots. If anyone is
  holding something, a grasp for it fails with "held by <agent>". Sending two
  robots after one target costs the loser the whole trip for nothing.
- Some tasks are a route: THE TEAM'S TASK lists supports the cargo must rest on
  in order, marked done / NEXT. Only the NEXT support counts when the cargo is
  placed on it; a support reached out of order does not count and costs
  nothing -- progress resumes when NEXT holds. Progress is judged on where the
  cargo rests, not on what a robot intended.
- Every id in THE TEAM'S TASK is a valid navigate_to target for any robot from
  ANY room, even when it is not in that robot's listing: navigate_to(<that id>)
  drives it there, through the house, and its next listing shows that room.
  That is how a robot changes rooms. The cargo is where the task says it
  starts (or on the last support marked done) -- send a robot there; it will
  not be found where the robots stand.
- The line "Rooms in this house" names every room. navigate_to(<room name>)
  drives a robot to a free spot inside that room, so it can reach a room whose
  objects it cannot name yet, or go and look for something.
- Refer to objects only by the ids in that robot's own room listing, which are
  the objects in the room it is standing in. They look like apple.n.01_1. Never
  invent one, and never give one robot an id that appeared only under another
  robot -- it is in a room that robot cannot see.
- An entry marked "blocked" is in that room but currently unavailable -- the
  bracketed note says why.

When an action fails, that robot's plan is abandoned. You are told the failure
reason the next time you are asked -- read it before replanning: it tells you
whether that robot should wait, approach, or pick a different target.

## 3. ROBOT CAPABILITIES
Three kinds of robot. A robot's kind is on its own header ("(drone)") and on
its line in a teammate's listing ("[carrier, ...]", "[base locks while
holding]", "[drone]").

ARM -- a robot with a gripper: grasp, place_on_top, release, open/close,
toggle, load_onto, unload_from, navigate_to, wait.
- Some arms' bases LOCK while the gripper is loaded, and navigate_to then fails
  with BASE_LOCKED; such a robot cannot deliver what it picks up. Have it load
  the object onto a carrier robot with load_onto, let the carrier drive, and
  have an arm take it back at the far end with unload_from. Both actions name
  the *carrier* as their target and need the two robots within reach of each
  other. This is a division of labour, not a detour: it is why a task can need
  more than one of your robots.
- ONLY a robot marked [base locks while holding] needs a carrier. Any other
  robot that can grasp -- a drone, an unmarked arm -- carries what it holds by
  itself: grasp, navigate_to the support, place_on_top, done. A drone that can
  lift the cargo needs nobody: routing its cargo through a carrier and back is
  a detour that costs two extra actions and a round of waiting for nothing.
  Use the carrier for the base-locked robot's legs, and only for those.

CARRIER -- a robot with no arm: cargo rides on its back.
- A carrier and what it is carrying are ONE line in that robot's room listing:

    - agent_1  (teammate)  [carrier, carrying box.n.01_1]  -> unload_from

  The cargo has no line of its own and cannot be grasped where it sits.
  unload_from(agent_1) takes it off that carrier's back and into the acting
  robot's hand; load_onto(agent_1) puts what that robot holds onto it. Both
  name the carrier, both need the two robots within reach of each other, and
  unload_from is the only way to get cargo back.
- **A carrier has no arm**, so give it navigate_to and wait and nothing else:
  no grasp, no place, no release, no load_onto or unload_from -- those are done
  *to* it by a robot that does have a hand. Its own section lists its load on
  an "On your back:" line, and it cannot put that down itself. Its job is to
  drive to where an arm is waiting, which is the whole reason a task needs two
  of them.

DRONE -- flies, holds its load under a suction mount, and its base never locks:
it carries what it grasps by itself.
- What a drone may lift is limited. The drone cannot lift the notebook. A
  robot tagged [drone] can grasp and carry the die (die.n.01_1) but NOT the
  notebook (notebook.n.01_1): grasp or unload_from on it fails with
  CANNOT_LIFT, and getting closer does not change that. Only a robot with an
  arm can lift the notebook, so give that leg to an arm; this division of
  labour is what the task is built around.

THIS TEAM'S ROBOTS:
  - ridgeback_1: ARM, base LOCKS while holding (needs a carrier to move cargo)
  - jackal_1: CARRIER (no arm; navigate_to and wait only)
  - drone_1: DRONE (flies, carries what it holds; see the lift table)

WHO MAY LIFT WHAT (this activity):
  - die.n.01: arm, drone

## 4. COOPERATION MODE: INDIVIDUAL
Every team plans for itself. No team sends or receives messages; you learn
what the other teams are doing only from what your robots see (a teammate of
another team in the listing, an object held by one of its robots). Do not
wait for others to speak. When another team already holds the cargo, give
your robots something else or wait.
---------------------------------- PROMPT / USER ----------------------------------
=== STEP 245 ===

## 6. OBSERVATIONS -- TEAM team_1 (3 robots)

THE TEAM'S TASK (the same for every robot), in the ids it is written in:
  Move die.n.01_1, in this order, onto: the cabinet in the child's room, the bookcase in the kitchen, the refrigerator in the kitchen, the armchair in the dining room, the breakfast table in the dining room, the coffee table in the living room, the cabinet in the living room, the cabinet in the bedroom, the bed in the bedroom, the bed in the child's room.
Route S1-M5, carry die.n.01_1 through these in order:
  done  C1  ontop(die.n.01_1, cabinet.n.01_1)
  NEXT  C2  ontop(die.n.01_1, bookcase.n.01_1)
        C3  ontop(die.n.01_1, electric_refrigerator.n.01_1)
        C4  ontop(die.n.01_1, armchair.n.01_1)
        C5  ontop(die.n.01_1, breakfast_table.n.01_1)
        C6  ontop(die.n.01_1, coffee_table.n.01_1)
        C7  ontop(die.n.01_1, cabinet.n.01_2)
        C8  ontop(die.n.01_1, cabinet.n.01_3)
        C9  ontop(die.n.01_1, bed.n.01_2)
        D   ontop(die.n.01_1, bed.n.01_1)
A support reached out of order does not count, and nothing is lost by it: progress resumes when the NEXT one holds.

=== ROBOT ridgeback_1 ===
Step 245/8000 | you are ridgeback_1 in living_room_0 (a living room)
Rooms in this house (navigate_to any of them): bathroom_0, bedroom_0, childs_room_0, closet_0, closet_1, corridor_0, dining_room_0, empty_room_0, empty_room_1, kitchen_0, living_room_0, staircase_0
Holding: nothing

living_room_0:
  - cabinet.n.01_2  Open  -> unreachable, navigate_to  [2.6 m away]
  - coffee_table.n.01_1  -> grasp, navigate_to
  - drone_3  (teammate)  [drone]
  - jackal_1  (teammate)  [carrier, empty]  -> navigate_to
  - jackal_2  (teammate)  [carrier, empty]  -> navigate_to
  - jackal_3  (teammate)  [carrier, empty]  -> navigate_to
  - ridgeback_2  (teammate)  [base locks while holding]
  - ridgeback_3  (teammate)  [base locks while holding]

Relations:
  under(jackal_3, drone_3)

=== ROBOT jackal_1 ===
Step 245/8000 | you are jackal_1 in living_room_0 (a living room)
Rooms in this house (navigate_to any of them): bathroom_0, bedroom_0, childs_room_0, closet_0, closet_1, corridor_0, dining_room_0, empty_room_0, empty_room_1, kitchen_0, living_room_0, staircase_0
Holding: nothing

living_room_0:
  - cabinet.n.01_2  Open  -> unreachable, navigate_to  [3.2 m away]
  - coffee_table.n.01_1  -> navigate_to
  - drone_3  (teammate)  [drone]
  - jackal_2  (teammate)  [carrier, empty]
  - jackal_3  (teammate)  [carrier, empty]
  - ridgeback_1  (teammate)  [base locks while holding]
  - ridgeback_2  (teammate)  [base locks while holding]
  - ridgeback_3  (teammate)  [base locks while holding]

Relations:
  under(jackal_3, drone_3)

=== ROBOT drone_1 ===
Step 245/8000 | you are drone_1 (drone) in childs_room_0 (a childs room)
Rooms in this house (navigate_to any of them): bathroom_0, bedroom_0, childs_room_0, closet_0, closet_1, corridor_0, dining_room_0, empty_room_0, empty_room_1, kitchen_0, living_room_0, staircase_0
Holding: nothing

childs_room_0:
  - bed.n.01_1  -> unreachable, navigate_to  [2.2 m away]
  - cabinet.n.01_1  Open  -> close, grasp, navigate_to  [Open is True]
  - die.n.01_1  -> grasp, navigate_to
  - drone_2  (teammate)  [drone]
  - floor.n.01_1  -> navigate_to

Relations:
  ontop(bed.n.01_1, floor.n.01_1)
  ontop(cabinet.n.01_1, floor.n.01_1)
  ontop(die.n.01_1, cabinet.n.01_1)

## 9. ACTION HISTORY AND FAILURES
--- ridgeback_1 ---
Its current plan: wait_for_team(team_1) [interrupted]
YOUR FINISHED PLANS (most recent last):
  #2 [DONE] ontop(die.n.01_1, cabinet.n.01_1)
      plan: wait(140)
      you chose it because: The drone can lift and carry the die without a carrier; I hold position while it completes the first route leg.

--- jackal_1 ---
Its current plan: wait_for_team(team_1) [interrupted]
YOUR FINISHED PLANS (most recent last):
  #2 [DONE] ontop(die.n.01_1, cabinet.n.01_1)
      plan: wait(140)
      you chose it because: I am a carrier but the drone does not need transport assistance, so I wait rather than duplicating the die task.

--- drone_1 ---
Its current plan: ontop(die.n.01_1, cabinet.n.01_1) [success]
YOUR FINISHED PLANS (most recent last):
  #1 [DONE] ontop(die.n.01_1, cabinet.n.01_1)
      plan: navigate_to(die.n.01_1) -> grasp(die.n.01_1) -> navigate_to(cabinet.n.01_1) -> place_on_top(cabinet.n.01_1)
      you chose it because: I am the only robot able to lift the die directly and can carry it while flying, so I handle the first leg from the child's room to its cabinet.

Return exactly 3 plans, one per robot, using each robot's own ids. Say in `reasoning` how you divided the work.
-------------------------------------- COMPLETION --------------------------------------
  plans:
    [1]
      agent_id: ridgeback_1
      task:
        task: Task.ONTOP
        object_type: die.n.01_1
        object_id: 1
        reference: bookcase.n.01_1
      actions:
        [1]
          action_type: wait
          ticks: 600
      reasoning: The drone handles the die directly; I remain idle while it transports the die to the next support.
    [2]
      agent_id: jackal_1
      task:
        task: Task.ONTOP
        object_type: die.n.01_1
        object_id: 1
        reference: bookcase.n.01_1
      actions:
        [1]
          action_type: wait
          ticks: 600
      reasoning: As a carrier, I am unnecessary because the drone can carry the die without a locked base; I wait for the next route leg to finish.
    [3]
      agent_id: drone_1
      task:
        task: Task.ONTOP
        object_type: die.n.01_1
        object_id: 1
        reference: bookcase.n.01_1
      actions:
        [1]
          action_type: navigate_to
          target: die.n.01_1
        [2]
          action_type: grasp
          target: die.n.01_1
        [3]
          action_type: navigate_to
          target: bookcase.n.01_1
        [4]
          action_type: place_on_top
          target: bookcase.n.01_1
      reasoning: I alone can efficiently lift and carry the die, so I retrieve it from the cabinet and fly it to the kitchen bookcase, the NEXT support.
  reasoning: The drone independently transports the die to the NEXT support, bookcase.n.01_1. Ridgeback and jackal wait because no carrier is needed for the drone's unlocked flight and carrying capability.
====================================================================================================
#5  ridgeback_2  env_step 601  t=97.576s  Team Plan Generation [team_2]
  usage: 6266 tokens (prompt 5511, completion 755)
---------------------------------- PROMPT / SYSTEM ----------------------------------
## 1. YOUR ROLE
You command TEAM 'team_2' -- 3 robots (ridgeback_2, jackal_2, drone_2) -- in a multi-agent
cooperative household task, alongside other teams doing the same. You are the
TEAM CONTROLLER: you are given all 3 robots' observations in one call and
answer with one plan per robot, in that same call.

- Divide the work. Two robots sent to the same object waste one of them: the
  loser burns the whole trip and its grasp fails with OBJECT_CLAIMED.
- Your robots start their plans together and you are not asked again until
  every one of them has finished. A robot that finishes early holds position
  and does nothing useful, so plans of wildly different lengths waste the
  short ones.
- Other teams are driven by their own controllers, not by you. You coordinate
  with them only through the messages quoted in this prompt.
- At the end of the prompt are each robot's last few plans, with their
  actions and how each ended, and the messages this team has sent and
  received. A plan that failed for a reason that still holds will fail the
  same way again, and a question you already asked has its answer in the
  record.

PLAN RESPONSE:
- Return a structured plan for EVERY robot listed above, one each, tagged with
  that robot's agent_id.
- Give each robot one task and at most 6 actions; 3-6 short
  executable actions are usually enough.
- Use exact item_id values from that robot's own section of the prompt.
- Say in the team-level `reasoning` how you divided the work between them.

## 2. ENVIRONMENT RULES
Your robots act through high-level primitives, not joint commands. Each one
takes many simulation steps: driving across a room costs 30 ticks per metre, so
distance is the main cost you control. None of them can see -- each is given a
symbolic description of the room it is standing in, and only that room, and
those descriptions are listed below one robot at a time.

Rules that decide whether an action succeeds:
- To grasp, place, open or toggle an object a robot must be closer to it than
  that object's own distance threshold; beyond it the action fails with TOO_FAR.
  Each object in a robot's room listing carries what that robot can do to it
  after "->", and a distance in metres ONLY when it is out of range -- no
  distance means that robot is already close enough to act on it now.
- An out-of-range object is marked "unreachable" and offers navigate_to and
  NOTHING else. No robot can grasp, place, open or toggle an unreachable
  object, however close it looks in the room listing: it must navigate_to it
  first.
- If a robot has nothing useful to do right now -- another robot is already
  handling the only target it could work on, or it is waiting on something to
  finish -- give it wait rather than acting anyway. wait holds its position for
  the number of ticks you give it, during which the others make progress.
- One object at a time per robot: grasp needs an empty gripper, place needs a
  full one.
- Objects are exclusive, including between your own robots. If anyone is
  holding something, a grasp for it fails with "held by <agent>". Sending two
  robots after one target costs the loser the whole trip for nothing.
- Some tasks are a route: THE TEAM'S TASK lists supports the cargo must rest on
  in order, marked done / NEXT. Only the NEXT support counts when the cargo is
  placed on it; a support reached out of order does not count and costs
  nothing -- progress resumes when NEXT holds. Progress is judged on where the
  cargo rests, not on what a robot intended.
- Every id in THE TEAM'S TASK is a valid navigate_to target for any robot from
  ANY room, even when it is not in that robot's listing: navigate_to(<that id>)
  drives it there, through the house, and its next listing shows that room.
  That is how a robot changes rooms. The cargo is where the task says it
  starts (or on the last support marked done) -- send a robot there; it will
  not be found where the robots stand.
- The line "Rooms in this house" names every room. navigate_to(<room name>)
  drives a robot to a free spot inside that room, so it can reach a room whose
  objects it cannot name yet, or go and look for something.
- Refer to objects only by the ids in that robot's own room listing, which are
  the objects in the room it is standing in. They look like apple.n.01_1. Never
  invent one, and never give one robot an id that appeared only under another
  robot -- it is in a room that robot cannot see.
- An entry marked "blocked" is in that room but currently unavailable -- the
  bracketed note says why.

When an action fails, that robot's plan is abandoned. You are told the failure
reason the next time you are asked -- read it before replanning: it tells you
whether that robot should wait, approach, or pick a different target.

## 3. ROBOT CAPABILITIES
Three kinds of robot. A robot's kind is on its own header ("(drone)") and on
its line in a teammate's listing ("[carrier, ...]", "[base locks while
holding]", "[drone]").

ARM -- a robot with a gripper: grasp, place_on_top, release, open/close,
toggle, load_onto, unload_from, navigate_to, wait.
- Some arms' bases LOCK while the gripper is loaded, and navigate_to then fails
  with BASE_LOCKED; such a robot cannot deliver what it picks up. Have it load
  the object onto a carrier robot with load_onto, let the carrier drive, and
  have an arm take it back at the far end with unload_from. Both actions name
  the *carrier* as their target and need the two robots within reach of each
  other. This is a division of labour, not a detour: it is why a task can need
  more than one of your robots.
- ONLY a robot marked [base locks while holding] needs a carrier. Any other
  robot that can grasp -- a drone, an unmarked arm -- carries what it holds by
  itself: grasp, navigate_to the support, place_on_top, done. A drone that can
  lift the cargo needs nobody: routing its cargo through a carrier and back is
  a detour that costs two extra actions and a round of waiting for nothing.
  Use the carrier for the base-locked robot's legs, and only for those.

CARRIER -- a robot with no arm: cargo rides on its back.
- A carrier and what it is carrying are ONE line in that robot's room listing:

    - agent_1  (teammate)  [carrier, carrying box.n.01_1]  -> unload_from

  The cargo has no line of its own and cannot be grasped where it sits.
  unload_from(agent_1) takes it off that carrier's back and into the acting
  robot's hand; load_onto(agent_1) puts what that robot holds onto it. Both
  name the carrier, both need the two robots within reach of each other, and
  unload_from is the only way to get cargo back.
- **A carrier has no arm**, so give it navigate_to and wait and nothing else:
  no grasp, no place, no release, no load_onto or unload_from -- those are done
  *to* it by a robot that does have a hand. Its own section lists its load on
  an "On your back:" line, and it cannot put that down itself. Its job is to
  drive to where an arm is waiting, which is the whole reason a task needs two
  of them.

DRONE -- flies, holds its load under a suction mount, and its base never locks:
it carries what it grasps by itself.
- What a drone may lift is limited. The drone cannot lift the notebook. A
  robot tagged [drone] can grasp and carry the die (die.n.01_1) but NOT the
  notebook (notebook.n.01_1): grasp or unload_from on it fails with
  CANNOT_LIFT, and getting closer does not change that. Only a robot with an
  arm can lift the notebook, so give that leg to an arm; this division of
  labour is what the task is built around.

THIS TEAM'S ROBOTS:
  - ridgeback_2: ARM, base LOCKS while holding (needs a carrier to move cargo)
  - jackal_2: CARRIER (no arm; navigate_to and wait only)
  - drone_2: DRONE (flies, carries what it holds; see the lift table)

WHO MAY LIFT WHAT (this activity):
  - die.n.01: arm, drone

## 4. COOPERATION MODE: INDIVIDUAL
Every team plans for itself. No team sends or receives messages; you learn
what the other teams are doing only from what your robots see (a teammate of
another team in the listing, an object held by one of its robots). Do not
wait for others to speak. When another team already holds the cargo, give
your robots something else or wait.
---------------------------------- PROMPT / USER ----------------------------------
=== STEP 601 ===

## 6. OBSERVATIONS -- TEAM team_2 (3 robots)

THE TEAM'S TASK (the same for every robot), in the ids it is written in:
  Move die.n.01_1, in this order, onto: the cabinet in the child's room, the bookcase in the kitchen, the refrigerator in the kitchen, the armchair in the dining room, the breakfast table in the dining room, the coffee table in the living room, the cabinet in the living room, the cabinet in the bedroom, the bed in the bedroom, the bed in the child's room.
Route S1-M5, carry die.n.01_1 through these in order:
  done  C1  ontop(die.n.01_1, cabinet.n.01_1)
  done  C2  ontop(die.n.01_1, bookcase.n.01_1)
  NEXT  C3  ontop(die.n.01_1, electric_refrigerator.n.01_1)
        C4  ontop(die.n.01_1, armchair.n.01_1)
        C5  ontop(die.n.01_1, breakfast_table.n.01_1)
        C6  ontop(die.n.01_1, coffee_table.n.01_1)
        C7  ontop(die.n.01_1, cabinet.n.01_2)
        C8  ontop(die.n.01_1, cabinet.n.01_3)
        C9  ontop(die.n.01_1, bed.n.01_2)
        D   ontop(die.n.01_1, bed.n.01_1)
A support reached out of order does not count, and nothing is lost by it: progress resumes when the NEXT one holds.

=== ROBOT ridgeback_2 ===
Step 601/8000 | you are ridgeback_2 in living_room_0 (a living room)
Rooms in this house (navigate_to any of them): bathroom_0, bedroom_0, childs_room_0, closet_0, closet_1, corridor_0, dining_room_0, empty_room_0, empty_room_1, kitchen_0, living_room_0, staircase_0
Holding: nothing

living_room_0:
  - cabinet.n.01_2  Open  -> unreachable, navigate_to  [2.1 m away]
  - coffee_table.n.01_1  -> grasp, navigate_to
  - jackal_1  (teammate)  [carrier, empty]  -> navigate_to
  - jackal_2  (teammate)  [carrier, empty]  -> navigate_to
  - jackal_3  (teammate)  [carrier, empty]  -> navigate_to
  - ridgeback_1  (teammate)  [base locks while holding]
  - ridgeback_3  (teammate)  [base locks while holding]

=== ROBOT jackal_2 ===
Step 601/8000 | you are jackal_2 in living_room_0 (a living room)
Rooms in this house (navigate_to any of them): bathroom_0, bedroom_0, childs_room_0, closet_0, closet_1, corridor_0, dining_room_0, empty_room_0, empty_room_1, kitchen_0, living_room_0, staircase_0
Holding: nothing

living_room_0:
  - cabinet.n.01_2  Open  -> unreachable, navigate_to  [2.1 m away]
  - coffee_table.n.01_1  -> unreachable, navigate_to  [1.9 m away]
  - jackal_1  (teammate)  [carrier, empty]
  - jackal_3  (teammate)  [carrier, empty]
  - ridgeback_1  (teammate)  [base locks while holding]
  - ridgeback_2  (teammate)  [base locks while holding]
  - ridgeback_3  (teammate)  [base locks while holding]

=== ROBOT drone_2 ===
Step 601/8000 | you are drone_2 (drone) in childs_room_0 (a childs room)
Rooms in this house (navigate_to any of them): bathroom_0, bedroom_0, childs_room_0, closet_0, closet_1, corridor_0, dining_room_0, empty_room_0, empty_room_1, kitchen_0, living_room_0, staircase_0
Holding: nothing

childs_room_0:
  - bed.n.01_1  -> unreachable, navigate_to  [2.3 m away]
  - cabinet.n.01_1  Open  -> close, grasp, navigate_to  [Open is True]
  - drone_3  (teammate)  [drone]
  - floor.n.01_1  -> navigate_to

Relations:
  ontop(bed.n.01_1, floor.n.01_1)
  ontop(cabinet.n.01_1, floor.n.01_1)

## 9. ACTION HISTORY AND FAILURES
--- ridgeback_2 ---
Its current plan: wait_for_team(team_2) [interrupted]
YOUR FINISHED PLANS (most recent last):
  #2 [DONE] ontop(die.n.01_1, cabinet.n.01_1)
      plan: wait(600)
      you chose it because: The drone can carry the die without a locked-base carrier, so I wait while it performs the first route leg.

--- jackal_2 ---
Its current plan: ontop(die.n.01_1, cabinet.n.01_1) [success]
YOUR FINISHED PLANS (most recent last):
  #2 [DONE] ontop(die.n.01_1, cabinet.n.01_1)
      plan: wait(600)
      you chose it because: As a carrier I am unnecessary for the drone's movable die; I wait rather than duplicating its route.

--- drone_2 ---
Its current plan: wait_for_team(team_2) [interrupted]
YOUR FINISHED PLANS (most recent last):
  #1 [DONE] ontop(die.n.01_1, cabinet.n.01_1)
      plan: navigate_to(die.n.01_1) -> grasp(die.n.01_1) -> navigate_to(cabinet.n.01_1) -> place_on_top(cabinet.n.01_1)
      you chose it because: The drone alone handles the die because it can lift and carry it without base locking. It collects the die, delivers it to the first required support in the child's room, and places it there.

Return exactly 3 plans, one per robot, using each robot's own ids. Say in `reasoning` how you divided the work.
-------------------------------------- COMPLETION --------------------------------------
  plans:
    [1]
      agent_id: ridgeback_2
      task:
        task: Task.ONTOP
        object_type: die.n.01_1
        object_id: 1
        reference: electric_refrigerator.n.01_1
      actions:
        [1]
          action_type: wait
          ticks: 600
      reasoning: The drone can carry the die without a locked-base carrier, so I wait while it completes the refrigerator leg.
    [2]
      agent_id: jackal_2
      task:
        task: Task.ONTOP
        object_type: die.n.01_1
        object_id: 1
        reference: electric_refrigerator.n.01_1
      actions:
        [1]
          action_type: wait
          ticks: 600
      reasoning: As a carrier, I am unnecessary for the drone's movable die; I wait rather than duplicate the route.
    [3]
      agent_id: drone_2
      task:
        task: Task.ONTOP
        object_type: die.n.01_1
        object_id: 1
        reference: electric_refrigerator.n.01_1
      actions:
        [1]
          action_type: navigate_to
          target: die.n.01_1
        [2]
          action_type: grasp
          target: die.n.01_1
        [3]
          action_type: navigate_to
          target: electric_refrigerator.n.01_1
        [4]
          action_type: place_on_top
          target: electric_refrigerator.n.01_1
      reasoning: I alone handle the next route leg: retrieve the die from the completed child-room cabinet support and carry it to the refrigerator in the kitchen.
  reasoning: The drone is assigned the die because it can lift and transport it independently. Ridgeback and jackal are kept waiting because the die does not require the locked-base arm plus carrier handoff.
====================================================================================================
#6  ridgeback_3  env_step 606  t=105.325s  Team Plan Generation [team_3]
  usage: 6421 tokens (prompt 5632, completion 789)
---------------------------------- PROMPT / SYSTEM ----------------------------------
## 1. YOUR ROLE
You command TEAM 'team_3' -- 3 robots (ridgeback_3, jackal_3, drone_3) -- in a multi-agent
cooperative household task, alongside other teams doing the same. You are the
TEAM CONTROLLER: you are given all 3 robots' observations in one call and
answer with one plan per robot, in that same call.

- Divide the work. Two robots sent to the same object waste one of them: the
  loser burns the whole trip and its grasp fails with OBJECT_CLAIMED.
- Your robots start their plans together and you are not asked again until
  every one of them has finished. A robot that finishes early holds position
  and does nothing useful, so plans of wildly different lengths waste the
  short ones.
- Other teams are driven by their own controllers, not by you. You coordinate
  with them only through the messages quoted in this prompt.
- At the end of the prompt are each robot's last few plans, with their
  actions and how each ended, and the messages this team has sent and
  received. A plan that failed for a reason that still holds will fail the
  same way again, and a question you already asked has its answer in the
  record.

PLAN RESPONSE:
- Return a structured plan for EVERY robot listed above, one each, tagged with
  that robot's agent_id.
- Give each robot one task and at most 6 actions; 3-6 short
  executable actions are usually enough.
- Use exact item_id values from that robot's own section of the prompt.
- Say in the team-level `reasoning` how you divided the work between them.

## 2. ENVIRONMENT RULES
Your robots act through high-level primitives, not joint commands. Each one
takes many simulation steps: driving across a room costs 30 ticks per metre, so
distance is the main cost you control. None of them can see -- each is given a
symbolic description of the room it is standing in, and only that room, and
those descriptions are listed below one robot at a time.

Rules that decide whether an action succeeds:
- To grasp, place, open or toggle an object a robot must be closer to it than
  that object's own distance threshold; beyond it the action fails with TOO_FAR.
  Each object in a robot's room listing carries what that robot can do to it
  after "->", and a distance in metres ONLY when it is out of range -- no
  distance means that robot is already close enough to act on it now.
- An out-of-range object is marked "unreachable" and offers navigate_to and
  NOTHING else. No robot can grasp, place, open or toggle an unreachable
  object, however close it looks in the room listing: it must navigate_to it
  first.
- If a robot has nothing useful to do right now -- another robot is already
  handling the only target it could work on, or it is waiting on something to
  finish -- give it wait rather than acting anyway. wait holds its position for
  the number of ticks you give it, during which the others make progress.
- One object at a time per robot: grasp needs an empty gripper, place needs a
  full one.
- Objects are exclusive, including between your own robots. If anyone is
  holding something, a grasp for it fails with "held by <agent>". Sending two
  robots after one target costs the loser the whole trip for nothing.
- Some tasks are a route: THE TEAM'S TASK lists supports the cargo must rest on
  in order, marked done / NEXT. Only the NEXT support counts when the cargo is
  placed on it; a support reached out of order does not count and costs
  nothing -- progress resumes when NEXT holds. Progress is judged on where the
  cargo rests, not on what a robot intended.
- Every id in THE TEAM'S TASK is a valid navigate_to target for any robot from
  ANY room, even when it is not in that robot's listing: navigate_to(<that id>)
  drives it there, through the house, and its next listing shows that room.
  That is how a robot changes rooms. The cargo is where the task says it
  starts (or on the last support marked done) -- send a robot there; it will
  not be found where the robots stand.
- The line "Rooms in this house" names every room. navigate_to(<room name>)
  drives a robot to a free spot inside that room, so it can reach a room whose
  objects it cannot name yet, or go and look for something.
- Refer to objects only by the ids in that robot's own room listing, which are
  the objects in the room it is standing in. They look like apple.n.01_1. Never
  invent one, and never give one robot an id that appeared only under another
  robot -- it is in a room that robot cannot see.
- An entry marked "blocked" is in that room but currently unavailable -- the
  bracketed note says why.

When an action fails, that robot's plan is abandoned. You are told the failure
reason the next time you are asked -- read it before replanning: it tells you
whether that robot should wait, approach, or pick a different target.

## 3. ROBOT CAPABILITIES
Three kinds of robot. A robot's kind is on its own header ("(drone)") and on
its line in a teammate's listing ("[carrier, ...]", "[base locks while
holding]", "[drone]").

ARM -- a robot with a gripper: grasp, place_on_top, release, open/close,
toggle, load_onto, unload_from, navigate_to, wait.
- Some arms' bases LOCK while the gripper is loaded, and navigate_to then fails
  with BASE_LOCKED; such a robot cannot deliver what it picks up. Have it load
  the object onto a carrier robot with load_onto, let the carrier drive, and
  have an arm take it back at the far end with unload_from. Both actions name
  the *carrier* as their target and need the two robots within reach of each
  other. This is a division of labour, not a detour: it is why a task can need
  more than one of your robots.
- ONLY a robot marked [base locks while holding] needs a carrier. Any other
  robot that can grasp -- a drone, an unmarked arm -- carries what it holds by
  itself: grasp, navigate_to the support, place_on_top, done. A drone that can
  lift the cargo needs nobody: routing its cargo through a carrier and back is
  a detour that costs two extra actions and a round of waiting for nothing.
  Use the carrier for the base-locked robot's legs, and only for those.

CARRIER -- a robot with no arm: cargo rides on its back.
- A carrier and what it is carrying are ONE line in that robot's room listing:

    - agent_1  (teammate)  [carrier, carrying box.n.01_1]  -> unload_from

  The cargo has no line of its own and cannot be grasped where it sits.
  unload_from(agent_1) takes it off that carrier's back and into the acting
  robot's hand; load_onto(agent_1) puts what that robot holds onto it. Both
  name the carrier, both need the two robots within reach of each other, and
  unload_from is the only way to get cargo back.
- **A carrier has no arm**, so give it navigate_to and wait and nothing else:
  no grasp, no place, no release, no load_onto or unload_from -- those are done
  *to* it by a robot that does have a hand. Its own section lists its load on
  an "On your back:" line, and it cannot put that down itself. Its job is to
  drive to where an arm is waiting, which is the whole reason a task needs two
  of them.

DRONE -- flies, holds its load under a suction mount, and its base never locks:
it carries what it grasps by itself.
- What a drone may lift is limited. The drone cannot lift the notebook. A
  robot tagged [drone] can grasp and carry the die (die.n.01_1) but NOT the
  notebook (notebook.n.01_1): grasp or unload_from on it fails with
  CANNOT_LIFT, and getting closer does not change that. Only a robot with an
  arm can lift the notebook, so give that leg to an arm; this division of
  labour is what the task is built around.

THIS TEAM'S ROBOTS:
  - ridgeback_3: ARM, base LOCKS while holding (needs a carrier to move cargo)
  - jackal_3: CARRIER (no arm; navigate_to and wait only)
  - drone_3: DRONE (flies, carries what it holds; see the lift table)

WHO MAY LIFT WHAT (this activity):
  - die.n.01: arm, drone

## 4. COOPERATION MODE: INDIVIDUAL
Every team plans for itself. No team sends or receives messages; you learn
what the other teams are doing only from what your robots see (a teammate of
another team in the listing, an object held by one of its robots). Do not
wait for others to speak. When another team already holds the cargo, give
your robots something else or wait.
---------------------------------- PROMPT / USER ----------------------------------
=== STEP 606 ===

## 6. OBSERVATIONS -- TEAM team_3 (3 robots)

THE TEAM'S TASK (the same for every robot), in the ids it is written in:
  Move die.n.01_1, in this order, onto: the cabinet in the child's room, the bookcase in the kitchen, the refrigerator in the kitchen, the armchair in the dining room, the breakfast table in the dining room, the coffee table in the living room, the cabinet in the living room, the cabinet in the bedroom, the bed in the bedroom, the bed in the child's room.
Route S1-M5, carry die.n.01_1 through these in order:
  done  C1  ontop(die.n.01_1, cabinet.n.01_1)
  done  C2  ontop(die.n.01_1, bookcase.n.01_1)
  NEXT  C3  ontop(die.n.01_1, electric_refrigerator.n.01_1)
        C4  ontop(die.n.01_1, armchair.n.01_1)
        C5  ontop(die.n.01_1, breakfast_table.n.01_1)
        C6  ontop(die.n.01_1, coffee_table.n.01_1)
        C7  ontop(die.n.01_1, cabinet.n.01_2)
        C8  ontop(die.n.01_1, cabinet.n.01_3)
        C9  ontop(die.n.01_1, bed.n.01_2)
        D   ontop(die.n.01_1, bed.n.01_1)
A support reached out of order does not count, and nothing is lost by it: progress resumes when the NEXT one holds.

=== ROBOT ridgeback_3 ===
Step 606/8000 | you are ridgeback_3 in living_room_0 (a living room)
Rooms in this house (navigate_to any of them): bathroom_0, bedroom_0, childs_room_0, closet_0, closet_1, corridor_0, dining_room_0, empty_room_0, empty_room_1, kitchen_0, living_room_0, staircase_0
Holding: nothing

living_room_0:
  - cabinet.n.01_2  Open  -> unreachable, navigate_to  [2.8 m away]
  - coffee_table.n.01_1  -> unreachable, navigate_to  [2.0 m away]
  - jackal_1  (teammate)  [carrier, empty]  -> navigate_to
  - jackal_2  (teammate)  [carrier, empty]  -> navigate_to
  - jackal_3  (teammate)  [carrier, empty]  -> unreachable, navigate_to  [2.1 m away]
  - ridgeback_1  (teammate)  [base locks while holding]
  - ridgeback_2  (teammate)  [base locks while holding]

=== ROBOT jackal_3 ===
Step 606/8000 | you are jackal_3 in living_room_0 (a living room)
Rooms in this house (navigate_to any of them): bathroom_0, bedroom_0, childs_room_0, closet_0, closet_1, corridor_0, dining_room_0, empty_room_0, empty_room_1, kitchen_0, living_room_0, staircase_0
Holding: nothing

living_room_0:
  - cabinet.n.01_2  Open  -> unreachable, navigate_to  [2.6 m away]
  - coffee_table.n.01_1  -> navigate_to
  - jackal_1  (teammate)  [carrier, empty]
  - jackal_2  (teammate)  [carrier, empty]
  - ridgeback_1  (teammate)  [base locks while holding]
  - ridgeback_2  (teammate)  [base locks while holding]
  - ridgeback_3  (teammate)  [base locks while holding]

=== ROBOT drone_3 ===
Step 606/8000 | you are drone_3 (drone) in childs_room_0 (a childs room)
Rooms in this house (navigate_to any of them): bathroom_0, bedroom_0, childs_room_0, closet_0, closet_1, corridor_0, dining_room_0, empty_room_0, empty_room_1, kitchen_0, living_room_0, staircase_0
Holding: nothing

childs_room_0:
  - bed.n.01_1  -> unreachable, navigate_to  [2.8 m away]
  - cabinet.n.01_1  Open  -> close, grasp, navigate_to  [Open is True]
  - drone_2  (teammate)  [drone]
  - floor.n.01_1  -> navigate_to

Relations:
  ontop(bed.n.01_1, floor.n.01_1)
  ontop(cabinet.n.01_1, floor.n.01_1)

## 9. ACTION HISTORY AND FAILURES
--- ridgeback_3 ---
Its current plan: wait_for_team(team_3) [interrupted]
YOUR FINISHED PLANS (most recent last):
  #2 [DONE] ontop(die.n.01_1, cabinet.n.01_1)
      plan: wait(100) -> wait(100) -> wait(100) -> wait(100) -> wait(100) -> wait(100)
      you chose it because: The drone can lift and carry the die without a carrier, so I stay idle while it performs the first route leg.

--- jackal_3 ---
Its current plan: ontop(die.n.01_1, cabinet.n.01_1) [success]
YOUR FINISHED PLANS (most recent last):
  #2 [DONE] ontop(die.n.01_1, cabinet.n.01_1)
      plan: wait(100) -> wait(100) -> wait(100) -> wait(100) -> wait(100) -> wait(100)
      you chose it because: No carrier is needed because drone_3 can carry the die itself; I wait rather than duplicate its target.

--- drone_3 ---
Its current plan: wait_for_team(team_3) [interrupted]
YOUR FINISHED PLANS (most recent last):
  #1 [FAILED] ontop(die.n.01_1, cabinet.n.01_1)
      plan: navigate_to(die.n.01_1) -> grasp(die.n.01_1) -> navigate_to(cabinet.n.01_1) -> place_on_top(cabinet.n.01_1)
      you chose it because: I assign drone_3 the die because it is explicitly allowed to lift it and its base does not lock while carrying. It moves to the die, grasps it, and completes the first required support, while the arm and carrier wait.
      it failed because: grasp: An error occurred during each attempt of this action. Attempt 0: PRE_CONDITION_ERROR: dice_154 is currently held by drone_2, so you cannot grasp it. Pick a different target, or ask them to r...

Return exactly 3 plans, one per robot, using each robot's own ids. Say in `reasoning` how you divided the work.
-------------------------------------- COMPLETION --------------------------------------
  plans:
    [1]
      agent_id: ridgeback_3
      task:
        task: Task.ONTOP
        object_type: die.n.01_1
        object_id: 1
        reference: electric_refrigerator.n.01_1
      actions:
        [1]
          action_type: wait
          ticks: 100
        [2]
          action_type: wait
          ticks: 100
        [3]
          action_type: wait
          ticks: 100
        [4]
          action_type: wait
          ticks: 100
        [5]
          action_type: wait
          ticks: 100
        [6]
          action_type: wait
          ticks: 100
      reasoning: The die is currently held by drone_2 from another team, so I avoid a futile grasp or carrier operation and wait for the next route leg to progress.
    [2]
      agent_id: jackal_3
      task:
        task: Task.ONTOP
        object_type: die.n.01_1
        object_id: 1
        reference: electric_refrigerator.n.01_1
      actions:
        [1]
          action_type: wait
          ticks: 100
        [2]
          action_type: wait
          ticks: 100
        [3]
          action_type: wait
          ticks: 100
        [4]
          action_type: wait
          ticks: 100
        [5]
          action_type: wait
          ticks: 100
        [6]
          action_type: wait
          ticks: 100
      reasoning: The die is already held by drone_2, and no carrier assistance is needed for that drone. I wait rather than duplicate the target.
    [3]
      agent_id: drone_3
      task:
        task: Task.ONTOP
        object_type: die.n.01_1
        object_id: 1
        reference: electric_refrigerator.n.01_1
      actions:
        [1]
          action_type: wait
          ticks: 100
        [2]
          action_type: wait
          ticks: 100
        [3]
          action_type: wait
          ticks: 100
        [4]
          action_type: wait
          ticks: 100
        [5]
          action_type: wait
          ticks: 100
        [6]
          action_type: wait
          ticks: 100
      reasoning: A previous grasp confirmed drone_2 holds the die, so attempting to take it would fail. I remain idle while that robot advances the route toward the next support.
  reasoning: The die is held by another team's drone_2, and the first two route supports are done. All three team_3 robots wait in synchronized plans to avoid wasting trips or conflicting grasps while drone_2 advances to the refrigerator.
====================================================================================================
#7  ridgeback_1  env_step 846  t=124.528s  Team Plan Generation [team_1]
  usage: 6359 tokens (prompt 5707, completion 652)
---------------------------------- PROMPT / SYSTEM ----------------------------------
## 1. YOUR ROLE
You command TEAM 'team_1' -- 3 robots (ridgeback_1, jackal_1, drone_1) -- in a multi-agent
cooperative household task, alongside other teams doing the same. You are the
TEAM CONTROLLER: you are given all 3 robots' observations in one call and
answer with one plan per robot, in that same call.

- Divide the work. Two robots sent to the same object waste one of them: the
  loser burns the whole trip and its grasp fails with OBJECT_CLAIMED.
- Your robots start their plans together and you are not asked again until
  every one of them has finished. A robot that finishes early holds position
  and does nothing useful, so plans of wildly different lengths waste the
  short ones.
- Other teams are driven by their own controllers, not by you. You coordinate
  with them only through the messages quoted in this prompt.
- At the end of the prompt are each robot's last few plans, with their
  actions and how each ended, and the messages this team has sent and
  received. A plan that failed for a reason that still holds will fail the
  same way again, and a question you already asked has its answer in the
  record.

PLAN RESPONSE:
- Return a structured plan for EVERY robot listed above, one each, tagged with
  that robot's agent_id.
- Give each robot one task and at most 6 actions; 3-6 short
  executable actions are usually enough.
- Use exact item_id values from that robot's own section of the prompt.
- Say in the team-level `reasoning` how you divided the work between them.

## 2. ENVIRONMENT RULES
Your robots act through high-level primitives, not joint commands. Each one
takes many simulation steps: driving across a room costs 30 ticks per metre, so
distance is the main cost you control. None of them can see -- each is given a
symbolic description of the room it is standing in, and only that room, and
those descriptions are listed below one robot at a time.

Rules that decide whether an action succeeds:
- To grasp, place, open or toggle an object a robot must be closer to it than
  that object's own distance threshold; beyond it the action fails with TOO_FAR.
  Each object in a robot's room listing carries what that robot can do to it
  after "->", and a distance in metres ONLY when it is out of range -- no
  distance means that robot is already close enough to act on it now.
- An out-of-range object is marked "unreachable" and offers navigate_to and
  NOTHING else. No robot can grasp, place, open or toggle an unreachable
  object, however close it looks in the room listing: it must navigate_to it
  first.
- If a robot has nothing useful to do right now -- another robot is already
  handling the only target it could work on, or it is waiting on something to
  finish -- give it wait rather than acting anyway. wait holds its position for
  the number of ticks you give it, during which the others make progress.
- One object at a time per robot: grasp needs an empty gripper, place needs a
  full one.
- Objects are exclusive, including between your own robots. If anyone is
  holding something, a grasp for it fails with "held by <agent>". Sending two
  robots after one target costs the loser the whole trip for nothing.
- Some tasks are a route: THE TEAM'S TASK lists supports the cargo must rest on
  in order, marked done / NEXT. Only the NEXT support counts when the cargo is
  placed on it; a support reached out of order does not count and costs
  nothing -- progress resumes when NEXT holds. Progress is judged on where the
  cargo rests, not on what a robot intended.
- Every id in THE TEAM'S TASK is a valid navigate_to target for any robot from
  ANY room, even when it is not in that robot's listing: navigate_to(<that id>)
  drives it there, through the house, and its next listing shows that room.
  That is how a robot changes rooms. The cargo is where the task says it
  starts (or on the last support marked done) -- send a robot there; it will
  not be found where the robots stand.
- The line "Rooms in this house" names every room. navigate_to(<room name>)
  drives a robot to a free spot inside that room, so it can reach a room whose
  objects it cannot name yet, or go and look for something.
- Refer to objects only by the ids in that robot's own room listing, which are
  the objects in the room it is standing in. They look like apple.n.01_1. Never
  invent one, and never give one robot an id that appeared only under another
  robot -- it is in a room that robot cannot see.
- An entry marked "blocked" is in that room but currently unavailable -- the
  bracketed note says why.

When an action fails, that robot's plan is abandoned. You are told the failure
reason the next time you are asked -- read it before replanning: it tells you
whether that robot should wait, approach, or pick a different target.

## 3. ROBOT CAPABILITIES
Three kinds of robot. A robot's kind is on its own header ("(drone)") and on
its line in a teammate's listing ("[carrier, ...]", "[base locks while
holding]", "[drone]").

ARM -- a robot with a gripper: grasp, place_on_top, release, open/close,
toggle, load_onto, unload_from, navigate_to, wait.
- Some arms' bases LOCK while the gripper is loaded, and navigate_to then fails
  with BASE_LOCKED; such a robot cannot deliver what it picks up. Have it load
  the object onto a carrier robot with load_onto, let the carrier drive, and
  have an arm take it back at the far end with unload_from. Both actions name
  the *carrier* as their target and need the two robots within reach of each
  other. This is a division of labour, not a detour: it is why a task can need
  more than one of your robots.
- ONLY a robot marked [base locks while holding] needs a carrier. Any other
  robot that can grasp -- a drone, an unmarked arm -- carries what it holds by
  itself: grasp, navigate_to the support, place_on_top, done. A drone that can
  lift the cargo needs nobody: routing its cargo through a carrier and back is
  a detour that costs two extra actions and a round of waiting for nothing.
  Use the carrier for the base-locked robot's legs, and only for those.

CARRIER -- a robot with no arm: cargo rides on its back.
- A carrier and what it is carrying are ONE line in that robot's room listing:

    - agent_1  (teammate)  [carrier, carrying box.n.01_1]  -> unload_from

  The cargo has no line of its own and cannot be grasped where it sits.
  unload_from(agent_1) takes it off that carrier's back and into the acting
  robot's hand; load_onto(agent_1) puts what that robot holds onto it. Both
  name the carrier, both need the two robots within reach of each other, and
  unload_from is the only way to get cargo back.
- **A carrier has no arm**, so give it navigate_to and wait and nothing else:
  no grasp, no place, no release, no load_onto or unload_from -- those are done
  *to* it by a robot that does have a hand. Its own section lists its load on
  an "On your back:" line, and it cannot put that down itself. Its job is to
  drive to where an arm is waiting, which is the whole reason a task needs two
  of them.

DRONE -- flies, holds its load under a suction mount, and its base never locks:
it carries what it grasps by itself.
- What a drone may lift is limited. The drone cannot lift the notebook. A
  robot tagged [drone] can grasp and carry the die (die.n.01_1) but NOT the
  notebook (notebook.n.01_1): grasp or unload_from on it fails with
  CANNOT_LIFT, and getting closer does not change that. Only a robot with an
  arm can lift the notebook, so give that leg to an arm; this division of
  labour is what the task is built around.

THIS TEAM'S ROBOTS:
  - ridgeback_1: ARM, base LOCKS while holding (needs a carrier to move cargo)
  - jackal_1: CARRIER (no arm; navigate_to and wait only)
  - drone_1: DRONE (flies, carries what it holds; see the lift table)

WHO MAY LIFT WHAT (this activity):
  - die.n.01: arm, drone

## 4. COOPERATION MODE: INDIVIDUAL
Every team plans for itself. No team sends or receives messages; you learn
what the other teams are doing only from what your robots see (a teammate of
another team in the listing, an object held by one of its robots). Do not
wait for others to speak. When another team already holds the cargo, give
your robots something else or wait.
---------------------------------- PROMPT / USER ----------------------------------
=== STEP 846 ===

## 6. OBSERVATIONS -- TEAM team_1 (3 robots)

THE TEAM'S TASK (the same for every robot), in the ids it is written in:
  Move die.n.01_1, in this order, onto: the cabinet in the child's room, the bookcase in the kitchen, the refrigerator in the kitchen, the armchair in the dining room, the breakfast table in the dining room, the coffee table in the living room, the cabinet in the living room, the cabinet in the bedroom, the bed in the bedroom, the bed in the child's room.
Route S1-M5, carry die.n.01_1 through these in order:
  done  C1  ontop(die.n.01_1, cabinet.n.01_1)
  done  C2  ontop(die.n.01_1, bookcase.n.01_1)
  done  C3  ontop(die.n.01_1, electric_refrigerator.n.01_1)
  NEXT  C4  ontop(die.n.01_1, armchair.n.01_1)
        C5  ontop(die.n.01_1, breakfast_table.n.01_1)
        C6  ontop(die.n.01_1, coffee_table.n.01_1)
        C7  ontop(die.n.01_1, cabinet.n.01_2)
        C8  ontop(die.n.01_1, cabinet.n.01_3)
        C9  ontop(die.n.01_1, bed.n.01_2)
        D   ontop(die.n.01_1, bed.n.01_1)
A support reached out of order does not count, and nothing is lost by it: progress resumes when the NEXT one holds.

=== ROBOT ridgeback_1 ===
Step 846/8000 | you are ridgeback_1 in living_room_0 (a living room)
Rooms in this house (navigate_to any of them): bathroom_0, bedroom_0, childs_room_0, closet_0, closet_1, corridor_0, dining_room_0, empty_room_0, empty_room_1, kitchen_0, living_room_0, staircase_0
Holding: nothing

living_room_0:
  - cabinet.n.01_2  Open  -> unreachable, navigate_to  [2.6 m away]
  - coffee_table.n.01_1  -> grasp, navigate_to
  - jackal_1  (teammate)  [carrier, empty]  -> navigate_to
  - jackal_2  (teammate)  [carrier, empty]  -> navigate_to
  - jackal_3  (teammate)  [carrier, empty]  -> navigate_to
  - ridgeback_2  (teammate)  [base locks while holding]
  - ridgeback_3  (teammate)  [base locks while holding]

=== ROBOT jackal_1 ===
Step 846/8000 | you are jackal_1 in living_room_0 (a living room)
Rooms in this house (navigate_to any of them): bathroom_0, bedroom_0, childs_room_0, closet_0, closet_1, corridor_0, dining_room_0, empty_room_0, empty_room_1, kitchen_0, living_room_0, staircase_0
Holding: nothing

living_room_0:
  - cabinet.n.01_2  Open  -> unreachable, navigate_to  [3.2 m away]
  - coffee_table.n.01_1  -> navigate_to
  - jackal_2  (teammate)  [carrier, empty]
  - jackal_3  (teammate)  [carrier, empty]
  - ridgeback_1  (teammate)  [base locks while holding]
  - ridgeback_2  (teammate)  [base locks while holding]
  - ridgeback_3  (teammate)  [base locks while holding]

=== ROBOT drone_1 ===
Step 846/8000 | you are drone_1 (drone) in kitchen_0 (a kitchen)
Rooms in this house (navigate_to any of them): bathroom_0, bedroom_0, childs_room_0, closet_0, closet_1, corridor_0, dining_room_0, empty_room_0, empty_room_1, kitchen_0, living_room_0, staircase_0
Holding: nothing

kitchen_0:
  - bookcase.n.01_1  -> navigate_to
  - die.n.01_1  -> grasp, navigate_to
  - drone_2  (teammate)  [drone]
  - electric_refrigerator.n.01_1  Open  -> unreachable, navigate_to  [1.7 m away]

Relations:
  ontop(die.n.01_1, electric_refrigerator.n.01_1)

## 9. ACTION HISTORY AND FAILURES
--- ridgeback_1 ---
Its current plan: wait_for_team(team_1) [interrupted]
YOUR FINISHED PLANS (most recent last):
  #2 [DONE] ontop(die.n.01_1, cabinet.n.01_1)
      plan: wait(140)
      you chose it because: The drone can lift and carry the die without a carrier; I hold position while it completes the first route leg.
  #4 [DONE] ontop(die.n.01_1, bookcase.n.01_1)
      plan: wait(600)
      you chose it because: The drone handles the die directly; I remain idle while it transports the die to the next support.

--- jackal_1 ---
Its current plan: ontop(die.n.01_1, bookcase.n.01_1) [success]
YOUR FINISHED PLANS (most recent last):
  #2 [DONE] ontop(die.n.01_1, cabinet.n.01_1)
      plan: wait(140)
      you chose it because: I am a carrier but the drone does not need transport assistance, so I wait rather than duplicating the die task.
  #4 [DONE] ontop(die.n.01_1, bookcase.n.01_1)
      plan: wait(600)
      you chose it because: As a carrier, I am unnecessary because the drone can carry the die without a locked base; I wait for the next route leg to finish.

--- drone_1 ---
Its current plan: wait_for_team(team_1) [interrupted]
YOUR FINISHED PLANS (most recent last):
  #1 [DONE] ontop(die.n.01_1, cabinet.n.01_1)
      plan: navigate_to(die.n.01_1) -> grasp(die.n.01_1) -> navigate_to(cabinet.n.01_1) -> place_on_top(cabinet.n.01_1)
      you chose it because: I am the only robot able to lift the die directly and can carry it while flying, so I handle the first leg from the child's room to its cabinet.
  #2 [DONE] ontop(die.n.01_1, bookcase.n.01_1)
      plan: navigate_to(die.n.01_1) -> grasp(die.n.01_1) -> navigate_to(bookcase.n.01_1) -> place_on_top(bookcase.n.01_1)
      you chose it because: I alone can efficiently lift and carry the die, so I retrieve it from the cabinet and fly it to the kitchen bookcase, the NEXT support.

Return exactly 3 plans, one per robot, using each robot's own ids. Say in `reasoning` how you divided the work.
-------------------------------------- COMPLETION --------------------------------------
  plans:
    [1]
      agent_id: ridgeback_1
      task:
        task: Task.ONTOP
        object_type: die.n.01_1
        object_id: 1
        reference: electric_refrigerator.n.01_1
      actions:
        [1]
          action_type: wait
          ticks: 600
      reasoning: The drone can carry the die directly and does not need a carrier; I wait while it completes the refrigerator leg.
    [2]
      agent_id: jackal_1
      task:
        task: Task.ONTOP
        object_type: die.n.01_1
        object_id: 1
        reference: electric_refrigerator.n.01_1
      actions:
        [1]
          action_type: wait
          ticks: 600
      reasoning: As a carrier, I am unnecessary for the drone's unlocked flight; I wait without duplicating the die task.
    [3]
      agent_id: drone_1
      task:
        task: Task.ONTOP
        object_type: die.n.01_1
        object_id: 1
        reference: electric_refrigerator.n.01_1
      actions:
        [1]
          action_type: navigate_to
          target: bookcase.n.01_1
        [2]
          action_type: grasp
          target: die.n.01_1
        [3]
          action_type: navigate_to
          target: electric_refrigerator.n.01_1
        [4]
          action_type: open
          target: electric_refrigerator.n.01_1
        [5]
          action_type: place_on_top
          target: electric_refrigerator.n.01_1
      reasoning: I retrieve the die from the completed bookcase support and fly it to the NEXT support, the kitchen refrigerator, opening it if required before placement.
  reasoning: The drone handles the die because it can lift and carry it without base-lock restrictions. The arm and carrier remain waiting so they do not duplicate or interfere with the drone's route leg.
====================================================================================================
#8  ridgeback_2  env_step 1202  t=147.045s  Team Plan Generation [team_2]
  usage: 6244 tokens (prompt 5720, completion 524)
---------------------------------- PROMPT / SYSTEM ----------------------------------
## 1. YOUR ROLE
You command TEAM 'team_2' -- 3 robots (ridgeback_2, jackal_2, drone_2) -- in a multi-agent
cooperative household task, alongside other teams doing the same. You are the
TEAM CONTROLLER: you are given all 3 robots' observations in one call and
answer with one plan per robot, in that same call.

- Divide the work. Two robots sent to the same object waste one of them: the
  loser burns the whole trip and its grasp fails with OBJECT_CLAIMED.
- Your robots start their plans together and you are not asked again until
  every one of them has finished. A robot that finishes early holds position
  and does nothing useful, so plans of wildly different lengths waste the
  short ones.
- Other teams are driven by their own controllers, not by you. You coordinate
  with them only through the messages quoted in this prompt.
- At the end of the prompt are each robot's last few plans, with their
  actions and how each ended, and the messages this team has sent and
  received. A plan that failed for a reason that still holds will fail the
  same way again, and a question you already asked has its answer in the
  record.

PLAN RESPONSE:
- Return a structured plan for EVERY robot listed above, one each, tagged with
  that robot's agent_id.
- Give each robot one task and at most 6 actions; 3-6 short
  executable actions are usually enough.
- Use exact item_id values from that robot's own section of the prompt.
- Say in the team-level `reasoning` how you divided the work between them.

## 2. ENVIRONMENT RULES
Your robots act through high-level primitives, not joint commands. Each one
takes many simulation steps: driving across a room costs 30 ticks per metre, so
distance is the main cost you control. None of them can see -- each is given a
symbolic description of the room it is standing in, and only that room, and
those descriptions are listed below one robot at a time.

Rules that decide whether an action succeeds:
- To grasp, place, open or toggle an object a robot must be closer to it than
  that object's own distance threshold; beyond it the action fails with TOO_FAR.
  Each object in a robot's room listing carries what that robot can do to it
  after "->", and a distance in metres ONLY when it is out of range -- no
  distance means that robot is already close enough to act on it now.
- An out-of-range object is marked "unreachable" and offers navigate_to and
  NOTHING else. No robot can grasp, place, open or toggle an unreachable
  object, however close it looks in the room listing: it must navigate_to it
  first.
- If a robot has nothing useful to do right now -- another robot is already
  handling the only target it could work on, or it is waiting on something to
  finish -- give it wait rather than acting anyway. wait holds its position for
  the number of ticks you give it, during which the others make progress.
- One object at a time per robot: grasp needs an empty gripper, place needs a
  full one.
- Objects are exclusive, including between your own robots. If anyone is
  holding something, a grasp for it fails with "held by <agent>". Sending two
  robots after one target costs the loser the whole trip for nothing.
- Some tasks are a route: THE TEAM'S TASK lists supports the cargo must rest on
  in order, marked done / NEXT. Only the NEXT support counts when the cargo is
  placed on it; a support reached out of order does not count and costs
  nothing -- progress resumes when NEXT holds. Progress is judged on where the
  cargo rests, not on what a robot intended.
- Every id in THE TEAM'S TASK is a valid navigate_to target for any robot from
  ANY room, even when it is not in that robot's listing: navigate_to(<that id>)
  drives it there, through the house, and its next listing shows that room.
  That is how a robot changes rooms. The cargo is where the task says it
  starts (or on the last support marked done) -- send a robot there; it will
  not be found where the robots stand.
- The line "Rooms in this house" names every room. navigate_to(<room name>)
  drives a robot to a free spot inside that room, so it can reach a room whose
  objects it cannot name yet, or go and look for something.
- Refer to objects only by the ids in that robot's own room listing, which are
  the objects in the room it is standing in. They look like apple.n.01_1. Never
  invent one, and never give one robot an id that appeared only under another
  robot -- it is in a room that robot cannot see.
- An entry marked "blocked" is in that room but currently unavailable -- the
  bracketed note says why.

When an action fails, that robot's plan is abandoned. You are told the failure
reason the next time you are asked -- read it before replanning: it tells you
whether that robot should wait, approach, or pick a different target.

## 3. ROBOT CAPABILITIES
Three kinds of robot. A robot's kind is on its own header ("(drone)") and on
its line in a teammate's listing ("[carrier, ...]", "[base locks while
holding]", "[drone]").

ARM -- a robot with a gripper: grasp, place_on_top, release, open/close,
toggle, load_onto, unload_from, navigate_to, wait.
- Some arms' bases LOCK while the gripper is loaded, and navigate_to then fails
  with BASE_LOCKED; such a robot cannot deliver what it picks up. Have it load
  the object onto a carrier robot with load_onto, let the carrier drive, and
  have an arm take it back at the far end with unload_from. Both actions name
  the *carrier* as their target and need the two robots within reach of each
  other. This is a division of labour, not a detour: it is why a task can need
  more than one of your robots.
- ONLY a robot marked [base locks while holding] needs a carrier. Any other
  robot that can grasp -- a drone, an unmarked arm -- carries what it holds by
  itself: grasp, navigate_to the support, place_on_top, done. A drone that can
  lift the cargo needs nobody: routing its cargo through a carrier and back is
  a detour that costs two extra actions and a round of waiting for nothing.
  Use the carrier for the base-locked robot's legs, and only for those.

CARRIER -- a robot with no arm: cargo rides on its back.
- A carrier and what it is carrying are ONE line in that robot's room listing:

    - agent_1  (teammate)  [carrier, carrying box.n.01_1]  -> unload_from

  The cargo has no line of its own and cannot be grasped where it sits.
  unload_from(agent_1) takes it off that carrier's back and into the acting
  robot's hand; load_onto(agent_1) puts what that robot holds onto it. Both
  name the carrier, both need the two robots within reach of each other, and
  unload_from is the only way to get cargo back.
- **A carrier has no arm**, so give it navigate_to and wait and nothing else:
  no grasp, no place, no release, no load_onto or unload_from -- those are done
  *to* it by a robot that does have a hand. Its own section lists its load on
  an "On your back:" line, and it cannot put that down itself. Its job is to
  drive to where an arm is waiting, which is the whole reason a task needs two
  of them.

DRONE -- flies, holds its load under a suction mount, and its base never locks:
it carries what it grasps by itself.
- What a drone may lift is limited. The drone cannot lift the notebook. A
  robot tagged [drone] can grasp and carry the die (die.n.01_1) but NOT the
  notebook (notebook.n.01_1): grasp or unload_from on it fails with
  CANNOT_LIFT, and getting closer does not change that. Only a robot with an
  arm can lift the notebook, so give that leg to an arm; this division of
  labour is what the task is built around.

THIS TEAM'S ROBOTS:
  - ridgeback_2: ARM, base LOCKS while holding (needs a carrier to move cargo)
  - jackal_2: CARRIER (no arm; navigate_to and wait only)
  - drone_2: DRONE (flies, carries what it holds; see the lift table)

WHO MAY LIFT WHAT (this activity):
  - die.n.01: arm, drone

## 4. COOPERATION MODE: INDIVIDUAL
Every team plans for itself. No team sends or receives messages; you learn
what the other teams are doing only from what your robots see (a teammate of
another team in the listing, an object held by one of its robots). Do not
wait for others to speak. When another team already holds the cargo, give
your robots something else or wait.
---------------------------------- PROMPT / USER ----------------------------------
=== STEP 1202 ===

## 6. OBSERVATIONS -- TEAM team_2 (3 robots)

THE TEAM'S TASK (the same for every robot), in the ids it is written in:
  Move die.n.01_1, in this order, onto: the cabinet in the child's room, the bookcase in the kitchen, the refrigerator in the kitchen, the armchair in the dining room, the breakfast table in the dining room, the coffee table in the living room, the cabinet in the living room, the cabinet in the bedroom, the bed in the bedroom, the bed in the child's room.
Route S1-M5, carry die.n.01_1 through these in order:
  done  C1  ontop(die.n.01_1, cabinet.n.01_1)
  done  C2  ontop(die.n.01_1, bookcase.n.01_1)
  done  C3  ontop(die.n.01_1, electric_refrigerator.n.01_1)
  NEXT  C4  ontop(die.n.01_1, armchair.n.01_1)
        C5  ontop(die.n.01_1, breakfast_table.n.01_1)
        C6  ontop(die.n.01_1, coffee_table.n.01_1)
        C7  ontop(die.n.01_1, cabinet.n.01_2)
        C8  ontop(die.n.01_1, cabinet.n.01_3)
        C9  ontop(die.n.01_1, bed.n.01_2)
        D   ontop(die.n.01_1, bed.n.01_1)
A support reached out of order does not count, and nothing is lost by it: progress resumes when the NEXT one holds.

=== ROBOT ridgeback_2 ===
Step 1202/8000 | you are ridgeback_2 in living_room_0 (a living room)
Rooms in this house (navigate_to any of them): bathroom_0, bedroom_0, childs_room_0, closet_0, closet_1, corridor_0, dining_room_0, empty_room_0, empty_room_1, kitchen_0, living_room_0, staircase_0
Holding: nothing

living_room_0:
  - cabinet.n.01_2  Open  -> unreachable, navigate_to  [2.1 m away]
  - coffee_table.n.01_1  -> grasp, navigate_to
  - jackal_1  (teammate)  [carrier, empty]  -> navigate_to
  - jackal_2  (teammate)  [carrier, empty]  -> navigate_to
  - jackal_3  (teammate)  [carrier, empty]  -> navigate_to
  - ridgeback_1  (teammate)  [base locks while holding]
  - ridgeback_3  (teammate)  [base locks while holding]

=== ROBOT jackal_2 ===
Step 1202/8000 | you are jackal_2 in living_room_0 (a living room)
Rooms in this house (navigate_to any of them): bathroom_0, bedroom_0, childs_room_0, closet_0, closet_1, corridor_0, dining_room_0, empty_room_0, empty_room_1, kitchen_0, living_room_0, staircase_0
Holding: nothing

living_room_0:
  - cabinet.n.01_2  Open  -> unreachable, navigate_to  [2.1 m away]
  - coffee_table.n.01_1  -> unreachable, navigate_to  [1.9 m away]
  - jackal_1  (teammate)  [carrier, empty]
  - jackal_3  (teammate)  [carrier, empty]
  - ridgeback_1  (teammate)  [base locks while holding]
  - ridgeback_2  (teammate)  [base locks while holding]
  - ridgeback_3  (teammate)  [base locks while holding]

=== ROBOT drone_2 ===
Step 1202/8000 | you are drone_2 (drone) in kitchen_0 (a kitchen)
Rooms in this house (navigate_to any of them): bathroom_0, bedroom_0, childs_room_0, closet_0, closet_1, corridor_0, dining_room_0, empty_room_0, empty_room_1, kitchen_0, living_room_0, staircase_0
Holding: nothing

kitchen_0:
  - bookcase.n.01_1  -> navigate_to
  - die.n.01_1  held by drone_1  -> unreachable, navigate_to  [1.4 m away]
  - drone_1  (teammate)  [drone]
  - electric_refrigerator.n.01_1  Open  -> close, navigate_to  [Open is True]

## 9. ACTION HISTORY AND FAILURES
--- ridgeback_2 ---
Its current plan: wait_for_team(team_2) [interrupted]
YOUR FINISHED PLANS (most recent last):
  #2 [DONE] ontop(die.n.01_1, cabinet.n.01_1)
      plan: wait(600)
      you chose it because: The drone can carry the die without a locked-base carrier, so I wait while it performs the first route leg.
  #4 [DONE] ontop(die.n.01_1, electric_refrigerator.n.01_1)
      plan: wait(600)
      you chose it because: The drone can carry the die without a locked-base carrier, so I wait while it completes the refrigerator leg.

--- jackal_2 ---
Its current plan: ontop(die.n.01_1, electric_refrigerator.n.01_1) [success]
YOUR FINISHED PLANS (most recent last):
  #2 [DONE] ontop(die.n.01_1, cabinet.n.01_1)
      plan: wait(600)
      you chose it because: As a carrier I am unnecessary for the drone's movable die; I wait rather than duplicating its route.
  #3 [DONE] ontop(die.n.01_1, electric_refrigerator.n.01_1)
      plan: wait(600)
      you chose it because: As a carrier, I am unnecessary for the drone's movable die; I wait rather than duplicate the route.

--- drone_2 ---
Its current plan: wait_for_team(team_2) [interrupted]
YOUR FINISHED PLANS (most recent last):
  #1 [DONE] ontop(die.n.01_1, cabinet.n.01_1)
      plan: navigate_to(die.n.01_1) -> grasp(die.n.01_1) -> navigate_to(cabinet.n.01_1) -> place_on_top(cabinet.n.01_1)
      you chose it because: The drone alone handles the die because it can lift and carry it without base locking. It collects the die, delivers it to the first required support in the child's room, and places it there.
  #3 [DONE] ontop(die.n.01_1, electric_refrigerator.n.01_1)
      plan: navigate_to(die.n.01_1) -> grasp(die.n.01_1) -> navigate_to(electric_refrigerator.n.01_1) -> place_on_top(electric_refrigerator.n.01_1)
      you chose it because: I alone handle the next route leg: retrieve the die from the completed child-room cabinet support and carry it to the refrigerator in the kitchen.

Return exactly 3 plans, one per robot, using each robot's own ids. Say in `reasoning` how you divided the work.
-------------------------------------- COMPLETION --------------------------------------
  plans:
    [1]
      agent_id: ridgeback_2
      task:
        task: Task.ONTOP
        object_type: die.n.01_1
        object_id: 1
        reference: armchair.n.01_1
      actions:
        [1]
          action_type: wait
          ticks: 600
      reasoning: The die is currently held by teammate drone_1, so I avoid competing for it and wait while the active route leg progresses.
    [2]
      agent_id: jackal_2
      task:
        task: Task.ONTOP
        object_type: die.n.01_1
        object_id: 1
        reference: armchair.n.01_1
      actions:
        [1]
          action_type: wait
          ticks: 600
      reasoning: As a carrier without an arm, I cannot independently advance the drone-carried die; I wait while drone_1 handles the current leg.
    [3]
      agent_id: drone_2
      task:
        task: Task.ONTOP
        object_type: die.n.01_1
        object_id: 1
        reference: armchair.n.01_1
      actions:
        [1]
          action_type: wait
          ticks: 600
      reasoning: The die is held by drone_1, indicating another team is already handling the next route movement. I wait rather than duplicate or fail an exclusive grasp.
  reasoning: All three robots stand down because teammate drone_1 currently holds the exclusive die. Ridgeback and jackal cannot improve the drone's route, and drone_2 must wait until the die is released before taking a future leg.
====================================================================================================
#9  ridgeback_3  env_step 1212  t=152.306s  Team Plan Generation [team_3]
  usage: 6396 tokens (prompt 5910, completion 486)
---------------------------------- PROMPT / SYSTEM ----------------------------------
## 1. YOUR ROLE
You command TEAM 'team_3' -- 3 robots (ridgeback_3, jackal_3, drone_3) -- in a multi-agent
cooperative household task, alongside other teams doing the same. You are the
TEAM CONTROLLER: you are given all 3 robots' observations in one call and
answer with one plan per robot, in that same call.

- Divide the work. Two robots sent to the same object waste one of them: the
  loser burns the whole trip and its grasp fails with OBJECT_CLAIMED.
- Your robots start their plans together and you are not asked again until
  every one of them has finished. A robot that finishes early holds position
  and does nothing useful, so plans of wildly different lengths waste the
  short ones.
- Other teams are driven by their own controllers, not by you. You coordinate
  with them only through the messages quoted in this prompt.
- At the end of the prompt are each robot's last few plans, with their
  actions and how each ended, and the messages this team has sent and
  received. A plan that failed for a reason that still holds will fail the
  same way again, and a question you already asked has its answer in the
  record.

PLAN RESPONSE:
- Return a structured plan for EVERY robot listed above, one each, tagged with
  that robot's agent_id.
- Give each robot one task and at most 6 actions; 3-6 short
  executable actions are usually enough.
- Use exact item_id values from that robot's own section of the prompt.
- Say in the team-level `reasoning` how you divided the work between them.

## 2. ENVIRONMENT RULES
Your robots act through high-level primitives, not joint commands. Each one
takes many simulation steps: driving across a room costs 30 ticks per metre, so
distance is the main cost you control. None of them can see -- each is given a
symbolic description of the room it is standing in, and only that room, and
those descriptions are listed below one robot at a time.

Rules that decide whether an action succeeds:
- To grasp, place, open or toggle an object a robot must be closer to it than
  that object's own distance threshold; beyond it the action fails with TOO_FAR.
  Each object in a robot's room listing carries what that robot can do to it
  after "->", and a distance in metres ONLY when it is out of range -- no
  distance means that robot is already close enough to act on it now.
- An out-of-range object is marked "unreachable" and offers navigate_to and
  NOTHING else. No robot can grasp, place, open or toggle an unreachable
  object, however close it looks in the room listing: it must navigate_to it
  first.
- If a robot has nothing useful to do right now -- another robot is already
  handling the only target it could work on, or it is waiting on something to
  finish -- give it wait rather than acting anyway. wait holds its position for
  the number of ticks you give it, during which the others make progress.
- One object at a time per robot: grasp needs an empty gripper, place needs a
  full one.
- Objects are exclusive, including between your own robots. If anyone is
  holding something, a grasp for it fails with "held by <agent>". Sending two
  robots after one target costs the loser the whole trip for nothing.
- Some tasks are a route: THE TEAM'S TASK lists supports the cargo must rest on
  in order, marked done / NEXT. Only the NEXT support counts when the cargo is
  placed on it; a support reached out of order does not count and costs
  nothing -- progress resumes when NEXT holds. Progress is judged on where the
  cargo rests, not on what a robot intended.
- Every id in THE TEAM'S TASK is a valid navigate_to target for any robot from
  ANY room, even when it is not in that robot's listing: navigate_to(<that id>)
  drives it there, through the house, and its next listing shows that room.
  That is how a robot changes rooms. The cargo is where the task says it
  starts (or on the last support marked done) -- send a robot there; it will
  not be found where the robots stand.
- The line "Rooms in this house" names every room. navigate_to(<room name>)
  drives a robot to a free spot inside that room, so it can reach a room whose
  objects it cannot name yet, or go and look for something.
- Refer to objects only by the ids in that robot's own room listing, which are
  the objects in the room it is standing in. They look like apple.n.01_1. Never
  invent one, and never give one robot an id that appeared only under another
  robot -- it is in a room that robot cannot see.
- An entry marked "blocked" is in that room but currently unavailable -- the
  bracketed note says why.

When an action fails, that robot's plan is abandoned. You are told the failure
reason the next time you are asked -- read it before replanning: it tells you
whether that robot should wait, approach, or pick a different target.

## 3. ROBOT CAPABILITIES
Three kinds of robot. A robot's kind is on its own header ("(drone)") and on
its line in a teammate's listing ("[carrier, ...]", "[base locks while
holding]", "[drone]").

ARM -- a robot with a gripper: grasp, place_on_top, release, open/close,
toggle, load_onto, unload_from, navigate_to, wait.
- Some arms' bases LOCK while the gripper is loaded, and navigate_to then fails
  with BASE_LOCKED; such a robot cannot deliver what it picks up. Have it load
  the object onto a carrier robot with load_onto, let the carrier drive, and
  have an arm take it back at the far end with unload_from. Both actions name
  the *carrier* as their target and need the two robots within reach of each
  other. This is a division of labour, not a detour: it is why a task can need
  more than one of your robots.
- ONLY a robot marked [base locks while holding] needs a carrier. Any other
  robot that can grasp -- a drone, an unmarked arm -- carries what it holds by
  itself: grasp, navigate_to the support, place_on_top, done. A drone that can
  lift the cargo needs nobody: routing its cargo through a carrier and back is
  a detour that costs two extra actions and a round of waiting for nothing.
  Use the carrier for the base-locked robot's legs, and only for those.

CARRIER -- a robot with no arm: cargo rides on its back.
- A carrier and what it is carrying are ONE line in that robot's room listing:

    - agent_1  (teammate)  [carrier, carrying box.n.01_1]  -> unload_from

  The cargo has no line of its own and cannot be grasped where it sits.
  unload_from(agent_1) takes it off that carrier's back and into the acting
  robot's hand; load_onto(agent_1) puts what that robot holds onto it. Both
  name the carrier, both need the two robots within reach of each other, and
  unload_from is the only way to get cargo back.
- **A carrier has no arm**, so give it navigate_to and wait and nothing else:
  no grasp, no place, no release, no load_onto or unload_from -- those are done
  *to* it by a robot that does have a hand. Its own section lists its load on
  an "On your back:" line, and it cannot put that down itself. Its job is to
  drive to where an arm is waiting, which is the whole reason a task needs two
  of them.

DRONE -- flies, holds its load under a suction mount, and its base never locks:
it carries what it grasps by itself.
- What a drone may lift is limited. The drone cannot lift the notebook. A
  robot tagged [drone] can grasp and carry the die (die.n.01_1) but NOT the
  notebook (notebook.n.01_1): grasp or unload_from on it fails with
  CANNOT_LIFT, and getting closer does not change that. Only a robot with an
  arm can lift the notebook, so give that leg to an arm; this division of
  labour is what the task is built around.

THIS TEAM'S ROBOTS:
  - ridgeback_3: ARM, base LOCKS while holding (needs a carrier to move cargo)
  - jackal_3: CARRIER (no arm; navigate_to and wait only)
  - drone_3: DRONE (flies, carries what it holds; see the lift table)

WHO MAY LIFT WHAT (this activity):
  - die.n.01: arm, drone

## 4. COOPERATION MODE: INDIVIDUAL
Every team plans for itself. No team sends or receives messages; you learn
what the other teams are doing only from what your robots see (a teammate of
another team in the listing, an object held by one of its robots). Do not
wait for others to speak. When another team already holds the cargo, give
your robots something else or wait.
---------------------------------- PROMPT / USER ----------------------------------
=== STEP 1212 ===

## 6. OBSERVATIONS -- TEAM team_3 (3 robots)

THE TEAM'S TASK (the same for every robot), in the ids it is written in:
  Move die.n.01_1, in this order, onto: the cabinet in the child's room, the bookcase in the kitchen, the refrigerator in the kitchen, the armchair in the dining room, the breakfast table in the dining room, the coffee table in the living room, the cabinet in the living room, the cabinet in the bedroom, the bed in the bedroom, the bed in the child's room.
Route S1-M5, carry die.n.01_1 through these in order:
  done  C1  ontop(die.n.01_1, cabinet.n.01_1)
  done  C2  ontop(die.n.01_1, bookcase.n.01_1)
  done  C3  ontop(die.n.01_1, electric_refrigerator.n.01_1)
  NEXT  C4  ontop(die.n.01_1, armchair.n.01_1)
        C5  ontop(die.n.01_1, breakfast_table.n.01_1)
        C6  ontop(die.n.01_1, coffee_table.n.01_1)
        C7  ontop(die.n.01_1, cabinet.n.01_2)
        C8  ontop(die.n.01_1, cabinet.n.01_3)
        C9  ontop(die.n.01_1, bed.n.01_2)
        D   ontop(die.n.01_1, bed.n.01_1)
A support reached out of order does not count, and nothing is lost by it: progress resumes when the NEXT one holds.

=== ROBOT ridgeback_3 ===
Step 1212/8000 | you are ridgeback_3 in living_room_0 (a living room)
Rooms in this house (navigate_to any of them): bathroom_0, bedroom_0, childs_room_0, closet_0, closet_1, corridor_0, dining_room_0, empty_room_0, empty_room_1, kitchen_0, living_room_0, staircase_0
Holding: nothing

living_room_0:
  - cabinet.n.01_2  Open  -> unreachable, navigate_to  [2.8 m away]
  - coffee_table.n.01_1  -> unreachable, navigate_to  [2.0 m away]
  - jackal_1  (teammate)  [carrier, empty]  -> navigate_to
  - jackal_2  (teammate)  [carrier, empty]  -> navigate_to
  - jackal_3  (teammate)  [carrier, empty]  -> unreachable, navigate_to  [2.1 m away]
  - ridgeback_1  (teammate)  [base locks while holding]
  - ridgeback_2  (teammate)  [base locks while holding]

=== ROBOT jackal_3 ===
Step 1212/8000 | you are jackal_3 in living_room_0 (a living room)
Rooms in this house (navigate_to any of them): bathroom_0, bedroom_0, childs_room_0, closet_0, closet_1, corridor_0, dining_room_0, empty_room_0, empty_room_1, kitchen_0, living_room_0, staircase_0
Holding: nothing

living_room_0:
  - cabinet.n.01_2  Open  -> unreachable, navigate_to  [2.6 m away]
  - coffee_table.n.01_1  -> navigate_to
  - jackal_1  (teammate)  [carrier, empty]
  - jackal_2  (teammate)  [carrier, empty]
  - ridgeback_1  (teammate)  [base locks while holding]
  - ridgeback_2  (teammate)  [base locks while holding]
  - ridgeback_3  (teammate)  [base locks while holding]

=== ROBOT drone_3 ===
Step 1212/8000 | you are drone_3 (drone) in childs_room_0 (a childs room)
Rooms in this house (navigate_to any of them): bathroom_0, bedroom_0, childs_room_0, closet_0, closet_1, corridor_0, dining_room_0, empty_room_0, empty_room_1, kitchen_0, living_room_0, staircase_0
Holding: nothing

childs_room_0:
  - bed.n.01_1  -> unreachable, navigate_to  [2.8 m away]
  - cabinet.n.01_1  Open  -> close, grasp, navigate_to  [Open is True]
  - floor.n.01_1  -> navigate_to

Relations:
  ontop(bed.n.01_1, floor.n.01_1)
  ontop(cabinet.n.01_1, floor.n.01_1)

## 9. ACTION HISTORY AND FAILURES
--- ridgeback_3 ---
Its current plan: wait_for_team(team_3) [interrupted]
YOUR FINISHED PLANS (most recent last):
  #2 [DONE] ontop(die.n.01_1, cabinet.n.01_1)
      plan: wait(100) -> wait(100) -> wait(100) -> wait(100) -> wait(100) -> wait(100)
      you chose it because: The drone can lift and carry the die without a carrier, so I stay idle while it performs the first route leg.
  #4 [DONE] ontop(die.n.01_1, electric_refrigerator.n.01_1)
      plan: wait(100) -> wait(100) -> wait(100) -> wait(100) -> wait(100) -> wait(100)
      you chose it because: The die is currently held by drone_2 from another team, so I avoid a futile grasp or carrier operation and wait for the next route leg to progress.

--- jackal_3 ---
Its current plan: wait_for_team(team_3) [interrupted]
YOUR FINISHED PLANS (most recent last):
  #2 [DONE] ontop(die.n.01_1, cabinet.n.01_1)
      plan: wait(100) -> wait(100) -> wait(100) -> wait(100) -> wait(100) -> wait(100)
      you chose it because: No carrier is needed because drone_3 can carry the die itself; I wait rather than duplicate its target.
  #3 [DONE] ontop(die.n.01_1, electric_refrigerator.n.01_1)
      plan: wait(100) -> wait(100) -> wait(100) -> wait(100) -> wait(100) -> wait(100)
      you chose it because: The die is already held by drone_2, and no carrier assistance is needed for that drone. I wait rather than duplicate the target.

--- drone_3 ---
Its current plan: ontop(die.n.01_1, electric_refrigerator.n.01_1) [success]
YOUR FINISHED PLANS (most recent last):
  #1 [FAILED] ontop(die.n.01_1, cabinet.n.01_1)
      plan: navigate_to(die.n.01_1) -> grasp(die.n.01_1) -> navigate_to(cabinet.n.01_1) -> place_on_top(cabinet.n.01_1)
      you chose it because: I assign drone_3 the die because it is explicitly allowed to lift it and its base does not lock while carrying. It moves to the die, grasps it, and completes the first required support, while the arm and carrier wait.
      it failed because: grasp: An error occurred during each attempt of this action. Attempt 0: PRE_CONDITION_ERROR: dice_154 is currently held by drone_2, so you cannot grasp it. Pick a different target, or ask them to r...
  #3 [DONE] ontop(die.n.01_1, electric_refrigerator.n.01_1)
      plan: wait(100) -> wait(100) -> wait(100) -> wait(100) -> wait(100) -> wait(100)
      you chose it because: A previous grasp confirmed drone_2 holds the die, so attempting to take it would fail. I remain idle while that robot advances the route toward the next support.

Return exactly 3 plans, one per robot, using each robot's own ids. Say in `reasoning` how you divided the work.
-------------------------------------- COMPLETION --------------------------------------
  plans:
    [1]
      agent_id: ridgeback_3
      task:
        task: Task.ONTOP
        object_type: die.n.01_1
        object_id: 1
        reference: armchair.n.01_1
      actions:
        [1]
          action_type: wait
          ticks: 600
      reasoning: The die is currently being carried by drone_2 from another team, and this base-locked arm cannot help without possessing the die. Wait for the next route leg rather than duplicate the target.
    [2]
      agent_id: jackal_3
      task:
        task: Task.ONTOP
        object_type: die.n.01_1
        object_id: 1
        reference: armchair.n.01_1
      actions:
        [1]
          action_type: wait
          ticks: 600
      reasoning: As a carrier with no arm, jackal_3 cannot assist while drone_2 independently carries the die. Wait for route progress.
    [3]
      agent_id: drone_3
      task:
        task: Task.ONTOP
        object_type: die.n.01_1
        object_id: 1
        reference: armchair.n.01_1
      actions:
        [1]
          action_type: wait
          ticks: 600
      reasoning: The die is held by drone_2, so grasping would fail. This drone waits instead of contesting the exclusive cargo.
  reasoning: Drone_2 from another team currently owns the die and can carry it without a carrier, so all three team_3 robots wait. This avoids failed duplicate grasps and unnecessary carrier travel until the next route state is available.
====================================================================================================
#10  ridgeback_1  env_step 1447  t=167.274s  Team Plan Generation [team_1]
  usage: 6764 tokens (prompt 6027, completion 737)
---------------------------------- PROMPT / SYSTEM ----------------------------------
## 1. YOUR ROLE
You command TEAM 'team_1' -- 3 robots (ridgeback_1, jackal_1, drone_1) -- in a multi-agent
cooperative household task, alongside other teams doing the same. You are the
TEAM CONTROLLER: you are given all 3 robots' observations in one call and
answer with one plan per robot, in that same call.

- Divide the work. Two robots sent to the same object waste one of them: the
  loser burns the whole trip and its grasp fails with OBJECT_CLAIMED.
- Your robots start their plans together and you are not asked again until
  every one of them has finished. A robot that finishes early holds position
  and does nothing useful, so plans of wildly different lengths waste the
  short ones.
- Other teams are driven by their own controllers, not by you. You coordinate
  with them only through the messages quoted in this prompt.
- At the end of the prompt are each robot's last few plans, with their
  actions and how each ended, and the messages this team has sent and
  received. A plan that failed for a reason that still holds will fail the
  same way again, and a question you already asked has its answer in the
  record.

PLAN RESPONSE:
- Return a structured plan for EVERY robot listed above, one each, tagged with
  that robot's agent_id.
- Give each robot one task and at most 6 actions; 3-6 short
  executable actions are usually enough.
- Use exact item_id values from that robot's own section of the prompt.
- Say in the team-level `reasoning` how you divided the work between them.

## 2. ENVIRONMENT RULES
Your robots act through high-level primitives, not joint commands. Each one
takes many simulation steps: driving across a room costs 30 ticks per metre, so
distance is the main cost you control. None of them can see -- each is given a
symbolic description of the room it is standing in, and only that room, and
those descriptions are listed below one robot at a time.

Rules that decide whether an action succeeds:
- To grasp, place, open or toggle an object a robot must be closer to it than
  that object's own distance threshold; beyond it the action fails with TOO_FAR.
  Each object in a robot's room listing carries what that robot can do to it
  after "->", and a distance in metres ONLY when it is out of range -- no
  distance means that robot is already close enough to act on it now.
- An out-of-range object is marked "unreachable" and offers navigate_to and
  NOTHING else. No robot can grasp, place, open or toggle an unreachable
  object, however close it looks in the room listing: it must navigate_to it
  first.
- If a robot has nothing useful to do right now -- another robot is already
  handling the only target it could work on, or it is waiting on something to
  finish -- give it wait rather than acting anyway. wait holds its position for
  the number of ticks you give it, during which the others make progress.
- One object at a time per robot: grasp needs an empty gripper, place needs a
  full one.
- Objects are exclusive, including between your own robots. If anyone is
  holding something, a grasp for it fails with "held by <agent>". Sending two
  robots after one target costs the loser the whole trip for nothing.
- Some tasks are a route: THE TEAM'S TASK lists supports the cargo must rest on
  in order, marked done / NEXT. Only the NEXT support counts when the cargo is
  placed on it; a support reached out of order does not count and costs
  nothing -- progress resumes when NEXT holds. Progress is judged on where the
  cargo rests, not on what a robot intended.
- Every id in THE TEAM'S TASK is a valid navigate_to target for any robot from
  ANY room, even when it is not in that robot's listing: navigate_to(<that id>)
  drives it there, through the house, and its next listing shows that room.
  That is how a robot changes rooms. The cargo is where the task says it
  starts (or on the last support marked done) -- send a robot there; it will
  not be found where the robots stand.
- The line "Rooms in this house" names every room. navigate_to(<room name>)
  drives a robot to a free spot inside that room, so it can reach a room whose
  objects it cannot name yet, or go and look for something.
- Refer to objects only by the ids in that robot's own room listing, which are
  the objects in the room it is standing in. They look like apple.n.01_1. Never
  invent one, and never give one robot an id that appeared only under another
  robot -- it is in a room that robot cannot see.
- An entry marked "blocked" is in that room but currently unavailable -- the
  bracketed note says why.

When an action fails, that robot's plan is abandoned. You are told the failure
reason the next time you are asked -- read it before replanning: it tells you
whether that robot should wait, approach, or pick a different target.

## 3. ROBOT CAPABILITIES
Three kinds of robot. A robot's kind is on its own header ("(drone)") and on
its line in a teammate's listing ("[carrier, ...]", "[base locks while
holding]", "[drone]").

ARM -- a robot with a gripper: grasp, place_on_top, release, open/close,
toggle, load_onto, unload_from, navigate_to, wait.
- Some arms' bases LOCK while the gripper is loaded, and navigate_to then fails
  with BASE_LOCKED; such a robot cannot deliver what it picks up. Have it load
  the object onto a carrier robot with load_onto, let the carrier drive, and
  have an arm take it back at the far end with unload_from. Both actions name
  the *carrier* as their target and need the two robots within reach of each
  other. This is a division of labour, not a detour: it is why a task can need
  more than one of your robots.
- ONLY a robot marked [base locks while holding] needs a carrier. Any other
  robot that can grasp -- a drone, an unmarked arm -- carries what it holds by
  itself: grasp, navigate_to the support, place_on_top, done. A drone that can
  lift the cargo needs nobody: routing its cargo through a carrier and back is
  a detour that costs two extra actions and a round of waiting for nothing.
  Use the carrier for the base-locked robot's legs, and only for those.

CARRIER -- a robot with no arm: cargo rides on its back.
- A carrier and what it is carrying are ONE line in that robot's room listing:

    - agent_1  (teammate)  [carrier, carrying box.n.01_1]  -> unload_from

  The cargo has no line of its own and cannot be grasped where it sits.
  unload_from(agent_1) takes it off that carrier's back and into the acting
  robot's hand; load_onto(agent_1) puts what that robot holds onto it. Both
  name the carrier, both need the two robots within reach of each other, and
  unload_from is the only way to get cargo back.
- **A carrier has no arm**, so give it navigate_to and wait and nothing else:
  no grasp, no place, no release, no load_onto or unload_from -- those are done
  *to* it by a robot that does have a hand. Its own section lists its load on
  an "On your back:" line, and it cannot put that down itself. Its job is to
  drive to where an arm is waiting, which is the whole reason a task needs two
  of them.

DRONE -- flies, holds its load under a suction mount, and its base never locks:
it carries what it grasps by itself.
- What a drone may lift is limited. The drone cannot lift the notebook. A
  robot tagged [drone] can grasp and carry the die (die.n.01_1) but NOT the
  notebook (notebook.n.01_1): grasp or unload_from on it fails with
  CANNOT_LIFT, and getting closer does not change that. Only a robot with an
  arm can lift the notebook, so give that leg to an arm; this division of
  labour is what the task is built around.

THIS TEAM'S ROBOTS:
  - ridgeback_1: ARM, base LOCKS while holding (needs a carrier to move cargo)
  - jackal_1: CARRIER (no arm; navigate_to and wait only)
  - drone_1: DRONE (flies, carries what it holds; see the lift table)

WHO MAY LIFT WHAT (this activity):
  - die.n.01: arm, drone

## 4. COOPERATION MODE: INDIVIDUAL
Every team plans for itself. No team sends or receives messages; you learn
what the other teams are doing only from what your robots see (a teammate of
another team in the listing, an object held by one of its robots). Do not
wait for others to speak. When another team already holds the cargo, give
your robots something else or wait.
---------------------------------- PROMPT / USER ----------------------------------
=== STEP 1447 ===

## 6. OBSERVATIONS -- TEAM team_1 (3 robots)

THE TEAM'S TASK (the same for every robot), in the ids it is written in:
  Move die.n.01_1, in this order, onto: the cabinet in the child's room, the bookcase in the kitchen, the refrigerator in the kitchen, the armchair in the dining room, the breakfast table in the dining room, the coffee table in the living room, the cabinet in the living room, the cabinet in the bedroom, the bed in the bedroom, the bed in the child's room.
Route S1-M5, carry die.n.01_1 through these in order:
  done  C1  ontop(die.n.01_1, cabinet.n.01_1)
  done  C2  ontop(die.n.01_1, bookcase.n.01_1)
  done  C3  ontop(die.n.01_1, electric_refrigerator.n.01_1)
  NEXT  C4  ontop(die.n.01_1, armchair.n.01_1)
        C5  ontop(die.n.01_1, breakfast_table.n.01_1)
        C6  ontop(die.n.01_1, coffee_table.n.01_1)
        C7  ontop(die.n.01_1, cabinet.n.01_2)
        C8  ontop(die.n.01_1, cabinet.n.01_3)
        C9  ontop(die.n.01_1, bed.n.01_2)
        D   ontop(die.n.01_1, bed.n.01_1)
A support reached out of order does not count, and nothing is lost by it: progress resumes when the NEXT one holds.

=== ROBOT ridgeback_1 ===
Step 1447/8000 | you are ridgeback_1 in living_room_0 (a living room)
Rooms in this house (navigate_to any of them): bathroom_0, bedroom_0, childs_room_0, closet_0, closet_1, corridor_0, dining_room_0, empty_room_0, empty_room_1, kitchen_0, living_room_0, staircase_0
Holding: nothing

living_room_0:
  - cabinet.n.01_2  Open  -> unreachable, navigate_to  [2.6 m away]
  - coffee_table.n.01_1  -> grasp, navigate_to
  - jackal_1  (teammate)  [carrier, empty]  -> navigate_to
  - jackal_2  (teammate)  [carrier, empty]  -> navigate_to
  - jackal_3  (teammate)  [carrier, empty]  -> navigate_to
  - ridgeback_2  (teammate)  [base locks while holding]
  - ridgeback_3  (teammate)  [base locks while holding]

=== ROBOT jackal_1 ===
Step 1447/8000 | you are jackal_1 in living_room_0 (a living room)
Rooms in this house (navigate_to any of them): bathroom_0, bedroom_0, childs_room_0, closet_0, closet_1, corridor_0, dining_room_0, empty_room_0, empty_room_1, kitchen_0, living_room_0, staircase_0
Holding: nothing

living_room_0:
  - cabinet.n.01_2  Open  -> unreachable, navigate_to  [3.2 m away]
  - coffee_table.n.01_1  -> navigate_to
  - jackal_2  (teammate)  [carrier, empty]
  - jackal_3  (teammate)  [carrier, empty]
  - ridgeback_1  (teammate)  [base locks while holding]
  - ridgeback_2  (teammate)  [base locks while holding]
  - ridgeback_3  (teammate)  [base locks while holding]

=== ROBOT drone_1 ===
Step 1447/8000 | you are drone_1 (drone) in kitchen_0 (a kitchen)
Rooms in this house (navigate_to any of them): bathroom_0, bedroom_0, childs_room_0, closet_0, closet_1, corridor_0, dining_room_0, empty_room_0, empty_room_1, kitchen_0, living_room_0, staircase_0
Holding: die.n.01_1 (dice)

kitchen_0:
  - bookcase.n.01_1  -> unreachable, navigate_to  [2.9 m away]
  - die.n.01_1  held by drone_1  -> navigate_to, release  [drops what you hold]
  - drone_2  (teammate)  [drone]
  - electric_refrigerator.n.01_1  Open  -> close, navigate_to, place_inside, place_on_top  [places die.n.01_1]

## 9. ACTION HISTORY AND FAILURES
--- ridgeback_1 ---
Its current plan: wait_for_team(team_1) [interrupted]
YOUR FINISHED PLANS (most recent last):
  #2 [DONE] ontop(die.n.01_1, cabinet.n.01_1)
      plan: wait(140)
      you chose it because: The drone can lift and carry the die without a carrier; I hold position while it completes the first route leg.
  #4 [DONE] ontop(die.n.01_1, bookcase.n.01_1)
      plan: wait(600)
      you chose it because: The drone handles the die directly; I remain idle while it transports the die to the next support.
  #6 [DONE] ontop(die.n.01_1, electric_refrigerator.n.01_1)
      plan: wait(600)
      you chose it because: The drone can carry the die directly and does not need a carrier; I wait while it completes the refrigerator leg.

--- jackal_1 ---
Its current plan: ontop(die.n.01_1, electric_refrigerator.n.01_1) [success]
YOUR FINISHED PLANS (most recent last):
  #2 [DONE] ontop(die.n.01_1, cabinet.n.01_1)
      plan: wait(140)
      you chose it because: I am a carrier but the drone does not need transport assistance, so I wait rather than duplicating the die task.
  #4 [DONE] ontop(die.n.01_1, bookcase.n.01_1)
      plan: wait(600)
      you chose it because: As a carrier, I am unnecessary because the drone can carry the die without a locked base; I wait for the next route leg to finish.
  #5 [DONE] ontop(die.n.01_1, electric_refrigerator.n.01_1)
      plan: wait(600)
      you chose it because: As a carrier, I am unnecessary for the drone's unlocked flight; I wait without duplicating the die task.

--- drone_1 ---
Its current plan: wait_for_team(team_1) [interrupted]
YOUR FINISHED PLANS (most recent last):
  #1 [DONE] ontop(die.n.01_1, cabinet.n.01_1)
      plan: navigate_to(die.n.01_1) -> grasp(die.n.01_1) -> navigate_to(cabinet.n.01_1) -> place_on_top(cabinet.n.01_1)
      you chose it because: I am the only robot able to lift the die directly and can carry it while flying, so I handle the first leg from the child's room to its cabinet.
  #2 [DONE] ontop(die.n.01_1, bookcase.n.01_1)
      plan: navigate_to(die.n.01_1) -> grasp(die.n.01_1) -> navigate_to(bookcase.n.01_1) -> place_on_top(bookcase.n.01_1)
      you chose it because: I alone can efficiently lift and carry the die, so I retrieve it from the cabinet and fly it to the kitchen bookcase, the NEXT support.
  #4 [FAILED] ontop(die.n.01_1, electric_refrigerator.n.01_1)
      plan: navigate_to(bookcase.n.01_1) -> grasp(die.n.01_1) -> navigate_to(electric_refrigerator.n.01_1) -> open(electric_refrigerator.n.01_1) -> place_on_top(electric_refrigerator.n.01_1)
      you chose it because: I retrieve the die from the completed bookcase support and fly it to the NEXT support, the kitchen refrigerator, opening it if required before placement.
      it failed because: open: An error occurred during each attempt of this action. Attempt 0: PRE_CONDITION_ERROR: Cannot open or close an object while holding an object. Additional info: {'object in hand': 'dice_154'}

Return exactly 3 plans, one per robot, using each robot's own ids. Say in `reasoning` how you divided the work.
-------------------------------------- COMPLETION --------------------------------------
  plans:
    [1]
      agent_id: ridgeback_1
      task:
        task: Task.ONTOP
        object_type: die.n.01_1
        object_id: 1
        reference: armchair.n.01_1
      actions:
        [1]
          action_type: wait
          ticks: 600
      reasoning: The drone is already carrying the die and can fly directly to the next support without carrier assistance; I wait rather than duplicate its route.
    [2]
      agent_id: jackal_1
      task:
        task: Task.ONTOP
        object_type: die.n.01_1
        object_id: 1
        reference: armchair.n.01_1
      actions:
        [1]
          action_type: wait
          ticks: 600
      reasoning: As a carrier, I am unnecessary for the drone, which can carry the die with its unlocked base; I hold position while the drone completes C4.
    [3]
      agent_id: drone_1
      task:
        task: Task.ONTOP
        object_type: die.n.01_1
        object_id: 1
        reference: armchair.n.01_1
      actions:
        [1]
          action_type: navigate_to
          target: armchair.n.01_1
        [2]
          action_type: place_on_top
          target: armchair.n.01_1
      reasoning: I am already holding the die after the completed refrigerator leg. I carry it directly to the next required support, the dining-room armchair, and place it there.
  reasoning: The drone handles the die because it can carry it directly without a locked base. The arm robot and carrier remain waiting, avoiding redundant trips and object-claim conflicts.
====================================================================================================
#11  ridgeback_2  env_step 1803  t=191.597s  Team Plan Generation [team_2]
  usage: 6745 tokens (prompt 5872, completion 873)
---------------------------------- PROMPT / SYSTEM ----------------------------------
## 1. YOUR ROLE
You command TEAM 'team_2' -- 3 robots (ridgeback_2, jackal_2, drone_2) -- in a multi-agent
cooperative household task, alongside other teams doing the same. You are the
TEAM CONTROLLER: you are given all 3 robots' observations in one call and
answer with one plan per robot, in that same call.

- Divide the work. Two robots sent to the same object waste one of them: the
  loser burns the whole trip and its grasp fails with OBJECT_CLAIMED.
- Your robots start their plans together and you are not asked again until
  every one of them has finished. A robot that finishes early holds position
  and does nothing useful, so plans of wildly different lengths waste the
  short ones.
- Other teams are driven by their own controllers, not by you. You coordinate
  with them only through the messages quoted in this prompt.
- At the end of the prompt are each robot's last few plans, with their
  actions and how each ended, and the messages this team has sent and
  received. A plan that failed for a reason that still holds will fail the
  same way again, and a question you already asked has its answer in the
  record.

PLAN RESPONSE:
- Return a structured plan for EVERY robot listed above, one each, tagged with
  that robot's agent_id.
- Give each robot one task and at most 6 actions; 3-6 short
  executable actions are usually enough.
- Use exact item_id values from that robot's own section of the prompt.
- Say in the team-level `reasoning` how you divided the work between them.

## 2. ENVIRONMENT RULES
Your robots act through high-level primitives, not joint commands. Each one
takes many simulation steps: driving across a room costs 30 ticks per metre, so
distance is the main cost you control. None of them can see -- each is given a
symbolic description of the room it is standing in, and only that room, and
those descriptions are listed below one robot at a time.

Rules that decide whether an action succeeds:
- To grasp, place, open or toggle an object a robot must be closer to it than
  that object's own distance threshold; beyond it the action fails with TOO_FAR.
  Each object in a robot's room listing carries what that robot can do to it
  after "->", and a distance in metres ONLY when it is out of range -- no
  distance means that robot is already close enough to act on it now.
- An out-of-range object is marked "unreachable" and offers navigate_to and
  NOTHING else. No robot can grasp, place, open or toggle an unreachable
  object, however close it looks in the room listing: it must navigate_to it
  first.
- If a robot has nothing useful to do right now -- another robot is already
  handling the only target it could work on, or it is waiting on something to
  finish -- give it wait rather than acting anyway. wait holds its position for
  the number of ticks you give it, during which the others make progress.
- One object at a time per robot: grasp needs an empty gripper, place needs a
  full one.
- Objects are exclusive, including between your own robots. If anyone is
  holding something, a grasp for it fails with "held by <agent>". Sending two
  robots after one target costs the loser the whole trip for nothing.
- Some tasks are a route: THE TEAM'S TASK lists supports the cargo must rest on
  in order, marked done / NEXT. Only the NEXT support counts when the cargo is
  placed on it; a support reached out of order does not count and costs
  nothing -- progress resumes when NEXT holds. Progress is judged on where the
  cargo rests, not on what a robot intended.
- Every id in THE TEAM'S TASK is a valid navigate_to target for any robot from
  ANY room, even when it is not in that robot's listing: navigate_to(<that id>)
  drives it there, through the house, and its next listing shows that room.
  That is how a robot changes rooms. The cargo is where the task says it
  starts (or on the last support marked done) -- send a robot there; it will
  not be found where the robots stand.
- The line "Rooms in this house" names every room. navigate_to(<room name>)
  drives a robot to a free spot inside that room, so it can reach a room whose
  objects it cannot name yet, or go and look for something.
- Refer to objects only by the ids in that robot's own room listing, which are
  the objects in the room it is standing in. They look like apple.n.01_1. Never
  invent one, and never give one robot an id that appeared only under another
  robot -- it is in a room that robot cannot see.
- An entry marked "blocked" is in that room but currently unavailable -- the
  bracketed note says why.

When an action fails, that robot's plan is abandoned. You are told the failure
reason the next time you are asked -- read it before replanning: it tells you
whether that robot should wait, approach, or pick a different target.

## 3. ROBOT CAPABILITIES
Three kinds of robot. A robot's kind is on its own header ("(drone)") and on
its line in a teammate's listing ("[carrier, ...]", "[base locks while
holding]", "[drone]").

ARM -- a robot with a gripper: grasp, place_on_top, release, open/close,
toggle, load_onto, unload_from, navigate_to, wait.
- Some arms' bases LOCK while the gripper is loaded, and navigate_to then fails
  with BASE_LOCKED; such a robot cannot deliver what it picks up. Have it load
  the object onto a carrier robot with load_onto, let the carrier drive, and
  have an arm take it back at the far end with unload_from. Both actions name
  the *carrier* as their target and need the two robots within reach of each
  other. This is a division of labour, not a detour: it is why a task can need
  more than one of your robots.
- ONLY a robot marked [base locks while holding] needs a carrier. Any other
  robot that can grasp -- a drone, an unmarked arm -- carries what it holds by
  itself: grasp, navigate_to the support, place_on_top, done. A drone that can
  lift the cargo needs nobody: routing its cargo through a carrier and back is
  a detour that costs two extra actions and a round of waiting for nothing.
  Use the carrier for the base-locked robot's legs, and only for those.

CARRIER -- a robot with no arm: cargo rides on its back.
- A carrier and what it is carrying are ONE line in that robot's room listing:

    - agent_1  (teammate)  [carrier, carrying box.n.01_1]  -> unload_from

  The cargo has no line of its own and cannot be grasped where it sits.
  unload_from(agent_1) takes it off that carrier's back and into the acting
  robot's hand; load_onto(agent_1) puts what that robot holds onto it. Both
  name the carrier, both need the two robots within reach of each other, and
  unload_from is the only way to get cargo back.
- **A carrier has no arm**, so give it navigate_to and wait and nothing else:
  no grasp, no place, no release, no load_onto or unload_from -- those are done
  *to* it by a robot that does have a hand. Its own section lists its load on
  an "On your back:" line, and it cannot put that down itself. Its job is to
  drive to where an arm is waiting, which is the whole reason a task needs two
  of them.

DRONE -- flies, holds its load under a suction mount, and its base never locks:
it carries what it grasps by itself.
- What a drone may lift is limited. The drone cannot lift the notebook. A
  robot tagged [drone] can grasp and carry the die (die.n.01_1) but NOT the
  notebook (notebook.n.01_1): grasp or unload_from on it fails with
  CANNOT_LIFT, and getting closer does not change that. Only a robot with an
  arm can lift the notebook, so give that leg to an arm; this division of
  labour is what the task is built around.

THIS TEAM'S ROBOTS:
  - ridgeback_2: ARM, base LOCKS while holding (needs a carrier to move cargo)
  - jackal_2: CARRIER (no arm; navigate_to and wait only)
  - drone_2: DRONE (flies, carries what it holds; see the lift table)

WHO MAY LIFT WHAT (this activity):
  - die.n.01: arm, drone

## 4. COOPERATION MODE: INDIVIDUAL
Every team plans for itself. No team sends or receives messages; you learn
what the other teams are doing only from what your robots see (a teammate of
another team in the listing, an object held by one of its robots). Do not
wait for others to speak. When another team already holds the cargo, give
your robots something else or wait.
---------------------------------- PROMPT / USER ----------------------------------
=== STEP 1803 ===

## 6. OBSERVATIONS -- TEAM team_2 (3 robots)

THE TEAM'S TASK (the same for every robot), in the ids it is written in:
  Move die.n.01_1, in this order, onto: the cabinet in the child's room, the bookcase in the kitchen, the refrigerator in the kitchen, the armchair in the dining room, the breakfast table in the dining room, the coffee table in the living room, the cabinet in the living room, the cabinet in the bedroom, the bed in the bedroom, the bed in the child's room.
Route S1-M5, carry die.n.01_1 through these in order:
  done  C1  ontop(die.n.01_1, cabinet.n.01_1)
  done  C2  ontop(die.n.01_1, bookcase.n.01_1)
  done  C3  ontop(die.n.01_1, electric_refrigerator.n.01_1)
  done  C4  ontop(die.n.01_1, armchair.n.01_1)
  NEXT  C5  ontop(die.n.01_1, breakfast_table.n.01_1)
        C6  ontop(die.n.01_1, coffee_table.n.01_1)
        C7  ontop(die.n.01_1, cabinet.n.01_2)
        C8  ontop(die.n.01_1, cabinet.n.01_3)
        C9  ontop(die.n.01_1, bed.n.01_2)
        D   ontop(die.n.01_1, bed.n.01_1)
A support reached out of order does not count, and nothing is lost by it: progress resumes when the NEXT one holds.

=== ROBOT ridgeback_2 ===
Step 1803/8000 | you are ridgeback_2 in living_room_0 (a living room)
Rooms in this house (navigate_to any of them): bathroom_0, bedroom_0, childs_room_0, closet_0, closet_1, corridor_0, dining_room_0, empty_room_0, empty_room_1, kitchen_0, living_room_0, staircase_0
Holding: nothing

living_room_0:
  - cabinet.n.01_2  Open  -> unreachable, navigate_to  [2.1 m away]
  - coffee_table.n.01_1  -> grasp, navigate_to
  - jackal_1  (teammate)  [carrier, empty]  -> navigate_to
  - jackal_2  (teammate)  [carrier, empty]  -> navigate_to
  - jackal_3  (teammate)  [carrier, empty]  -> navigate_to
  - ridgeback_1  (teammate)  [base locks while holding]
  - ridgeback_3  (teammate)  [base locks while holding]

=== ROBOT jackal_2 ===
Step 1803/8000 | you are jackal_2 in living_room_0 (a living room)
Rooms in this house (navigate_to any of them): bathroom_0, bedroom_0, childs_room_0, closet_0, closet_1, corridor_0, dining_room_0, empty_room_0, empty_room_1, kitchen_0, living_room_0, staircase_0
Holding: nothing

living_room_0:
  - cabinet.n.01_2  Open  -> unreachable, navigate_to  [2.1 m away]
  - coffee_table.n.01_1  -> unreachable, navigate_to  [1.9 m away]
  - jackal_1  (teammate)  [carrier, empty]
  - jackal_3  (teammate)  [carrier, empty]
  - ridgeback_1  (teammate)  [base locks while holding]
  - ridgeback_2  (teammate)  [base locks while holding]
  - ridgeback_3  (teammate)  [base locks while holding]

=== ROBOT drone_2 ===
Step 1803/8000 | you are drone_2 (drone) in kitchen_0 (a kitchen)
Rooms in this house (navigate_to any of them): bathroom_0, bedroom_0, childs_room_0, closet_0, closet_1, corridor_0, dining_room_0, empty_room_0, empty_room_1, kitchen_0, living_room_0, staircase_0
Holding: nothing

kitchen_0:
  - bookcase.n.01_1  -> navigate_to
  - electric_refrigerator.n.01_1  Open  -> close, navigate_to  [Open is True]

## 9. ACTION HISTORY AND FAILURES
--- ridgeback_2 ---
Its current plan: wait_for_team(team_2) [interrupted]
YOUR FINISHED PLANS (most recent last):
  #2 [DONE] ontop(die.n.01_1, cabinet.n.01_1)
      plan: wait(600)
      you chose it because: The drone can carry the die without a locked-base carrier, so I wait while it performs the first route leg.
  #4 [DONE] ontop(die.n.01_1, electric_refrigerator.n.01_1)
      plan: wait(600)
      you chose it because: The drone can carry the die without a locked-base carrier, so I wait while it completes the refrigerator leg.
  #6 [DONE] ontop(die.n.01_1, armchair.n.01_1)
      plan: wait(600)
      you chose it because: The die is currently held by teammate drone_1, so I avoid competing for it and wait while the active route leg progresses.

--- jackal_2 ---
Its current plan: wait_for_team(team_2) [interrupted]
YOUR FINISHED PLANS (most recent last):
  #2 [DONE] ontop(die.n.01_1, cabinet.n.01_1)
      plan: wait(600)
      you chose it because: As a carrier I am unnecessary for the drone's movable die; I wait rather than duplicating its route.
  #3 [DONE] ontop(die.n.01_1, electric_refrigerator.n.01_1)
      plan: wait(600)
      you chose it because: As a carrier, I am unnecessary for the drone's movable die; I wait rather than duplicate the route.
  #4 [DONE] ontop(die.n.01_1, armchair.n.01_1)
      plan: wait(600)
      you chose it because: As a carrier without an arm, I cannot independently advance the drone-carried die; I wait while drone_1 handles the current leg.

--- drone_2 ---
Its current plan: ontop(die.n.01_1, armchair.n.01_1) [success]
YOUR FINISHED PLANS (most recent last):
  #1 [DONE] ontop(die.n.01_1, cabinet.n.01_1)
      plan: navigate_to(die.n.01_1) -> grasp(die.n.01_1) -> navigate_to(cabinet.n.01_1) -> place_on_top(cabinet.n.01_1)
      you chose it because: The drone alone handles the die because it can lift and carry it without base locking. It collects the die, delivers it to the first required support in the child's room, and places it there.
  #3 [DONE] ontop(die.n.01_1, electric_refrigerator.n.01_1)
      plan: navigate_to(die.n.01_1) -> grasp(die.n.01_1) -> navigate_to(electric_refrigerator.n.01_1) -> place_on_top(electric_refrigerator.n.01_1)
      you chose it because: I alone handle the next route leg: retrieve the die from the completed child-room cabinet support and carry it to the refrigerator in the kitchen.
  #5 [DONE] ontop(die.n.01_1, armchair.n.01_1)
      plan: wait(600)
      you chose it because: The die is held by drone_1, indicating another team is already handling the next route movement. I wait rather than duplicate or fail an exclusive grasp.

Return exactly 3 plans, one per robot, using each robot's own ids. Say in `reasoning` how you divided the work.
-------------------------------------- COMPLETION --------------------------------------
  plans:
    [1]
      agent_id: ridgeback_2
      task:
        task: Task.ONTOP
        object_type: die.n.01_1
        object_id: 1
        reference: breakfast_table.n.01_1
      actions:
        [1]
          action_type: wait
          ticks: 600
      reasoning: The drone can carry the die independently, so the locked-base arm and carrier are not needed for this leg.
    [2]
      agent_id: jackal_2
      task:
        task: Task.ONTOP
        object_type: die.n.01_1
        object_id: 1
        reference: breakfast_table.n.01_1
      actions:
        [1]
          action_type: wait
          ticks: 600
      reasoning: As a carrier without an arm, I wait while drone_2 performs the die transfer.
    [3]
      agent_id: drone_2
      task:
        task: Task.ONTOP
        object_type: die.n.01_1
        object_id: 1
        reference: breakfast_table.n.01_1
      actions:
        [1]
          action_type: navigate_to
          target: die.n.01_1
        [2]
          action_type: grasp
          target: die.n.01_1
        [3]
          action_type: navigate_to
          target: breakfast_table.n.01_1
        [4]
          action_type: place_on_top
          target: breakfast_table.n.01_1
      reasoning: I take over the next route leg by retrieving the die from the completed armchair support and carrying it directly to the breakfast table.
  reasoning: The die is drone-liftable and does not lock the drone's base, so drone_2 handles the next route leg alone. ridgeback_2 and jackal_2 wait rather than duplicate the exclusive die or add an unnecessary carrier transfer.
====================================================================================================
#12  ridgeback_3  env_step 1813  t=197.499s  Team Plan Generation [team_3]
  usage: 6590 tokens (prompt 6113, completion 477)
---------------------------------- PROMPT / SYSTEM ----------------------------------
## 1. YOUR ROLE
You command TEAM 'team_3' -- 3 robots (ridgeback_3, jackal_3, drone_3) -- in a multi-agent
cooperative household task, alongside other teams doing the same. You are the
TEAM CONTROLLER: you are given all 3 robots' observations in one call and
answer with one plan per robot, in that same call.

- Divide the work. Two robots sent to the same object waste one of them: the
  loser burns the whole trip and its grasp fails with OBJECT_CLAIMED.
- Your robots start their plans together and you are not asked again until
  every one of them has finished. A robot that finishes early holds position
  and does nothing useful, so plans of wildly different lengths waste the
  short ones.
- Other teams are driven by their own controllers, not by you. You coordinate
  with them only through the messages quoted in this prompt.
- At the end of the prompt are each robot's last few plans, with their
  actions and how each ended, and the messages this team has sent and
  received. A plan that failed for a reason that still holds will fail the
  same way again, and a question you already asked has its answer in the
  record.

PLAN RESPONSE:
- Return a structured plan for EVERY robot listed above, one each, tagged with
  that robot's agent_id.
- Give each robot one task and at most 6 actions; 3-6 short
  executable actions are usually enough.
- Use exact item_id values from that robot's own section of the prompt.
- Say in the team-level `reasoning` how you divided the work between them.

## 2. ENVIRONMENT RULES
Your robots act through high-level primitives, not joint commands. Each one
takes many simulation steps: driving across a room costs 30 ticks per metre, so
distance is the main cost you control. None of them can see -- each is given a
symbolic description of the room it is standing in, and only that room, and
those descriptions are listed below one robot at a time.

Rules that decide whether an action succeeds:
- To grasp, place, open or toggle an object a robot must be closer to it than
  that object's own distance threshold; beyond it the action fails with TOO_FAR.
  Each object in a robot's room listing carries what that robot can do to it
  after "->", and a distance in metres ONLY when it is out of range -- no
  distance means that robot is already close enough to act on it now.
- An out-of-range object is marked "unreachable" and offers navigate_to and
  NOTHING else. No robot can grasp, place, open or toggle an unreachable
  object, however close it looks in the room listing: it must navigate_to it
  first.
- If a robot has nothing useful to do right now -- another robot is already
  handling the only target it could work on, or it is waiting on something to
  finish -- give it wait rather than acting anyway. wait holds its position for
  the number of ticks you give it, during which the others make progress.
- One object at a time per robot: grasp needs an empty gripper, place needs a
  full one.
- Objects are exclusive, including between your own robots. If anyone is
  holding something, a grasp for it fails with "held by <agent>". Sending two
  robots after one target costs the loser the whole trip for nothing.
- Some tasks are a route: THE TEAM'S TASK lists supports the cargo must rest on
  in order, marked done / NEXT. Only the NEXT support counts when the cargo is
  placed on it; a support reached out of order does not count and costs
  nothing -- progress resumes when NEXT holds. Progress is judged on where the
  cargo rests, not on what a robot intended.
- Every id in THE TEAM'S TASK is a valid navigate_to target for any robot from
  ANY room, even when it is not in that robot's listing: navigate_to(<that id>)
  drives it there, through the house, and its next listing shows that room.
  That is how a robot changes rooms. The cargo is where the task says it
  starts (or on the last support marked done) -- send a robot there; it will
  not be found where the robots stand.
- The line "Rooms in this house" names every room. navigate_to(<room name>)
  drives a robot to a free spot inside that room, so it can reach a room whose
  objects it cannot name yet, or go and look for something.
- Refer to objects only by the ids in that robot's own room listing, which are
  the objects in the room it is standing in. They look like apple.n.01_1. Never
  invent one, and never give one robot an id that appeared only under another
  robot -- it is in a room that robot cannot see.
- An entry marked "blocked" is in that room but currently unavailable -- the
  bracketed note says why.

When an action fails, that robot's plan is abandoned. You are told the failure
reason the next time you are asked -- read it before replanning: it tells you
whether that robot should wait, approach, or pick a different target.

## 3. ROBOT CAPABILITIES
Three kinds of robot. A robot's kind is on its own header ("(drone)") and on
its line in a teammate's listing ("[carrier, ...]", "[base locks while
holding]", "[drone]").

ARM -- a robot with a gripper: grasp, place_on_top, release, open/close,
toggle, load_onto, unload_from, navigate_to, wait.
- Some arms' bases LOCK while the gripper is loaded, and navigate_to then fails
  with BASE_LOCKED; such a robot cannot deliver what it picks up. Have it load
  the object onto a carrier robot with load_onto, let the carrier drive, and
  have an arm take it back at the far end with unload_from. Both actions name
  the *carrier* as their target and need the two robots within reach of each
  other. This is a division of labour, not a detour: it is why a task can need
  more than one of your robots.
- ONLY a robot marked [base locks while holding] needs a carrier. Any other
  robot that can grasp -- a drone, an unmarked arm -- carries what it holds by
  itself: grasp, navigate_to the support, place_on_top, done. A drone that can
  lift the cargo needs nobody: routing its cargo through a carrier and back is
  a detour that costs two extra actions and a round of waiting for nothing.
  Use the carrier for the base-locked robot's legs, and only for those.

CARRIER -- a robot with no arm: cargo rides on its back.
- A carrier and what it is carrying are ONE line in that robot's room listing:

    - agent_1  (teammate)  [carrier, carrying box.n.01_1]  -> unload_from

  The cargo has no line of its own and cannot be grasped where it sits.
  unload_from(agent_1) takes it off that carrier's back and into the acting
  robot's hand; load_onto(agent_1) puts what that robot holds onto it. Both
  name the carrier, both need the two robots within reach of each other, and
  unload_from is the only way to get cargo back.
- **A carrier has no arm**, so give it navigate_to and wait and nothing else:
  no grasp, no place, no release, no load_onto or unload_from -- those are done
  *to* it by a robot that does have a hand. Its own section lists its load on
  an "On your back:" line, and it cannot put that down itself. Its job is to
  drive to where an arm is waiting, which is the whole reason a task needs two
  of them.

DRONE -- flies, holds its load under a suction mount, and its base never locks:
it carries what it grasps by itself.
- What a drone may lift is limited. The drone cannot lift the notebook. A
  robot tagged [drone] can grasp and carry the die (die.n.01_1) but NOT the
  notebook (notebook.n.01_1): grasp or unload_from on it fails with
  CANNOT_LIFT, and getting closer does not change that. Only a robot with an
  arm can lift the notebook, so give that leg to an arm; this division of
  labour is what the task is built around.

THIS TEAM'S ROBOTS:
  - ridgeback_3: ARM, base LOCKS while holding (needs a carrier to move cargo)
  - jackal_3: CARRIER (no arm; navigate_to and wait only)
  - drone_3: DRONE (flies, carries what it holds; see the lift table)

WHO MAY LIFT WHAT (this activity):
  - die.n.01: arm, drone

## 4. COOPERATION MODE: INDIVIDUAL
Every team plans for itself. No team sends or receives messages; you learn
what the other teams are doing only from what your robots see (a teammate of
another team in the listing, an object held by one of its robots). Do not
wait for others to speak. When another team already holds the cargo, give
your robots something else or wait.
---------------------------------- PROMPT / USER ----------------------------------
=== STEP 1813 ===

## 6. OBSERVATIONS -- TEAM team_3 (3 robots)

THE TEAM'S TASK (the same for every robot), in the ids it is written in:
  Move die.n.01_1, in this order, onto: the cabinet in the child's room, the bookcase in the kitchen, the refrigerator in the kitchen, the armchair in the dining room, the breakfast table in the dining room, the coffee table in the living room, the cabinet in the living room, the cabinet in the bedroom, the bed in the bedroom, the bed in the child's room.
Route S1-M5, carry die.n.01_1 through these in order:
  done  C1  ontop(die.n.01_1, cabinet.n.01_1)
  done  C2  ontop(die.n.01_1, bookcase.n.01_1)
  done  C3  ontop(die.n.01_1, electric_refrigerator.n.01_1)
  done  C4  ontop(die.n.01_1, armchair.n.01_1)
  NEXT  C5  ontop(die.n.01_1, breakfast_table.n.01_1)
        C6  ontop(die.n.01_1, coffee_table.n.01_1)
        C7  ontop(die.n.01_1, cabinet.n.01_2)
        C8  ontop(die.n.01_1, cabinet.n.01_3)
        C9  ontop(die.n.01_1, bed.n.01_2)
        D   ontop(die.n.01_1, bed.n.01_1)
A support reached out of order does not count, and nothing is lost by it: progress resumes when the NEXT one holds.

=== ROBOT ridgeback_3 ===
Step 1813/8000 | you are ridgeback_3 in living_room_0 (a living room)
Rooms in this house (navigate_to any of them): bathroom_0, bedroom_0, childs_room_0, closet_0, closet_1, corridor_0, dining_room_0, empty_room_0, empty_room_1, kitchen_0, living_room_0, staircase_0
Holding: nothing

living_room_0:
  - cabinet.n.01_2  Open  -> unreachable, navigate_to  [2.8 m away]
  - coffee_table.n.01_1  -> unreachable, navigate_to  [2.0 m away]
  - jackal_1  (teammate)  [carrier, empty]  -> navigate_to
  - jackal_2  (teammate)  [carrier, empty]  -> navigate_to
  - jackal_3  (teammate)  [carrier, empty]  -> unreachable, navigate_to  [2.1 m away]
  - ridgeback_1  (teammate)  [base locks while holding]
  - ridgeback_2  (teammate)  [base locks while holding]

=== ROBOT jackal_3 ===
Step 1813/8000 | you are jackal_3 in living_room_0 (a living room)
Rooms in this house (navigate_to any of them): bathroom_0, bedroom_0, childs_room_0, closet_0, closet_1, corridor_0, dining_room_0, empty_room_0, empty_room_1, kitchen_0, living_room_0, staircase_0
Holding: nothing

living_room_0:
  - cabinet.n.01_2  Open  -> unreachable, navigate_to  [2.6 m away]
  - coffee_table.n.01_1  -> navigate_to
  - jackal_1  (teammate)  [carrier, empty]
  - jackal_2  (teammate)  [carrier, empty]
  - ridgeback_1  (teammate)  [base locks while holding]
  - ridgeback_2  (teammate)  [base locks while holding]
  - ridgeback_3  (teammate)  [base locks while holding]

=== ROBOT drone_3 ===
Step 1813/8000 | you are drone_3 (drone) in childs_room_0 (a childs room)
Rooms in this house (navigate_to any of them): bathroom_0, bedroom_0, childs_room_0, closet_0, closet_1, corridor_0, dining_room_0, empty_room_0, empty_room_1, kitchen_0, living_room_0, staircase_0
Holding: nothing

childs_room_0:
  - bed.n.01_1  -> unreachable, navigate_to  [2.8 m away]
  - cabinet.n.01_1  Open  -> close, grasp, navigate_to  [Open is True]
  - floor.n.01_1  -> navigate_to

Relations:
  ontop(bed.n.01_1, floor.n.01_1)
  ontop(cabinet.n.01_1, floor.n.01_1)

## 9. ACTION HISTORY AND FAILURES
--- ridgeback_3 ---
Its current plan: wait_for_team(team_3) [interrupted]
YOUR FINISHED PLANS (most recent last):
  #2 [DONE] ontop(die.n.01_1, cabinet.n.01_1)
      plan: wait(100) -> wait(100) -> wait(100) -> wait(100) -> wait(100) -> wait(100)
      you chose it because: The drone can lift and carry the die without a carrier, so I stay idle while it performs the first route leg.
  #4 [DONE] ontop(die.n.01_1, electric_refrigerator.n.01_1)
      plan: wait(100) -> wait(100) -> wait(100) -> wait(100) -> wait(100) -> wait(100)
      you chose it because: The die is currently held by drone_2 from another team, so I avoid a futile grasp or carrier operation and wait for the next route leg to progress.
  #6 [DONE] ontop(die.n.01_1, armchair.n.01_1)
      plan: wait(600)
      you chose it because: The die is currently being carried by drone_2 from another team, and this base-locked arm cannot help without possessing the die. Wait for the next route leg rather than duplicate the target.

--- jackal_3 ---
Its current plan: wait_for_team(team_3) [interrupted]
YOUR FINISHED PLANS (most recent last):
  #2 [DONE] ontop(die.n.01_1, cabinet.n.01_1)
      plan: wait(100) -> wait(100) -> wait(100) -> wait(100) -> wait(100) -> wait(100)
      you chose it because: No carrier is needed because drone_3 can carry the die itself; I wait rather than duplicate its target.
  #3 [DONE] ontop(die.n.01_1, electric_refrigerator.n.01_1)
      plan: wait(100) -> wait(100) -> wait(100) -> wait(100) -> wait(100) -> wait(100)
      you chose it because: The die is already held by drone_2, and no carrier assistance is needed for that drone. I wait rather than duplicate the target.
  #5 [DONE] ontop(die.n.01_1, armchair.n.01_1)
      plan: wait(600)
      you chose it because: As a carrier with no arm, jackal_3 cannot assist while drone_2 independently carries the die. Wait for route progress.

--- drone_3 ---
Its current plan: ontop(die.n.01_1, armchair.n.01_1) [success]
YOUR FINISHED PLANS (most recent last):
  #1 [FAILED] ontop(die.n.01_1, cabinet.n.01_1)
      plan: navigate_to(die.n.01_1) -> grasp(die.n.01_1) -> navigate_to(cabinet.n.01_1) -> place_on_top(cabinet.n.01_1)
      you chose it because: I assign drone_3 the die because it is explicitly allowed to lift it and its base does not lock while carrying. It moves to the die, grasps it, and completes the first required support, while the arm and carrier wait.
      it failed because: grasp: An error occurred during each attempt of this action. Attempt 0: PRE_CONDITION_ERROR: dice_154 is currently held by drone_2, so you cannot grasp it. Pick a different target, or ask them to r...
  #3 [DONE] ontop(die.n.01_1, electric_refrigerator.n.01_1)
      plan: wait(100) -> wait(100) -> wait(100) -> wait(100) -> wait(100) -> wait(100)
      you chose it because: A previous grasp confirmed drone_2 holds the die, so attempting to take it would fail. I remain idle while that robot advances the route toward the next support.
  #4 [DONE] ontop(die.n.01_1, armchair.n.01_1)
      plan: wait(600)
      you chose it because: The die is held by drone_2, so grasping would fail. This drone waits instead of contesting the exclusive cargo.

Return exactly 3 plans, one per robot, using each robot's own ids. Say in `reasoning` how you divided the work.
-------------------------------------- COMPLETION --------------------------------------
  plans:
    [1]
      agent_id: ridgeback_3
      task:
        task: Task.ONTOP
        object_type: die.n.01_1
        object_id: 1
        reference: breakfast_table.n.01_1
      actions:
        [1]
          action_type: wait
          ticks: 600
      reasoning: The die has progressed through the armchair and is being handled by another team's drone. As a base-locked arm, I cannot help without the die, so I wait for the next route leg.
    [2]
      agent_id: jackal_3
      task:
        task: Task.ONTOP
        object_type: die.n.01_1
        object_id: 1
        reference: breakfast_table.n.01_1
      actions:
        [1]
          action_type: wait
          ticks: 600
      reasoning: I am an empty carrier with no arm, and the other team's drone can carry the die independently. I wait rather than duplicate or contest the exclusive cargo.
    [3]
      agent_id: drone_3
      task:
        task: Task.ONTOP
        object_type: die.n.01_1
        object_id: 1
        reference: breakfast_table.n.01_1
      actions:
        [1]
          action_type: wait
          ticks: 600
      reasoning: The die is controlled by drone_2 and has already reached the armchair. I cannot grasp it while held, so I wait for the other team's drone to advance it to the breakfast table.
  reasoning: All three team robots wait because the die is exclusively held and transported by drone_2 from another team. Ridgeback cannot move while holding without a carrier, jackal cannot manipulate cargo, and drone_3 must not attempt a grasp that will fail while the die is held.
====================================================================================================
#13  ridgeback_1  env_step 2048  t=210.838s  Team Plan Generation [team_1]
  usage: 6530 tokens (prompt 5983, completion 547)
---------------------------------- PROMPT / SYSTEM ----------------------------------
## 1. YOUR ROLE
You command TEAM 'team_1' -- 3 robots (ridgeback_1, jackal_1, drone_1) -- in a multi-agent
cooperative household task, alongside other teams doing the same. You are the
TEAM CONTROLLER: you are given all 3 robots' observations in one call and
answer with one plan per robot, in that same call.

- Divide the work. Two robots sent to the same object waste one of them: the
  loser burns the whole trip and its grasp fails with OBJECT_CLAIMED.
- Your robots start their plans together and you are not asked again until
  every one of them has finished. A robot that finishes early holds position
  and does nothing useful, so plans of wildly different lengths waste the
  short ones.
- Other teams are driven by their own controllers, not by you. You coordinate
  with them only through the messages quoted in this prompt.
- At the end of the prompt are each robot's last few plans, with their
  actions and how each ended, and the messages this team has sent and
  received. A plan that failed for a reason that still holds will fail the
  same way again, and a question you already asked has its answer in the
  record.

PLAN RESPONSE:
- Return a structured plan for EVERY robot listed above, one each, tagged with
  that robot's agent_id.
- Give each robot one task and at most 6 actions; 3-6 short
  executable actions are usually enough.
- Use exact item_id values from that robot's own section of the prompt.
- Say in the team-level `reasoning` how you divided the work between them.

## 2. ENVIRONMENT RULES
Your robots act through high-level primitives, not joint commands. Each one
takes many simulation steps: driving across a room costs 30 ticks per metre, so
distance is the main cost you control. None of them can see -- each is given a
symbolic description of the room it is standing in, and only that room, and
those descriptions are listed below one robot at a time.

Rules that decide whether an action succeeds:
- To grasp, place, open or toggle an object a robot must be closer to it than
  that object's own distance threshold; beyond it the action fails with TOO_FAR.
  Each object in a robot's room listing carries what that robot can do to it
  after "->", and a distance in metres ONLY when it is out of range -- no
  distance means that robot is already close enough to act on it now.
- An out-of-range object is marked "unreachable" and offers navigate_to and
  NOTHING else. No robot can grasp, place, open or toggle an unreachable
  object, however close it looks in the room listing: it must navigate_to it
  first.
- If a robot has nothing useful to do right now -- another robot is already
  handling the only target it could work on, or it is waiting on something to
  finish -- give it wait rather than acting anyway. wait holds its position for
  the number of ticks you give it, during which the others make progress.
- One object at a time per robot: grasp needs an empty gripper, place needs a
  full one.
- Objects are exclusive, including between your own robots. If anyone is
  holding something, a grasp for it fails with "held by <agent>". Sending two
  robots after one target costs the loser the whole trip for nothing.
- Some tasks are a route: THE TEAM'S TASK lists supports the cargo must rest on
  in order, marked done / NEXT. Only the NEXT support counts when the cargo is
  placed on it; a support reached out of order does not count and costs
  nothing -- progress resumes when NEXT holds. Progress is judged on where the
  cargo rests, not on what a robot intended.
- Every id in THE TEAM'S TASK is a valid navigate_to target for any robot from
  ANY room, even when it is not in that robot's listing: navigate_to(<that id>)
  drives it there, through the house, and its next listing shows that room.
  That is how a robot changes rooms. The cargo is where the task says it
  starts (or on the last support marked done) -- send a robot there; it will
  not be found where the robots stand.
- The line "Rooms in this house" names every room. navigate_to(<room name>)
  drives a robot to a free spot inside that room, so it can reach a room whose
  objects it cannot name yet, or go and look for something.
- Refer to objects only by the ids in that robot's own room listing, which are
  the objects in the room it is standing in. They look like apple.n.01_1. Never
  invent one, and never give one robot an id that appeared only under another
  robot -- it is in a room that robot cannot see.
- An entry marked "blocked" is in that room but currently unavailable -- the
  bracketed note says why.

When an action fails, that robot's plan is abandoned. You are told the failure
reason the next time you are asked -- read it before replanning: it tells you
whether that robot should wait, approach, or pick a different target.

## 3. ROBOT CAPABILITIES
Three kinds of robot. A robot's kind is on its own header ("(drone)") and on
its line in a teammate's listing ("[carrier, ...]", "[base locks while
holding]", "[drone]").

ARM -- a robot with a gripper: grasp, place_on_top, release, open/close,
toggle, load_onto, unload_from, navigate_to, wait.
- Some arms' bases LOCK while the gripper is loaded, and navigate_to then fails
  with BASE_LOCKED; such a robot cannot deliver what it picks up. Have it load
  the object onto a carrier robot with load_onto, let the carrier drive, and
  have an arm take it back at the far end with unload_from. Both actions name
  the *carrier* as their target and need the two robots within reach of each
  other. This is a division of labour, not a detour: it is why a task can need
  more than one of your robots.
- ONLY a robot marked [base locks while holding] needs a carrier. Any other
  robot that can grasp -- a drone, an unmarked arm -- carries what it holds by
  itself: grasp, navigate_to the support, place_on_top, done. A drone that can
  lift the cargo needs nobody: routing its cargo through a carrier and back is
  a detour that costs two extra actions and a round of waiting for nothing.
  Use the carrier for the base-locked robot's legs, and only for those.

CARRIER -- a robot with no arm: cargo rides on its back.
- A carrier and what it is carrying are ONE line in that robot's room listing:

    - agent_1  (teammate)  [carrier, carrying box.n.01_1]  -> unload_from

  The cargo has no line of its own and cannot be grasped where it sits.
  unload_from(agent_1) takes it off that carrier's back and into the acting
  robot's hand; load_onto(agent_1) puts what that robot holds onto it. Both
  name the carrier, both need the two robots within reach of each other, and
  unload_from is the only way to get cargo back.
- **A carrier has no arm**, so give it navigate_to and wait and nothing else:
  no grasp, no place, no release, no load_onto or unload_from -- those are done
  *to* it by a robot that does have a hand. Its own section lists its load on
  an "On your back:" line, and it cannot put that down itself. Its job is to
  drive to where an arm is waiting, which is the whole reason a task needs two
  of them.

DRONE -- flies, holds its load under a suction mount, and its base never locks:
it carries what it grasps by itself.
- What a drone may lift is limited. The drone cannot lift the notebook. A
  robot tagged [drone] can grasp and carry the die (die.n.01_1) but NOT the
  notebook (notebook.n.01_1): grasp or unload_from on it fails with
  CANNOT_LIFT, and getting closer does not change that. Only a robot with an
  arm can lift the notebook, so give that leg to an arm; this division of
  labour is what the task is built around.

THIS TEAM'S ROBOTS:
  - ridgeback_1: ARM, base LOCKS while holding (needs a carrier to move cargo)
  - jackal_1: CARRIER (no arm; navigate_to and wait only)
  - drone_1: DRONE (flies, carries what it holds; see the lift table)

WHO MAY LIFT WHAT (this activity):
  - die.n.01: arm, drone

## 4. COOPERATION MODE: INDIVIDUAL
Every team plans for itself. No team sends or receives messages; you learn
what the other teams are doing only from what your robots see (a teammate of
another team in the listing, an object held by one of its robots). Do not
wait for others to speak. When another team already holds the cargo, give
your robots something else or wait.
---------------------------------- PROMPT / USER ----------------------------------
=== STEP 2048 ===

## 6. OBSERVATIONS -- TEAM team_1 (3 robots)

THE TEAM'S TASK (the same for every robot), in the ids it is written in:
  Move die.n.01_1, in this order, onto: the cabinet in the child's room, the bookcase in the kitchen, the refrigerator in the kitchen, the armchair in the dining room, the breakfast table in the dining room, the coffee table in the living room, the cabinet in the living room, the cabinet in the bedroom, the bed in the bedroom, the bed in the child's room.
Route S1-M5, carry die.n.01_1 through these in order:
  done  C1  ontop(die.n.01_1, cabinet.n.01_1)
  done  C2  ontop(die.n.01_1, bookcase.n.01_1)
  done  C3  ontop(die.n.01_1, electric_refrigerator.n.01_1)
  done  C4  ontop(die.n.01_1, armchair.n.01_1)
  NEXT  C5  ontop(die.n.01_1, breakfast_table.n.01_1)
        C6  ontop(die.n.01_1, coffee_table.n.01_1)
        C7  ontop(die.n.01_1, cabinet.n.01_2)
        C8  ontop(die.n.01_1, cabinet.n.01_3)
        C9  ontop(die.n.01_1, bed.n.01_2)
        D   ontop(die.n.01_1, bed.n.01_1)
A support reached out of order does not count, and nothing is lost by it: progress resumes when the NEXT one holds.

=== ROBOT ridgeback_1 ===
Step 2048/8000 | you are ridgeback_1 in living_room_0 (a living room)
Rooms in this house (navigate_to any of them): bathroom_0, bedroom_0, childs_room_0, closet_0, closet_1, corridor_0, dining_room_0, empty_room_0, empty_room_1, kitchen_0, living_room_0, staircase_0
Holding: nothing

living_room_0:
  - cabinet.n.01_2  Open  -> unreachable, navigate_to  [2.6 m away]
  - coffee_table.n.01_1  -> grasp, navigate_to
  - jackal_1  (teammate)  [carrier, empty]  -> navigate_to
  - jackal_2  (teammate)  [carrier, empty]  -> navigate_to
  - jackal_3  (teammate)  [carrier, empty]  -> navigate_to
  - ridgeback_2  (teammate)  [base locks while holding]
  - ridgeback_3  (teammate)  [base locks while holding]

=== ROBOT jackal_1 ===
Step 2048/8000 | you are jackal_1 in living_room_0 (a living room)
Rooms in this house (navigate_to any of them): bathroom_0, bedroom_0, childs_room_0, closet_0, closet_1, corridor_0, dining_room_0, empty_room_0, empty_room_1, kitchen_0, living_room_0, staircase_0
Holding: nothing

living_room_0:
  - cabinet.n.01_2  Open  -> unreachable, navigate_to  [3.2 m away]
  - coffee_table.n.01_1  -> navigate_to
  - jackal_2  (teammate)  [carrier, empty]
  - jackal_3  (teammate)  [carrier, empty]
  - ridgeback_1  (teammate)  [base locks while holding]
  - ridgeback_2  (teammate)  [base locks while holding]
  - ridgeback_3  (teammate)  [base locks while holding]

=== ROBOT drone_1 ===
Step 2048/8000 | you are drone_1 (drone) in dining_room_0 (a dining room)
Rooms in this house (navigate_to any of them): bathroom_0, bedroom_0, childs_room_0, closet_0, closet_1, corridor_0, dining_room_0, empty_room_0, empty_room_1, kitchen_0, living_room_0, staircase_0
Holding: nothing

dining_room_0:
  - armchair.n.01_1  -> grasp, navigate_to
  - breakfast_table.n.01_1  -> grasp, navigate_to
  - die.n.01_1  -> grasp, navigate_to

Relations:
  ontop(die.n.01_1, armchair.n.01_1)

## 9. ACTION HISTORY AND FAILURES
--- ridgeback_1 ---
Its current plan: wait_for_team(team_1) [interrupted]
YOUR FINISHED PLANS (most recent last):
  #4 [DONE] ontop(die.n.01_1, bookcase.n.01_1)
      plan: wait(600)
      you chose it because: The drone handles the die directly; I remain idle while it transports the die to the next support.
  #6 [DONE] ontop(die.n.01_1, electric_refrigerator.n.01_1)
      plan: wait(600)
      you chose it because: The drone can carry the die directly and does not need a carrier; I wait while it completes the refrigerator leg.
  #8 [DONE] ontop(die.n.01_1, armchair.n.01_1)
      plan: wait(600)
      you chose it because: The drone is already carrying the die and can fly directly to the next support without carrier assistance; I wait rather than duplicate its route.

--- jackal_1 ---
Its current plan: ontop(die.n.01_1, armchair.n.01_1) [success]
YOUR FINISHED PLANS (most recent last):
  #4 [DONE] ontop(die.n.01_1, bookcase.n.01_1)
      plan: wait(600)
      you chose it because: As a carrier, I am unnecessary because the drone can carry the die without a locked base; I wait for the next route leg to finish.
  #5 [DONE] ontop(die.n.01_1, electric_refrigerator.n.01_1)
      plan: wait(600)
      you chose it because: As a carrier, I am unnecessary for the drone's unlocked flight; I wait without duplicating the die task.
  #6 [DONE] ontop(die.n.01_1, armchair.n.01_1)
      plan: wait(600)
      you chose it because: As a carrier, I am unnecessary for the drone, which can carry the die with its unlocked base; I hold position while the drone completes C4.

--- drone_1 ---
Its current plan: wait_for_team(team_1) [interrupted]
YOUR FINISHED PLANS (most recent last):
  #2 [DONE] ontop(die.n.01_1, bookcase.n.01_1)
      plan: navigate_to(die.n.01_1) -> grasp(die.n.01_1) -> navigate_to(bookcase.n.01_1) -> place_on_top(bookcase.n.01_1)
      you chose it because: I alone can efficiently lift and carry the die, so I retrieve it from the cabinet and fly it to the kitchen bookcase, the NEXT support.
  #4 [FAILED] ontop(die.n.01_1, electric_refrigerator.n.01_1)
      plan: navigate_to(bookcase.n.01_1) -> grasp(die.n.01_1) -> navigate_to(electric_refrigerator.n.01_1) -> open(electric_refrigerator.n.01_1) -> place_on_top(electric_refrigerator.n.01_1)
      you chose it because: I retrieve the die from the completed bookcase support and fly it to the NEXT support, the kitchen refrigerator, opening it if required before placement.
      it failed because: open: An error occurred during each attempt of this action. Attempt 0: PRE_CONDITION_ERROR: Cannot open or close an object while holding an object. Additional info: {'object in hand': 'dice_154'}
  #6 [DONE] ontop(die.n.01_1, armchair.n.01_1)
      plan: navigate_to(armchair.n.01_1) -> place_on_top(armchair.n.01_1)
      you chose it because: I am already holding the die after the completed refrigerator leg. I carry it directly to the next required support, the dining-room armchair, and place it there.

Return exactly 3 plans, one per robot, using each robot's own ids. Say in `reasoning` how you divided the work.
-------------------------------------- COMPLETION --------------------------------------
  plans:
    [1]
      agent_id: ridgeback_1
      task:
        task: Task.ONTOP
        object_type: die.n.01_1
        object_id: 1
        reference: breakfast_table.n.01_1
      actions:
        [1]
          action_type: wait
          ticks: 600
      reasoning: The drone can carry the die without a locked base; I wait rather than duplicate the cargo route.
    [2]
      agent_id: jackal_1
      task:
        task: Task.ONTOP
        object_type: die.n.01_1
        object_id: 1
        reference: breakfast_table.n.01_1
      actions:
        [1]
          action_type: wait
          ticks: 600
      reasoning: As a carrier, I am unnecessary for the drone's unlocked die transport, so I hold position.
    [3]
      agent_id: drone_1
      task:
        task: Task.ONTOP
        object_type: die.n.01_1
        object_id: 1
        reference: breakfast_table.n.01_1
      actions:
        [1]
          action_type: navigate_to
          target: armchair.n.01_1
        [2]
          action_type: grasp
          target: die.n.01_1
        [3]
          action_type: navigate_to
          target: breakfast_table.n.01_1
        [4]
          action_type: place_on_top
          target: breakfast_table.n.01_1
      reasoning: I alone can directly lift and carry the die efficiently. I retrieve it from the completed armchair support and place it on the NEXT breakfast table support.
  reasoning: The drone handles the next die leg directly because its flying base never locks while carrying. Ridgeback and jackal wait to avoid duplicating the exclusive cargo task; the carrier is not needed.
====================================================================================================
#14  ridgeback_2  env_step 2404  t=239.131s  Team Plan Generation [team_2]
  usage: 7276 tokens (prompt 5921, completion 1355)
---------------------------------- PROMPT / SYSTEM ----------------------------------
## 1. YOUR ROLE
You command TEAM 'team_2' -- 3 robots (ridgeback_2, jackal_2, drone_2) -- in a multi-agent
cooperative household task, alongside other teams doing the same. You are the
TEAM CONTROLLER: you are given all 3 robots' observations in one call and
answer with one plan per robot, in that same call.

- Divide the work. Two robots sent to the same object waste one of them: the
  loser burns the whole trip and its grasp fails with OBJECT_CLAIMED.
- Your robots start their plans together and you are not asked again until
  every one of them has finished. A robot that finishes early holds position
  and does nothing useful, so plans of wildly different lengths waste the
  short ones.
- Other teams are driven by their own controllers, not by you. You coordinate
  with them only through the messages quoted in this prompt.
- At the end of the prompt are each robot's last few plans, with their
  actions and how each ended, and the messages this team has sent and
  received. A plan that failed for a reason that still holds will fail the
  same way again, and a question you already asked has its answer in the
  record.

PLAN RESPONSE:
- Return a structured plan for EVERY robot listed above, one each, tagged with
  that robot's agent_id.
- Give each robot one task and at most 6 actions; 3-6 short
  executable actions are usually enough.
- Use exact item_id values from that robot's own section of the prompt.
- Say in the team-level `reasoning` how you divided the work between them.

## 2. ENVIRONMENT RULES
Your robots act through high-level primitives, not joint commands. Each one
takes many simulation steps: driving across a room costs 30 ticks per metre, so
distance is the main cost you control. None of them can see -- each is given a
symbolic description of the room it is standing in, and only that room, and
those descriptions are listed below one robot at a time.

Rules that decide whether an action succeeds:
- To grasp, place, open or toggle an object a robot must be closer to it than
  that object's own distance threshold; beyond it the action fails with TOO_FAR.
  Each object in a robot's room listing carries what that robot can do to it
  after "->", and a distance in metres ONLY when it is out of range -- no
  distance means that robot is already close enough to act on it now.
- An out-of-range object is marked "unreachable" and offers navigate_to and
  NOTHING else. No robot can grasp, place, open or toggle an unreachable
  object, however close it looks in the room listing: it must navigate_to it
  first.
- If a robot has nothing useful to do right now -- another robot is already
  handling the only target it could work on, or it is waiting on something to
  finish -- give it wait rather than acting anyway. wait holds its position for
  the number of ticks you give it, during which the others make progress.
- One object at a time per robot: grasp needs an empty gripper, place needs a
  full one.
- Objects are exclusive, including between your own robots. If anyone is
  holding something, a grasp for it fails with "held by <agent>". Sending two
  robots after one target costs the loser the whole trip for nothing.
- Some tasks are a route: THE TEAM'S TASK lists supports the cargo must rest on
  in order, marked done / NEXT. Only the NEXT support counts when the cargo is
  placed on it; a support reached out of order does not count and costs
  nothing -- progress resumes when NEXT holds. Progress is judged on where the
  cargo rests, not on what a robot intended.
- Every id in THE TEAM'S TASK is a valid navigate_to target for any robot from
  ANY room, even when it is not in that robot's listing: navigate_to(<that id>)
  drives it there, through the house, and its next listing shows that room.
  That is how a robot changes rooms. The cargo is where the task says it
  starts (or on the last support marked done) -- send a robot there; it will
  not be found where the robots stand.
- The line "Rooms in this house" names every room. navigate_to(<room name>)
  drives a robot to a free spot inside that room, so it can reach a room whose
  objects it cannot name yet, or go and look for something.
- Refer to objects only by the ids in that robot's own room listing, which are
  the objects in the room it is standing in. They look like apple.n.01_1. Never
  invent one, and never give one robot an id that appeared only under another
  robot -- it is in a room that robot cannot see.
- An entry marked "blocked" is in that room but currently unavailable -- the
  bracketed note says why.

When an action fails, that robot's plan is abandoned. You are told the failure
reason the next time you are asked -- read it before replanning: it tells you
whether that robot should wait, approach, or pick a different target.

## 3. ROBOT CAPABILITIES
Three kinds of robot. A robot's kind is on its own header ("(drone)") and on
its line in a teammate's listing ("[carrier, ...]", "[base locks while
holding]", "[drone]").

ARM -- a robot with a gripper: grasp, place_on_top, release, open/close,
toggle, load_onto, unload_from, navigate_to, wait.
- Some arms' bases LOCK while the gripper is loaded, and navigate_to then fails
  with BASE_LOCKED; such a robot cannot deliver what it picks up. Have it load
  the object onto a carrier robot with load_onto, let the carrier drive, and
  have an arm take it back at the far end with unload_from. Both actions name
  the *carrier* as their target and need the two robots within reach of each
  other. This is a division of labour, not a detour: it is why a task can need
  more than one of your robots.
- ONLY a robot marked [base locks while holding] needs a carrier. Any other
  robot that can grasp -- a drone, an unmarked arm -- carries what it holds by
  itself: grasp, navigate_to the support, place_on_top, done. A drone that can
  lift the cargo needs nobody: routing its cargo through a carrier and back is
  a detour that costs two extra actions and a round of waiting for nothing.
  Use the carrier for the base-locked robot's legs, and only for those.

CARRIER -- a robot with no arm: cargo rides on its back.
- A carrier and what it is carrying are ONE line in that robot's room listing:

    - agent_1  (teammate)  [carrier, carrying box.n.01_1]  -> unload_from

  The cargo has no line of its own and cannot be grasped where it sits.
  unload_from(agent_1) takes it off that carrier's back and into the acting
  robot's hand; load_onto(agent_1) puts what that robot holds onto it. Both
  name the carrier, both need the two robots within reach of each other, and
  unload_from is the only way to get cargo back.
- **A carrier has no arm**, so give it navigate_to and wait and nothing else:
  no grasp, no place, no release, no load_onto or unload_from -- those are done
  *to* it by a robot that does have a hand. Its own section lists its load on
  an "On your back:" line, and it cannot put that down itself. Its job is to
  drive to where an arm is waiting, which is the whole reason a task needs two
  of them.

DRONE -- flies, holds its load under a suction mount, and its base never locks:
it carries what it grasps by itself.
- What a drone may lift is limited. The drone cannot lift the notebook. A
  robot tagged [drone] can grasp and carry the die (die.n.01_1) but NOT the
  notebook (notebook.n.01_1): grasp or unload_from on it fails with
  CANNOT_LIFT, and getting closer does not change that. Only a robot with an
  arm can lift the notebook, so give that leg to an arm; this division of
  labour is what the task is built around.

THIS TEAM'S ROBOTS:
  - ridgeback_2: ARM, base LOCKS while holding (needs a carrier to move cargo)
  - jackal_2: CARRIER (no arm; navigate_to and wait only)
  - drone_2: DRONE (flies, carries what it holds; see the lift table)

WHO MAY LIFT WHAT (this activity):
  - die.n.01: arm, drone

## 4. COOPERATION MODE: INDIVIDUAL
Every team plans for itself. No team sends or receives messages; you learn
what the other teams are doing only from what your robots see (a teammate of
another team in the listing, an object held by one of its robots). Do not
wait for others to speak. When another team already holds the cargo, give
your robots something else or wait.
---------------------------------- PROMPT / USER ----------------------------------
=== STEP 2404 ===

## 6. OBSERVATIONS -- TEAM team_2 (3 robots)

THE TEAM'S TASK (the same for every robot), in the ids it is written in:
  Move die.n.01_1, in this order, onto: the cabinet in the child's room, the bookcase in the kitchen, the refrigerator in the kitchen, the armchair in the dining room, the breakfast table in the dining room, the coffee table in the living room, the cabinet in the living room, the cabinet in the bedroom, the bed in the bedroom, the bed in the child's room.
Route S1-M5, carry die.n.01_1 through these in order:
  done  C1  ontop(die.n.01_1, cabinet.n.01_1)
  done  C2  ontop(die.n.01_1, bookcase.n.01_1)
  done  C3  ontop(die.n.01_1, electric_refrigerator.n.01_1)
  done  C4  ontop(die.n.01_1, armchair.n.01_1)
  done  C5  ontop(die.n.01_1, breakfast_table.n.01_1)
  NEXT  C6  ontop(die.n.01_1, coffee_table.n.01_1)
        C7  ontop(die.n.01_1, cabinet.n.01_2)
        C8  ontop(die.n.01_1, cabinet.n.01_3)
        C9  ontop(die.n.01_1, bed.n.01_2)
        D   ontop(die.n.01_1, bed.n.01_1)
A support reached out of order does not count, and nothing is lost by it: progress resumes when the NEXT one holds.

=== ROBOT ridgeback_2 ===
Step 2404/8000 | you are ridgeback_2 in living_room_0 (a living room)
Rooms in this house (navigate_to any of them): bathroom_0, bedroom_0, childs_room_0, closet_0, closet_1, corridor_0, dining_room_0, empty_room_0, empty_room_1, kitchen_0, living_room_0, staircase_0
Holding: nothing

living_room_0:
  - cabinet.n.01_2  Open  -> unreachable, navigate_to  [2.1 m away]
  - coffee_table.n.01_1  -> grasp, navigate_to
  - jackal_1  (teammate)  [carrier, empty]  -> navigate_to
  - jackal_2  (teammate)  [carrier, empty]  -> navigate_to
  - jackal_3  (teammate)  [carrier, empty]  -> navigate_to
  - ridgeback_1  (teammate)  [base locks while holding]
  - ridgeback_3  (teammate)  [base locks while holding]

=== ROBOT jackal_2 ===
Step 2404/8000 | you are jackal_2 in living_room_0 (a living room)
Rooms in this house (navigate_to any of them): bathroom_0, bedroom_0, childs_room_0, closet_0, closet_1, corridor_0, dining_room_0, empty_room_0, empty_room_1, kitchen_0, living_room_0, staircase_0
Holding: nothing

living_room_0:
  - cabinet.n.01_2  Open  -> unreachable, navigate_to  [2.1 m away]
  - coffee_table.n.01_1  -> unreachable, navigate_to  [1.9 m away]
  - jackal_1  (teammate)  [carrier, empty]
  - jackal_3  (teammate)  [carrier, empty]
  - ridgeback_1  (teammate)  [base locks while holding]
  - ridgeback_2  (teammate)  [base locks while holding]
  - ridgeback_3  (teammate)  [base locks while holding]

=== ROBOT drone_2 ===
Step 2404/8000 | you are drone_2 (drone) in kitchen_0 (a kitchen)
Rooms in this house (navigate_to any of them): bathroom_0, bedroom_0, childs_room_0, closet_0, closet_1, corridor_0, dining_room_0, empty_room_0, empty_room_1, kitchen_0, living_room_0, staircase_0
Holding: nothing

kitchen_0:
  - bookcase.n.01_1  -> navigate_to
  - electric_refrigerator.n.01_1  Open  -> close, navigate_to  [Open is True]

## 9. ACTION HISTORY AND FAILURES
--- ridgeback_2 ---
Its current plan: wait_for_team(team_2) [interrupted]
YOUR FINISHED PLANS (most recent last):
  #4 [DONE] ontop(die.n.01_1, electric_refrigerator.n.01_1)
      plan: wait(600)
      you chose it because: The drone can carry the die without a locked-base carrier, so I wait while it completes the refrigerator leg.
  #6 [DONE] ontop(die.n.01_1, armchair.n.01_1)
      plan: wait(600)
      you chose it because: The die is currently held by teammate drone_1, so I avoid competing for it and wait while the active route leg progresses.
  #8 [DONE] ontop(die.n.01_1, breakfast_table.n.01_1)
      plan: wait(600)
      you chose it because: The drone can carry the die independently, so the locked-base arm and carrier are not needed for this leg.

--- jackal_2 ---
Its current plan: ontop(die.n.01_1, breakfast_table.n.01_1) [success]
YOUR FINISHED PLANS (most recent last):
  #3 [DONE] ontop(die.n.01_1, electric_refrigerator.n.01_1)
      plan: wait(600)
      you chose it because: As a carrier, I am unnecessary for the drone's movable die; I wait rather than duplicate the route.
  #4 [DONE] ontop(die.n.01_1, armchair.n.01_1)
      plan: wait(600)
      you chose it because: As a carrier without an arm, I cannot independently advance the drone-carried die; I wait while drone_1 handles the current leg.
  #6 [DONE] ontop(die.n.01_1, breakfast_table.n.01_1)
      plan: wait(600)
      you chose it because: As a carrier without an arm, I wait while drone_2 performs the die transfer.

--- drone_2 ---
Its current plan: wait_for_team(team_2) [interrupted]
YOUR FINISHED PLANS (most recent last):
  #3 [DONE] ontop(die.n.01_1, electric_refrigerator.n.01_1)
      plan: navigate_to(die.n.01_1) -> grasp(die.n.01_1) -> navigate_to(electric_refrigerator.n.01_1) -> place_on_top(electric_refrigerator.n.01_1)
      you chose it because: I alone handle the next route leg: retrieve the die from the completed child-room cabinet support and carry it to the refrigerator in the kitchen.
  #5 [DONE] ontop(die.n.01_1, armchair.n.01_1)
      plan: wait(600)
      you chose it because: The die is held by drone_1, indicating another team is already handling the next route movement. I wait rather than duplicate or fail an exclusive grasp.
  #6 [FAILED] ontop(die.n.01_1, breakfast_table.n.01_1)
      plan: navigate_to(die.n.01_1) -> grasp(die.n.01_1) -> navigate_to(breakfast_table.n.01_1) -> place_on_top(breakfast_table.n.01_1)
      you chose it because: I take over the next route leg by retrieving the die from the completed armchair support and carrying it directly to the breakfast table.
      it failed because: navigate_to: An error occurred during each attempt of this action. Attempt 0: PLANNING_ERROR: Cannot reach dice_154: there is no free floor space around it to stand on (need a spot 0.3-0.9 m away, ...

Return exactly 3 plans, one per robot, using each robot's own ids. Say in `reasoning` how you divided the work.
-------------------------------------- COMPLETION --------------------------------------
  plans:
    [1]
      agent_id: ridgeback_2
      task:
        task: Task.ONTOP
        object_type: die.n.01_1
        object_id: 1
        reference: coffee_table.n.01_1
      actions:
        [1]
          action_type: navigate_to
          target: breakfast_table.n.01_1
        [2]
          action_type: grasp
          target: die.n.01_1
        [3]
          action_type: load_onto
          target: jackal_2
        [4]
          action_type: wait
          ticks: 500
        [5]
          action_type: unload_from
          target: jackal_2
        [6]
          action_type: place_on_top
          target: coffee_table.n.01_1
      reasoning: I retrieve the die from the completed breakfast-table support, load it onto the locked-base carrier, then unload and place it on the next coffee-table support.
    [2]
      agent_id: jackal_2
      task:
        task: Task.ONTOP
        object_type: die.n.01_1
        object_id: 1
        reference: coffee_table.n.01_1
      actions:
        [1]
          action_type: navigate_to
          target: breakfast_table.n.01_1
        [2]
          action_type: wait
          ticks: 300
        [3]
          action_type: navigate_to
          target: coffee_table.n.01_1
        [4]
          action_type: wait
          ticks: 300
      reasoning: I meet ridgeback_2 at the breakfast table to receive the die, then carry it to the coffee table while ridgeback_2 performs the final unload and placement.
    [3]
      agent_id: drone_2
      task:
        task: Task.ONTOP
        object_type: die.n.01_1
        object_id: 1
        reference: coffee_table.n.01_1
      actions:
        [1]
          action_type: wait
          ticks: 100
      reasoning: The arm and carrier are assigned the current leg; I wait to avoid competing for the exclusive die.
  reasoning: ridgeback_2 handles the die with its arm, jackal_2 provides the required transport because ridgeback_2 locks while holding, and drone_2 waits without duplicating the exclusive route leg.
====================================================================================================
#15  ridgeback_3  env_step 2414  t=246.193s  Team Plan Generation [team_3]
  usage: 6549 tokens (prompt 5989, completion 560)
---------------------------------- PROMPT / SYSTEM ----------------------------------
## 1. YOUR ROLE
You command TEAM 'team_3' -- 3 robots (ridgeback_3, jackal_3, drone_3) -- in a multi-agent
cooperative household task, alongside other teams doing the same. You are the
TEAM CONTROLLER: you are given all 3 robots' observations in one call and
answer with one plan per robot, in that same call.

- Divide the work. Two robots sent to the same object waste one of them: the
  loser burns the whole trip and its grasp fails with OBJECT_CLAIMED.
- Your robots start their plans together and you are not asked again until
  every one of them has finished. A robot that finishes early holds position
  and does nothing useful, so plans of wildly different lengths waste the
  short ones.
- Other teams are driven by their own controllers, not by you. You coordinate
  with them only through the messages quoted in this prompt.
- At the end of the prompt are each robot's last few plans, with their
  actions and how each ended, and the messages this team has sent and
  received. A plan that failed for a reason that still holds will fail the
  same way again, and a question you already asked has its answer in the
  record.

PLAN RESPONSE:
- Return a structured plan for EVERY robot listed above, one each, tagged with
  that robot's agent_id.
- Give each robot one task and at most 6 actions; 3-6 short
  executable actions are usually enough.
- Use exact item_id values from that robot's own section of the prompt.
- Say in the team-level `reasoning` how you divided the work between them.

## 2. ENVIRONMENT RULES
Your robots act through high-level primitives, not joint commands. Each one
takes many simulation steps: driving across a room costs 30 ticks per metre, so
distance is the main cost you control. None of them can see -- each is given a
symbolic description of the room it is standing in, and only that room, and
those descriptions are listed below one robot at a time.

Rules that decide whether an action succeeds:
- To grasp, place, open or toggle an object a robot must be closer to it than
  that object's own distance threshold; beyond it the action fails with TOO_FAR.
  Each object in a robot's room listing carries what that robot can do to it
  after "->", and a distance in metres ONLY when it is out of range -- no
  distance means that robot is already close enough to act on it now.
- An out-of-range object is marked "unreachable" and offers navigate_to and
  NOTHING else. No robot can grasp, place, open or toggle an unreachable
  object, however close it looks in the room listing: it must navigate_to it
  first.
- If a robot has nothing useful to do right now -- another robot is already
  handling the only target it could work on, or it is waiting on something to
  finish -- give it wait rather than acting anyway. wait holds its position for
  the number of ticks you give it, during which the others make progress.
- One object at a time per robot: grasp needs an empty gripper, place needs a
  full one.
- Objects are exclusive, including between your own robots. If anyone is
  holding something, a grasp for it fails with "held by <agent>". Sending two
  robots after one target costs the loser the whole trip for nothing.
- Some tasks are a route: THE TEAM'S TASK lists supports the cargo must rest on
  in order, marked done / NEXT. Only the NEXT support counts when the cargo is
  placed on it; a support reached out of order does not count and costs
  nothing -- progress resumes when NEXT holds. Progress is judged on where the
  cargo rests, not on what a robot intended.
- Every id in THE TEAM'S TASK is a valid navigate_to target for any robot from
  ANY room, even when it is not in that robot's listing: navigate_to(<that id>)
  drives it there, through the house, and its next listing shows that room.
  That is how a robot changes rooms. The cargo is where the task says it
  starts (or on the last support marked done) -- send a robot there; it will
  not be found where the robots stand.
- The line "Rooms in this house" names every room. navigate_to(<room name>)
  drives a robot to a free spot inside that room, so it can reach a room whose
  objects it cannot name yet, or go and look for something.
- Refer to objects only by the ids in that robot's own room listing, which are
  the objects in the room it is standing in. They look like apple.n.01_1. Never
  invent one, and never give one robot an id that appeared only under another
  robot -- it is in a room that robot cannot see.
- An entry marked "blocked" is in that room but currently unavailable -- the
  bracketed note says why.

When an action fails, that robot's plan is abandoned. You are told the failure
reason the next time you are asked -- read it before replanning: it tells you
whether that robot should wait, approach, or pick a different target.

## 3. ROBOT CAPABILITIES
Three kinds of robot. A robot's kind is on its own header ("(drone)") and on
its line in a teammate's listing ("[carrier, ...]", "[base locks while
holding]", "[drone]").

ARM -- a robot with a gripper: grasp, place_on_top, release, open/close,
toggle, load_onto, unload_from, navigate_to, wait.
- Some arms' bases LOCK while the gripper is loaded, and navigate_to then fails
  with BASE_LOCKED; such a robot cannot deliver what it picks up. Have it load
  the object onto a carrier robot with load_onto, let the carrier drive, and
  have an arm take it back at the far end with unload_from. Both actions name
  the *carrier* as their target and need the two robots within reach of each
  other. This is a division of labour, not a detour: it is why a task can need
  more than one of your robots.
- ONLY a robot marked [base locks while holding] needs a carrier. Any other
  robot that can grasp -- a drone, an unmarked arm -- carries what it holds by
  itself: grasp, navigate_to the support, place_on_top, done. A drone that can
  lift the cargo needs nobody: routing its cargo through a carrier and back is
  a detour that costs two extra actions and a round of waiting for nothing.
  Use the carrier for the base-locked robot's legs, and only for those.

CARRIER -- a robot with no arm: cargo rides on its back.
- A carrier and what it is carrying are ONE line in that robot's room listing:

    - agent_1  (teammate)  [carrier, carrying box.n.01_1]  -> unload_from

  The cargo has no line of its own and cannot be grasped where it sits.
  unload_from(agent_1) takes it off that carrier's back and into the acting
  robot's hand; load_onto(agent_1) puts what that robot holds onto it. Both
  name the carrier, both need the two robots within reach of each other, and
  unload_from is the only way to get cargo back.
- **A carrier has no arm**, so give it navigate_to and wait and nothing else:
  no grasp, no place, no release, no load_onto or unload_from -- those are done
  *to* it by a robot that does have a hand. Its own section lists its load on
  an "On your back:" line, and it cannot put that down itself. Its job is to
  drive to where an arm is waiting, which is the whole reason a task needs two
  of them.

DRONE -- flies, holds its load under a suction mount, and its base never locks:
it carries what it grasps by itself.
- What a drone may lift is limited. The drone cannot lift the notebook. A
  robot tagged [drone] can grasp and carry the die (die.n.01_1) but NOT the
  notebook (notebook.n.01_1): grasp or unload_from on it fails with
  CANNOT_LIFT, and getting closer does not change that. Only a robot with an
  arm can lift the notebook, so give that leg to an arm; this division of
  labour is what the task is built around.

THIS TEAM'S ROBOTS:
  - ridgeback_3: ARM, base LOCKS while holding (needs a carrier to move cargo)
  - jackal_3: CARRIER (no arm; navigate_to and wait only)
  - drone_3: DRONE (flies, carries what it holds; see the lift table)

WHO MAY LIFT WHAT (this activity):
  - die.n.01: arm, drone

## 4. COOPERATION MODE: INDIVIDUAL
Every team plans for itself. No team sends or receives messages; you learn
what the other teams are doing only from what your robots see (a teammate of
another team in the listing, an object held by one of its robots). Do not
wait for others to speak. When another team already holds the cargo, give
your robots something else or wait.
---------------------------------- PROMPT / USER ----------------------------------
=== STEP 2414 ===

## 6. OBSERVATIONS -- TEAM team_3 (3 robots)

THE TEAM'S TASK (the same for every robot), in the ids it is written in:
  Move die.n.01_1, in this order, onto: the cabinet in the child's room, the bookcase in the kitchen, the refrigerator in the kitchen, the armchair in the dining room, the breakfast table in the dining room, the coffee table in the living room, the cabinet in the living room, the cabinet in the bedroom, the bed in the bedroom, the bed in the child's room.
Route S1-M5, carry die.n.01_1 through these in order:
  done  C1  ontop(die.n.01_1, cabinet.n.01_1)
  done  C2  ontop(die.n.01_1, bookcase.n.01_1)
  done  C3  ontop(die.n.01_1, electric_refrigerator.n.01_1)
  done  C4  ontop(die.n.01_1, armchair.n.01_1)
  done  C5  ontop(die.n.01_1, breakfast_table.n.01_1)
  NEXT  C6  ontop(die.n.01_1, coffee_table.n.01_1)
        C7  ontop(die.n.01_1, cabinet.n.01_2)
        C8  ontop(die.n.01_1, cabinet.n.01_3)
        C9  ontop(die.n.01_1, bed.n.01_2)
        D   ontop(die.n.01_1, bed.n.01_1)
A support reached out of order does not count, and nothing is lost by it: progress resumes when the NEXT one holds.

=== ROBOT ridgeback_3 ===
Step 2414/8000 | you are ridgeback_3 in living_room_0 (a living room)
Rooms in this house (navigate_to any of them): bathroom_0, bedroom_0, childs_room_0, closet_0, closet_1, corridor_0, dining_room_0, empty_room_0, empty_room_1, kitchen_0, living_room_0, staircase_0
Holding: nothing

living_room_0:
  - cabinet.n.01_2  Open  -> unreachable, navigate_to  [2.8 m away]
  - coffee_table.n.01_1  -> unreachable, navigate_to  [2.0 m away]
  - jackal_1  (teammate)  [carrier, empty]  -> navigate_to
  - jackal_2  (teammate)  [carrier, empty]  -> navigate_to
  - jackal_3  (teammate)  [carrier, empty]  -> unreachable, navigate_to  [2.1 m away]
  - ridgeback_1  (teammate)  [base locks while holding]
  - ridgeback_2  (teammate)  [base locks while holding]

=== ROBOT jackal_3 ===
Step 2414/8000 | you are jackal_3 in living_room_0 (a living room)
Rooms in this house (navigate_to any of them): bathroom_0, bedroom_0, childs_room_0, closet_0, closet_1, corridor_0, dining_room_0, empty_room_0, empty_room_1, kitchen_0, living_room_0, staircase_0
Holding: nothing

living_room_0:
  - cabinet.n.01_2  Open  -> unreachable, navigate_to  [2.6 m away]
  - coffee_table.n.01_1  -> navigate_to
  - jackal_1  (teammate)  [carrier, empty]
  - jackal_2  (teammate)  [carrier, empty]
  - ridgeback_1  (teammate)  [base locks while holding]
  - ridgeback_2  (teammate)  [base locks while holding]
  - ridgeback_3  (teammate)  [base locks while holding]

=== ROBOT drone_3 ===
Step 2414/8000 | you are drone_3 (drone) in childs_room_0 (a childs room)
Rooms in this house (navigate_to any of them): bathroom_0, bedroom_0, childs_room_0, closet_0, closet_1, corridor_0, dining_room_0, empty_room_0, empty_room_1, kitchen_0, living_room_0, staircase_0
Holding: nothing

childs_room_0:
  - bed.n.01_1  -> unreachable, navigate_to  [2.8 m away]
  - cabinet.n.01_1  Open  -> close, grasp, navigate_to  [Open is True]
  - floor.n.01_1  -> navigate_to

Relations:
  ontop(bed.n.01_1, floor.n.01_1)
  ontop(cabinet.n.01_1, floor.n.01_1)

## 9. ACTION HISTORY AND FAILURES
--- ridgeback_3 ---
Its current plan: wait_for_team(team_3) [interrupted]
YOUR FINISHED PLANS (most recent last):
  #4 [DONE] ontop(die.n.01_1, electric_refrigerator.n.01_1)
      plan: wait(100) -> wait(100) -> wait(100) -> wait(100) -> wait(100) -> wait(100)
      you chose it because: The die is currently held by drone_2 from another team, so I avoid a futile grasp or carrier operation and wait for the next route leg to progress.
  #6 [DONE] ontop(die.n.01_1, armchair.n.01_1)
      plan: wait(600)
      you chose it because: The die is currently being carried by drone_2 from another team, and this base-locked arm cannot help without possessing the die. Wait for the next route leg rather than duplicate the target.
  #8 [DONE] ontop(die.n.01_1, breakfast_table.n.01_1)
      plan: wait(600)
      you chose it because: The die has progressed through the armchair and is being handled by another team's drone. As a base-locked arm, I cannot help without the die, so I wait for the next route leg.

--- jackal_3 ---
Its current plan: wait_for_team(team_3) [interrupted]
YOUR FINISHED PLANS (most recent last):
  #3 [DONE] ontop(die.n.01_1, electric_refrigerator.n.01_1)
      plan: wait(100) -> wait(100) -> wait(100) -> wait(100) -> wait(100) -> wait(100)
      you chose it because: The die is already held by drone_2, and no carrier assistance is needed for that drone. I wait rather than duplicate the target.
  #5 [DONE] ontop(die.n.01_1, armchair.n.01_1)
      plan: wait(600)
      you chose it because: As a carrier with no arm, jackal_3 cannot assist while drone_2 independently carries the die. Wait for route progress.
  #7 [DONE] ontop(die.n.01_1, breakfast_table.n.01_1)
      plan: wait(600)
      you chose it because: I am an empty carrier with no arm, and the other team's drone can carry the die independently. I wait rather than duplicate or contest the exclusive cargo.

--- drone_3 ---
Its current plan: ontop(die.n.01_1, breakfast_table.n.01_1) [success]
YOUR FINISHED PLANS (most recent last):
  #3 [DONE] ontop(die.n.01_1, electric_refrigerator.n.01_1)
      plan: wait(100) -> wait(100) -> wait(100) -> wait(100) -> wait(100) -> wait(100)
      you chose it because: A previous grasp confirmed drone_2 holds the die, so attempting to take it would fail. I remain idle while that robot advances the route toward the next support.
  #4 [DONE] ontop(die.n.01_1, armchair.n.01_1)
      plan: wait(600)
      you chose it because: The die is held by drone_2, so grasping would fail. This drone waits instead of contesting the exclusive cargo.
  #5 [DONE] ontop(die.n.01_1, breakfast_table.n.01_1)
      plan: wait(600)
      you chose it because: The die is controlled by drone_2 and has already reached the armchair. I cannot grasp it while held, so I wait for the other team's drone to advance it to the breakfast table.

Return exactly 3 plans, one per robot, using each robot's own ids. Say in `reasoning` how you divided the work.
-------------------------------------- COMPLETION --------------------------------------
  plans:
    [1]
      agent_id: ridgeback_3
      task:
        task: Task.ONTOP
        object_type: die.n.01_1
        object_id: 1
        reference: coffee_table.n.01_1
      actions:
        [1]
          action_type: wait
          ticks: 600
      reasoning: The die is being carried by another team's drone and is not available to grasp. I wait for progress toward the next living-room support.
    [2]
      agent_id: jackal_3
      task:
        task: Task.ONTOP
        object_type: die.n.01_1
        object_id: 1
        reference: coffee_table.n.01_1
      actions:
        [1]
          action_type: wait
          ticks: 600
      reasoning: As an empty carrier without an arm, I cannot act on the independently carried die. I wait while the other team's drone advances it.
    [3]
      agent_id: drone_3
      task:
        task: Task.ONTOP
        object_type: die.n.01_1
        object_id: 1
        reference: coffee_table.n.01_1
      actions:
        [1]
          action_type: wait
          ticks: 600
      reasoning: The die remains controlled by another team's drone, so grasping would fail. I wait rather than contest the exclusive cargo.
  reasoning: All three team robots wait because the die is held and transported independently by drone_2 from another team. Ridgeback and jackal cannot usefully assist without possession, while drone_3 must avoid a conflicting grasp; waiting keeps the team synchronized until the route advances.
====================================================================================================
#16  ridgeback_2  env_step 2505  t=260.874s  Team Plan Generation [team_2]
  usage: 7296 tokens (prompt 6087, completion 1209)
---------------------------------- PROMPT / SYSTEM ----------------------------------
## 1. YOUR ROLE
You command TEAM 'team_2' -- 3 robots (ridgeback_2, jackal_2, drone_2) -- in a multi-agent
cooperative household task, alongside other teams doing the same. You are the
TEAM CONTROLLER: you are given all 3 robots' observations in one call and
answer with one plan per robot, in that same call.

- Divide the work. Two robots sent to the same object waste one of them: the
  loser burns the whole trip and its grasp fails with OBJECT_CLAIMED.
- Your robots start their plans together and you are not asked again until
  every one of them has finished. A robot that finishes early holds position
  and does nothing useful, so plans of wildly different lengths waste the
  short ones.
- Other teams are driven by their own controllers, not by you. You coordinate
  with them only through the messages quoted in this prompt.
- At the end of the prompt are each robot's last few plans, with their
  actions and how each ended, and the messages this team has sent and
  received. A plan that failed for a reason that still holds will fail the
  same way again, and a question you already asked has its answer in the
  record.

PLAN RESPONSE:
- Return a structured plan for EVERY robot listed above, one each, tagged with
  that robot's agent_id.
- Give each robot one task and at most 6 actions; 3-6 short
  executable actions are usually enough.
- Use exact item_id values from that robot's own section of the prompt.
- Say in the team-level `reasoning` how you divided the work between them.

## 2. ENVIRONMENT RULES
Your robots act through high-level primitives, not joint commands. Each one
takes many simulation steps: driving across a room costs 30 ticks per metre, so
distance is the main cost you control. None of them can see -- each is given a
symbolic description of the room it is standing in, and only that room, and
those descriptions are listed below one robot at a time.

Rules that decide whether an action succeeds:
- To grasp, place, open or toggle an object a robot must be closer to it than
  that object's own distance threshold; beyond it the action fails with TOO_FAR.
  Each object in a robot's room listing carries what that robot can do to it
  after "->", and a distance in metres ONLY when it is out of range -- no
  distance means that robot is already close enough to act on it now.
- An out-of-range object is marked "unreachable" and offers navigate_to and
  NOTHING else. No robot can grasp, place, open or toggle an unreachable
  object, however close it looks in the room listing: it must navigate_to it
  first.
- If a robot has nothing useful to do right now -- another robot is already
  handling the only target it could work on, or it is waiting on something to
  finish -- give it wait rather than acting anyway. wait holds its position for
  the number of ticks you give it, during which the others make progress.
- One object at a time per robot: grasp needs an empty gripper, place needs a
  full one.
- Objects are exclusive, including between your own robots. If anyone is
  holding something, a grasp for it fails with "held by <agent>". Sending two
  robots after one target costs the loser the whole trip for nothing.
- Some tasks are a route: THE TEAM'S TASK lists supports the cargo must rest on
  in order, marked done / NEXT. Only the NEXT support counts when the cargo is
  placed on it; a support reached out of order does not count and costs
  nothing -- progress resumes when NEXT holds. Progress is judged on where the
  cargo rests, not on what a robot intended.
- Every id in THE TEAM'S TASK is a valid navigate_to target for any robot from
  ANY room, even when it is not in that robot's listing: navigate_to(<that id>)
  drives it there, through the house, and its next listing shows that room.
  That is how a robot changes rooms. The cargo is where the task says it
  starts (or on the last support marked done) -- send a robot there; it will
  not be found where the robots stand.
- The line "Rooms in this house" names every room. navigate_to(<room name>)
  drives a robot to a free spot inside that room, so it can reach a room whose
  objects it cannot name yet, or go and look for something.
- Refer to objects only by the ids in that robot's own room listing, which are
  the objects in the room it is standing in. They look like apple.n.01_1. Never
  invent one, and never give one robot an id that appeared only under another
  robot -- it is in a room that robot cannot see.
- An entry marked "blocked" is in that room but currently unavailable -- the
  bracketed note says why.

When an action fails, that robot's plan is abandoned. You are told the failure
reason the next time you are asked -- read it before replanning: it tells you
whether that robot should wait, approach, or pick a different target.

## 3. ROBOT CAPABILITIES
Three kinds of robot. A robot's kind is on its own header ("(drone)") and on
its line in a teammate's listing ("[carrier, ...]", "[base locks while
holding]", "[drone]").

ARM -- a robot with a gripper: grasp, place_on_top, release, open/close,
toggle, load_onto, unload_from, navigate_to, wait.
- Some arms' bases LOCK while the gripper is loaded, and navigate_to then fails
  with BASE_LOCKED; such a robot cannot deliver what it picks up. Have it load
  the object onto a carrier robot with load_onto, let the carrier drive, and
  have an arm take it back at the far end with unload_from. Both actions name
  the *carrier* as their target and need the two robots within reach of each
  other. This is a division of labour, not a detour: it is why a task can need
  more than one of your robots.
- ONLY a robot marked [base locks while holding] needs a carrier. Any other
  robot that can grasp -- a drone, an unmarked arm -- carries what it holds by
  itself: grasp, navigate_to the support, place_on_top, done. A drone that can
  lift the cargo needs nobody: routing its cargo through a carrier and back is
  a detour that costs two extra actions and a round of waiting for nothing.
  Use the carrier for the base-locked robot's legs, and only for those.

CARRIER -- a robot with no arm: cargo rides on its back.
- A carrier and what it is carrying are ONE line in that robot's room listing:

    - agent_1  (teammate)  [carrier, carrying box.n.01_1]  -> unload_from

  The cargo has no line of its own and cannot be grasped where it sits.
  unload_from(agent_1) takes it off that carrier's back and into the acting
  robot's hand; load_onto(agent_1) puts what that robot holds onto it. Both
  name the carrier, both need the two robots within reach of each other, and
  unload_from is the only way to get cargo back.
- **A carrier has no arm**, so give it navigate_to and wait and nothing else:
  no grasp, no place, no release, no load_onto or unload_from -- those are done
  *to* it by a robot that does have a hand. Its own section lists its load on
  an "On your back:" line, and it cannot put that down itself. Its job is to
  drive to where an arm is waiting, which is the whole reason a task needs two
  of them.

DRONE -- flies, holds its load under a suction mount, and its base never locks:
it carries what it grasps by itself.
- What a drone may lift is limited. The drone cannot lift the notebook. A
  robot tagged [drone] can grasp and carry the die (die.n.01_1) but NOT the
  notebook (notebook.n.01_1): grasp or unload_from on it fails with
  CANNOT_LIFT, and getting closer does not change that. Only a robot with an
  arm can lift the notebook, so give that leg to an arm; this division of
  labour is what the task is built around.

THIS TEAM'S ROBOTS:
  - ridgeback_2: ARM, base LOCKS while holding (needs a carrier to move cargo)
  - jackal_2: CARRIER (no arm; navigate_to and wait only)
  - drone_2: DRONE (flies, carries what it holds; see the lift table)

WHO MAY LIFT WHAT (this activity):
  - die.n.01: arm, drone

## 4. COOPERATION MODE: INDIVIDUAL
Every team plans for itself. No team sends or receives messages; you learn
what the other teams are doing only from what your robots see (a teammate of
another team in the listing, an object held by one of its robots). Do not
wait for others to speak. When another team already holds the cargo, give
your robots something else or wait.
---------------------------------- PROMPT / USER ----------------------------------
=== STEP 2505 ===

## 6. OBSERVATIONS -- TEAM team_2 (3 robots)

THE TEAM'S TASK (the same for every robot), in the ids it is written in:
  Move die.n.01_1, in this order, onto: the cabinet in the child's room, the bookcase in the kitchen, the refrigerator in the kitchen, the armchair in the dining room, the breakfast table in the dining room, the coffee table in the living room, the cabinet in the living room, the cabinet in the bedroom, the bed in the bedroom, the bed in the child's room.
Route S1-M5, carry die.n.01_1 through these in order:
  done  C1  ontop(die.n.01_1, cabinet.n.01_1)
  done  C2  ontop(die.n.01_1, bookcase.n.01_1)
  done  C3  ontop(die.n.01_1, electric_refrigerator.n.01_1)
  done  C4  ontop(die.n.01_1, armchair.n.01_1)
  done  C5  ontop(die.n.01_1, breakfast_table.n.01_1)
  NEXT  C6  ontop(die.n.01_1, coffee_table.n.01_1)
        C7  ontop(die.n.01_1, cabinet.n.01_2)
        C8  ontop(die.n.01_1, cabinet.n.01_3)
        C9  ontop(die.n.01_1, bed.n.01_2)
        D   ontop(die.n.01_1, bed.n.01_1)
A support reached out of order does not count, and nothing is lost by it: progress resumes when the NEXT one holds.

=== ROBOT ridgeback_2 ===
Step 2505/8000 | you are ridgeback_2 in living_room_0 (a living room)
Rooms in this house (navigate_to any of them): bathroom_0, bedroom_0, childs_room_0, closet_0, closet_1, corridor_0, dining_room_0, empty_room_0, empty_room_1, kitchen_0, living_room_0, staircase_0
Holding: nothing

living_room_0:
  - cabinet.n.01_2  Open  -> unreachable, navigate_to  [2.1 m away]
  - coffee_table.n.01_1  -> grasp, navigate_to
  - jackal_1  (teammate)  [carrier, empty]  -> navigate_to
  - jackal_2  (teammate)  [carrier, empty]  -> navigate_to
  - jackal_3  (teammate)  [carrier, empty]  -> navigate_to
  - ridgeback_1  (teammate)  [base locks while holding]
  - ridgeback_3  (teammate)  [base locks while holding]

=== ROBOT jackal_2 ===
Step 2505/8000 | you are jackal_2 in living_room_0 (a living room)
Rooms in this house (navigate_to any of them): bathroom_0, bedroom_0, childs_room_0, closet_0, closet_1, corridor_0, dining_room_0, empty_room_0, empty_room_1, kitchen_0, living_room_0, staircase_0
Holding: nothing

living_room_0:
  - cabinet.n.01_2  Open  -> unreachable, navigate_to  [2.1 m away]
  - coffee_table.n.01_1  -> unreachable, navigate_to  [1.9 m away]
  - jackal_1  (teammate)  [carrier, empty]
  - jackal_3  (teammate)  [carrier, empty]
  - ridgeback_1  (teammate)  [base locks while holding]
  - ridgeback_2  (teammate)  [base locks while holding]
  - ridgeback_3  (teammate)  [base locks while holding]

=== ROBOT drone_2 ===
Step 2505/8000 | you are drone_2 (drone) in kitchen_0 (a kitchen)
Rooms in this house (navigate_to any of them): bathroom_0, bedroom_0, childs_room_0, closet_0, closet_1, corridor_0, dining_room_0, empty_room_0, empty_room_1, kitchen_0, living_room_0, staircase_0
Holding: nothing

kitchen_0:
  - bookcase.n.01_1  -> navigate_to
  - electric_refrigerator.n.01_1  Open  -> close, navigate_to  [Open is True]

## 9. ACTION HISTORY AND FAILURES
--- ridgeback_2 ---
Its current plan: wait_for_team(team_2) [interrupted]
YOUR FINISHED PLANS (most recent last):
  #6 [DONE] ontop(die.n.01_1, armchair.n.01_1)
      plan: wait(600)
      you chose it because: The die is currently held by teammate drone_1, so I avoid competing for it and wait while the active route leg progresses.
  #8 [DONE] ontop(die.n.01_1, breakfast_table.n.01_1)
      plan: wait(600)
      you chose it because: The drone can carry the die independently, so the locked-base arm and carrier are not needed for this leg.
  #10 [FAILED] ontop(die.n.01_1, coffee_table.n.01_1)
      plan: navigate_to(breakfast_table.n.01_1) -> grasp(die.n.01_1) -> load_onto(jackal_2) -> wait(500) -> unload_from(jackal_2) -> place_on_top(coffee_table.n.01_1)
      you chose it because: I retrieve the die from the completed breakfast-table support, load it onto the locked-base carrier, then unload and place it on the next coffee-table support.
      it failed because: navigate_to: An error occurred during each attempt of this action. Attempt 0: PLANNING_ERROR: Cannot reach breakfast_table_skczfi_0: there is no free floor space around it to stand on (need a spot ...

--- jackal_2 ---
Its current plan: wait_for_team(team_2) [interrupted]
YOUR FINISHED PLANS (most recent last):
  #4 [DONE] ontop(die.n.01_1, armchair.n.01_1)
      plan: wait(600)
      you chose it because: As a carrier without an arm, I cannot independently advance the drone-carried die; I wait while drone_1 handles the current leg.
  #6 [DONE] ontop(die.n.01_1, breakfast_table.n.01_1)
      plan: wait(600)
      you chose it because: As a carrier without an arm, I wait while drone_2 performs the die transfer.
  #7 [FAILED] ontop(die.n.01_1, coffee_table.n.01_1)
      plan: navigate_to(breakfast_table.n.01_1) -> wait(300) -> navigate_to(coffee_table.n.01_1) -> wait(300) -> place_on_top(coffee_table.n.01_1)
      you chose it because: I meet ridgeback_2 at the breakfast table to receive the die, then carry it to the coffee table while ridgeback_2 performs the final unload and placement.
      it failed because: navigate_to: An error occurred during each attempt of this action. Attempt 0: PLANNING_ERROR: Cannot reach breakfast_table_skczfi_0: there is no free floor space around it to stand on (need a spot ...

--- drone_2 ---
Its current plan: ontop(die.n.01_1, coffee_table.n.01_1) [success]
YOUR FINISHED PLANS (most recent last):
  #5 [DONE] ontop(die.n.01_1, armchair.n.01_1)
      plan: wait(600)
      you chose it because: The die is held by drone_1, indicating another team is already handling the next route movement. I wait rather than duplicate or fail an exclusive grasp.
  #6 [FAILED] ontop(die.n.01_1, breakfast_table.n.01_1)
      plan: navigate_to(die.n.01_1) -> grasp(die.n.01_1) -> navigate_to(breakfast_table.n.01_1) -> place_on_top(breakfast_table.n.01_1)
      you chose it because: I take over the next route leg by retrieving the die from the completed armchair support and carrying it directly to the breakfast table.
      it failed because: navigate_to: An error occurred during each attempt of this action. Attempt 0: PLANNING_ERROR: Cannot reach dice_154: there is no free floor space around it to stand on (need a spot 0.3-0.9 m away, ...
  #8 [DONE] ontop(die.n.01_1, coffee_table.n.01_1)
      plan: wait(100)
      you chose it because: The arm and carrier are assigned the current leg; I wait to avoid competing for the exclusive die.

Return exactly 3 plans, one per robot, using each robot's own ids. Say in `reasoning` how you divided the work.
-------------------------------------- COMPLETION --------------------------------------
  plans:
    [1]
      agent_id: ridgeback_2
      task:
        task: Task.ONTOP
        object_type: die.n.01_1
        object_id: 1
        reference: cabinet.n.01_2
      actions:
        [1]
          action_type: wait
          ticks: 100
      reasoning: The drone can carry the die independently, so the locked-base arm should avoid competing and remain idle.
    [2]
      agent_id: jackal_2
      task:
        task: Task.ONTOP
        object_type: die.n.01_1
        object_id: 1
        reference: cabinet.n.01_2
      actions:
        [1]
          action_type: wait
          ticks: 100
      reasoning: The carrier is not needed because drone_2 can transport the die without a carrier; wait rather than attempting the obstructed coffee-table route.
    [3]
      agent_id: drone_2
      task:
        task: Task.ONTOP
        object_type: die.n.01_1
        object_id: 1
        reference: cabinet.n.01_2
      actions:
        [1]
          action_type: navigate_to
          target: coffee_table.n.01_1
        [2]
          action_type: grasp
          target: die.n.01_1
        [3]
          action_type: navigate_to
          target: cabinet.n.01_2
        [4]
          action_type: place_on_top
          target: cabinet.n.01_2
      reasoning: The coffee-table leg has succeeded and the die should now rest there. I take the die directly and advance it to the next required support, the living-room cabinet; the arm and carrier wait because the drone does not need them.
  reasoning: drone_2 performs the next die transfer independently, since drones can lift and carry the die while ridgeback_2's base locks when holding. jackal_2 is therefore also kept idle, avoiding the previously failed approach to the obstructed breakfast table.
====================================================================================================
#17  ridgeback_1  env_step 2649  t=272.408s  Team Plan Generation [team_1]
  usage: 6580 tokens (prompt 5988, completion 592)
---------------------------------- PROMPT / SYSTEM ----------------------------------
## 1. YOUR ROLE
You command TEAM 'team_1' -- 3 robots (ridgeback_1, jackal_1, drone_1) -- in a multi-agent
cooperative household task, alongside other teams doing the same. You are the
TEAM CONTROLLER: you are given all 3 robots' observations in one call and
answer with one plan per robot, in that same call.

- Divide the work. Two robots sent to the same object waste one of them: the
  loser burns the whole trip and its grasp fails with OBJECT_CLAIMED.
- Your robots start their plans together and you are not asked again until
  every one of them has finished. A robot that finishes early holds position
  and does nothing useful, so plans of wildly different lengths waste the
  short ones.
- Other teams are driven by their own controllers, not by you. You coordinate
  with them only through the messages quoted in this prompt.
- At the end of the prompt are each robot's last few plans, with their
  actions and how each ended, and the messages this team has sent and
  received. A plan that failed for a reason that still holds will fail the
  same way again, and a question you already asked has its answer in the
  record.

PLAN RESPONSE:
- Return a structured plan for EVERY robot listed above, one each, tagged with
  that robot's agent_id.
- Give each robot one task and at most 6 actions; 3-6 short
  executable actions are usually enough.
- Use exact item_id values from that robot's own section of the prompt.
- Say in the team-level `reasoning` how you divided the work between them.

## 2. ENVIRONMENT RULES
Your robots act through high-level primitives, not joint commands. Each one
takes many simulation steps: driving across a room costs 30 ticks per metre, so
distance is the main cost you control. None of them can see -- each is given a
symbolic description of the room it is standing in, and only that room, and
those descriptions are listed below one robot at a time.

Rules that decide whether an action succeeds:
- To grasp, place, open or toggle an object a robot must be closer to it than
  that object's own distance threshold; beyond it the action fails with TOO_FAR.
  Each object in a robot's room listing carries what that robot can do to it
  after "->", and a distance in metres ONLY when it is out of range -- no
  distance means that robot is already close enough to act on it now.
- An out-of-range object is marked "unreachable" and offers navigate_to and
  NOTHING else. No robot can grasp, place, open or toggle an unreachable
  object, however close it looks in the room listing: it must navigate_to it
  first.
- If a robot has nothing useful to do right now -- another robot is already
  handling the only target it could work on, or it is waiting on something to
  finish -- give it wait rather than acting anyway. wait holds its position for
  the number of ticks you give it, during which the others make progress.
- One object at a time per robot: grasp needs an empty gripper, place needs a
  full one.
- Objects are exclusive, including between your own robots. If anyone is
  holding something, a grasp for it fails with "held by <agent>". Sending two
  robots after one target costs the loser the whole trip for nothing.
- Some tasks are a route: THE TEAM'S TASK lists supports the cargo must rest on
  in order, marked done / NEXT. Only the NEXT support counts when the cargo is
  placed on it; a support reached out of order does not count and costs
  nothing -- progress resumes when NEXT holds. Progress is judged on where the
  cargo rests, not on what a robot intended.
- Every id in THE TEAM'S TASK is a valid navigate_to target for any robot from
  ANY room, even when it is not in that robot's listing: navigate_to(<that id>)
  drives it there, through the house, and its next listing shows that room.
  That is how a robot changes rooms. The cargo is where the task says it
  starts (or on the last support marked done) -- send a robot there; it will
  not be found where the robots stand.
- The line "Rooms in this house" names every room. navigate_to(<room name>)
  drives a robot to a free spot inside that room, so it can reach a room whose
  objects it cannot name yet, or go and look for something.
- Refer to objects only by the ids in that robot's own room listing, which are
  the objects in the room it is standing in. They look like apple.n.01_1. Never
  invent one, and never give one robot an id that appeared only under another
  robot -- it is in a room that robot cannot see.
- An entry marked "blocked" is in that room but currently unavailable -- the
  bracketed note says why.

When an action fails, that robot's plan is abandoned. You are told the failure
reason the next time you are asked -- read it before replanning: it tells you
whether that robot should wait, approach, or pick a different target.

## 3. ROBOT CAPABILITIES
Three kinds of robot. A robot's kind is on its own header ("(drone)") and on
its line in a teammate's listing ("[carrier, ...]", "[base locks while
holding]", "[drone]").

ARM -- a robot with a gripper: grasp, place_on_top, release, open/close,
toggle, load_onto, unload_from, navigate_to, wait.
- Some arms' bases LOCK while the gripper is loaded, and navigate_to then fails
  with BASE_LOCKED; such a robot cannot deliver what it picks up. Have it load
  the object onto a carrier robot with load_onto, let the carrier drive, and
  have an arm take it back at the far end with unload_from. Both actions name
  the *carrier* as their target and need the two robots within reach of each
  other. This is a division of labour, not a detour: it is why a task can need
  more than one of your robots.
- ONLY a robot marked [base locks while holding] needs a carrier. Any other
  robot that can grasp -- a drone, an unmarked arm -- carries what it holds by
  itself: grasp, navigate_to the support, place_on_top, done. A drone that can
  lift the cargo needs nobody: routing its cargo through a carrier and back is
  a detour that costs two extra actions and a round of waiting for nothing.
  Use the carrier for the base-locked robot's legs, and only for those.

CARRIER -- a robot with no arm: cargo rides on its back.
- A carrier and what it is carrying are ONE line in that robot's room listing:

    - agent_1  (teammate)  [carrier, carrying box.n.01_1]  -> unload_from

  The cargo has no line of its own and cannot be grasped where it sits.
  unload_from(agent_1) takes it off that carrier's back and into the acting
  robot's hand; load_onto(agent_1) puts what that robot holds onto it. Both
  name the carrier, both need the two robots within reach of each other, and
  unload_from is the only way to get cargo back.
- **A carrier has no arm**, so give it navigate_to and wait and nothing else:
  no grasp, no place, no release, no load_onto or unload_from -- those are done
  *to* it by a robot that does have a hand. Its own section lists its load on
  an "On your back:" line, and it cannot put that down itself. Its job is to
  drive to where an arm is waiting, which is the whole reason a task needs two
  of them.

DRONE -- flies, holds its load under a suction mount, and its base never locks:
it carries what it grasps by itself.
- What a drone may lift is limited. The drone cannot lift the notebook. A
  robot tagged [drone] can grasp and carry the die (die.n.01_1) but NOT the
  notebook (notebook.n.01_1): grasp or unload_from on it fails with
  CANNOT_LIFT, and getting closer does not change that. Only a robot with an
  arm can lift the notebook, so give that leg to an arm; this division of
  labour is what the task is built around.

THIS TEAM'S ROBOTS:
  - ridgeback_1: ARM, base LOCKS while holding (needs a carrier to move cargo)
  - jackal_1: CARRIER (no arm; navigate_to and wait only)
  - drone_1: DRONE (flies, carries what it holds; see the lift table)

WHO MAY LIFT WHAT (this activity):
  - die.n.01: arm, drone

## 4. COOPERATION MODE: INDIVIDUAL
Every team plans for itself. No team sends or receives messages; you learn
what the other teams are doing only from what your robots see (a teammate of
another team in the listing, an object held by one of its robots). Do not
wait for others to speak. When another team already holds the cargo, give
your robots something else or wait.
---------------------------------- PROMPT / USER ----------------------------------
=== STEP 2649 ===

## 6. OBSERVATIONS -- TEAM team_1 (3 robots)

THE TEAM'S TASK (the same for every robot), in the ids it is written in:
  Move die.n.01_1, in this order, onto: the cabinet in the child's room, the bookcase in the kitchen, the refrigerator in the kitchen, the armchair in the dining room, the breakfast table in the dining room, the coffee table in the living room, the cabinet in the living room, the cabinet in the bedroom, the bed in the bedroom, the bed in the child's room.
Route S1-M5, carry die.n.01_1 through these in order:
  done  C1  ontop(die.n.01_1, cabinet.n.01_1)
  done  C2  ontop(die.n.01_1, bookcase.n.01_1)
  done  C3  ontop(die.n.01_1, electric_refrigerator.n.01_1)
  done  C4  ontop(die.n.01_1, armchair.n.01_1)
  done  C5  ontop(die.n.01_1, breakfast_table.n.01_1)
  NEXT  C6  ontop(die.n.01_1, coffee_table.n.01_1)
        C7  ontop(die.n.01_1, cabinet.n.01_2)
        C8  ontop(die.n.01_1, cabinet.n.01_3)
        C9  ontop(die.n.01_1, bed.n.01_2)
        D   ontop(die.n.01_1, bed.n.01_1)
A support reached out of order does not count, and nothing is lost by it: progress resumes when the NEXT one holds.

=== ROBOT ridgeback_1 ===
Step 2649/8000 | you are ridgeback_1 in living_room_0 (a living room)
Rooms in this house (navigate_to any of them): bathroom_0, bedroom_0, childs_room_0, closet_0, closet_1, corridor_0, dining_room_0, empty_room_0, empty_room_1, kitchen_0, living_room_0, staircase_0
Holding: nothing

living_room_0:
  - cabinet.n.01_2  Open  -> unreachable, navigate_to  [2.6 m away]
  - coffee_table.n.01_1  -> grasp, navigate_to
  - jackal_1  (teammate)  [carrier, empty]  -> navigate_to
  - jackal_2  (teammate)  [carrier, empty]  -> navigate_to
  - jackal_3  (teammate)  [carrier, empty]  -> navigate_to
  - ridgeback_2  (teammate)  [base locks while holding]
  - ridgeback_3  (teammate)  [base locks while holding]

=== ROBOT jackal_1 ===
Step 2649/8000 | you are jackal_1 in living_room_0 (a living room)
Rooms in this house (navigate_to any of them): bathroom_0, bedroom_0, childs_room_0, closet_0, closet_1, corridor_0, dining_room_0, empty_room_0, empty_room_1, kitchen_0, living_room_0, staircase_0
Holding: nothing

living_room_0:
  - cabinet.n.01_2  Open  -> unreachable, navigate_to  [3.2 m away]
  - coffee_table.n.01_1  -> navigate_to
  - jackal_2  (teammate)  [carrier, empty]
  - jackal_3  (teammate)  [carrier, empty]
  - ridgeback_1  (teammate)  [base locks while holding]
  - ridgeback_2  (teammate)  [base locks while holding]
  - ridgeback_3  (teammate)  [base locks while holding]

=== ROBOT drone_1 ===
Step 2649/8000 | you are drone_1 (drone) in dining_room_0 (a dining room)
Rooms in this house (navigate_to any of them): bathroom_0, bedroom_0, childs_room_0, closet_0, closet_1, corridor_0, dining_room_0, empty_room_0, empty_room_1, kitchen_0, living_room_0, staircase_0
Holding: nothing

dining_room_0:
  - armchair.n.01_1  -> unreachable, navigate_to  [1.4 m away]
  - breakfast_table.n.01_1  -> grasp, navigate_to
  - die.n.01_1  -> grasp, navigate_to

Relations:
  ontop(die.n.01_1, breakfast_table.n.01_1)

## 9. ACTION HISTORY AND FAILURES
--- ridgeback_1 ---
Its current plan: wait_for_team(team_1) [interrupted]
YOUR FINISHED PLANS (most recent last):
  #6 [DONE] ontop(die.n.01_1, electric_refrigerator.n.01_1)
      plan: wait(600)
      you chose it because: The drone can carry the die directly and does not need a carrier; I wait while it completes the refrigerator leg.
  #8 [DONE] ontop(die.n.01_1, armchair.n.01_1)
      plan: wait(600)
      you chose it because: The drone is already carrying the die and can fly directly to the next support without carrier assistance; I wait rather than duplicate its route.
  #10 [DONE] ontop(die.n.01_1, breakfast_table.n.01_1)
      plan: wait(600)
      you chose it because: The drone can carry the die without a locked base; I wait rather than duplicate the cargo route.

--- jackal_1 ---
Its current plan: ontop(die.n.01_1, breakfast_table.n.01_1) [success]
YOUR FINISHED PLANS (most recent last):
  #5 [DONE] ontop(die.n.01_1, electric_refrigerator.n.01_1)
      plan: wait(600)
      you chose it because: As a carrier, I am unnecessary for the drone's unlocked flight; I wait without duplicating the die task.
  #6 [DONE] ontop(die.n.01_1, armchair.n.01_1)
      plan: wait(600)
      you chose it because: As a carrier, I am unnecessary for the drone, which can carry the die with its unlocked base; I hold position while the drone completes C4.
  #7 [DONE] ontop(die.n.01_1, breakfast_table.n.01_1)
      plan: wait(600)
      you chose it because: As a carrier, I am unnecessary for the drone's unlocked die transport, so I hold position.

--- drone_1 ---
Its current plan: wait_for_team(team_1) [interrupted]
YOUR FINISHED PLANS (most recent last):
  #4 [FAILED] ontop(die.n.01_1, electric_refrigerator.n.01_1)
      plan: navigate_to(bookcase.n.01_1) -> grasp(die.n.01_1) -> navigate_to(electric_refrigerator.n.01_1) -> open(electric_refrigerator.n.01_1) -> place_on_top(electric_refrigerator.n.01_1)
      you chose it because: I retrieve the die from the completed bookcase support and fly it to the NEXT support, the kitchen refrigerator, opening it if required before placement.
      it failed because: open: An error occurred during each attempt of this action. Attempt 0: PRE_CONDITION_ERROR: Cannot open or close an object while holding an object. Additional info: {'object in hand': 'dice_154'}
  #6 [DONE] ontop(die.n.01_1, armchair.n.01_1)
      plan: navigate_to(armchair.n.01_1) -> place_on_top(armchair.n.01_1)
      you chose it because: I am already holding the die after the completed refrigerator leg. I carry it directly to the next required support, the dining-room armchair, and place it there.
  #8 [DONE] ontop(die.n.01_1, breakfast_table.n.01_1)
      plan: navigate_to(armchair.n.01_1) -> grasp(die.n.01_1) -> navigate_to(breakfast_table.n.01_1) -> place_on_top(breakfast_table.n.01_1)
      you chose it because: I alone can directly lift and carry the die efficiently. I retrieve it from the completed armchair support and place it on the NEXT breakfast table support.

Return exactly 3 plans, one per robot, using each robot's own ids. Say in `reasoning` how you divided the work.
-------------------------------------- COMPLETION --------------------------------------
  plans:
    [1]
      agent_id: ridgeback_1
      task:
        task: Task.ONTOP
        object_type: die.n.01_1
        object_id: 1
        reference: coffee_table.n.01_1
      actions:
        [1]
          action_type: wait
          ticks: 500
      reasoning: The drone can carry the die without a locked base, so I wait while it moves the die from the breakfast table to the coffee table.
    [2]
      agent_id: jackal_1
      task:
        task: Task.ONTOP
        object_type: die.n.01_1
        object_id: 1
        reference: coffee_table.n.01_1
      actions:
        [1]
          action_type: wait
          ticks: 500
      reasoning: As a carrier, I am not needed for the drone's direct die transport; I wait rather than duplicate the route.
    [3]
      agent_id: drone_1
      task:
        task: Task.ONTOP
        object_type: die.n.01_1
        object_id: 1
        reference: coffee_table.n.01_1
      actions:
        [1]
          action_type: grasp
          target: die.n.01_1
        [2]
          action_type: navigate_to
          target: coffee_table.n.01_1
        [3]
          action_type: place_on_top
          target: coffee_table.n.01_1
      reasoning: I retrieve the die from the completed breakfast-table support, fly it to the NEXT coffee-table support, and place it there.
  reasoning: The drone handles the die because it can lift and carry it without base locking. Both the locked-base arm and the carrier wait, avoiding duplicate work and unnecessary trips.
====================================================================================================
#18  ridgeback_2  env_step 2727  t=282.165s  Team Plan Generation [team_2]
  usage: 6931 tokens (prompt 6376, completion 555)
---------------------------------- PROMPT / SYSTEM ----------------------------------
## 1. YOUR ROLE
You command TEAM 'team_2' -- 3 robots (ridgeback_2, jackal_2, drone_2) -- in a multi-agent
cooperative household task, alongside other teams doing the same. You are the
TEAM CONTROLLER: you are given all 3 robots' observations in one call and
answer with one plan per robot, in that same call.

- Divide the work. Two robots sent to the same object waste one of them: the
  loser burns the whole trip and its grasp fails with OBJECT_CLAIMED.
- Your robots start their plans together and you are not asked again until
  every one of them has finished. A robot that finishes early holds position
  and does nothing useful, so plans of wildly different lengths waste the
  short ones.
- Other teams are driven by their own controllers, not by you. You coordinate
  with them only through the messages quoted in this prompt.
- At the end of the prompt are each robot's last few plans, with their
  actions and how each ended, and the messages this team has sent and
  received. A plan that failed for a reason that still holds will fail the
  same way again, and a question you already asked has its answer in the
  record.

PLAN RESPONSE:
- Return a structured plan for EVERY robot listed above, one each, tagged with
  that robot's agent_id.
- Give each robot one task and at most 6 actions; 3-6 short
  executable actions are usually enough.
- Use exact item_id values from that robot's own section of the prompt.
- Say in the team-level `reasoning` how you divided the work between them.

## 2. ENVIRONMENT RULES
Your robots act through high-level primitives, not joint commands. Each one
takes many simulation steps: driving across a room costs 30 ticks per metre, so
distance is the main cost you control. None of them can see -- each is given a
symbolic description of the room it is standing in, and only that room, and
those descriptions are listed below one robot at a time.

Rules that decide whether an action succeeds:
- To grasp, place, open or toggle an object a robot must be closer to it than
  that object's own distance threshold; beyond it the action fails with TOO_FAR.
  Each object in a robot's room listing carries what that robot can do to it
  after "->", and a distance in metres ONLY when it is out of range -- no
  distance means that robot is already close enough to act on it now.
- An out-of-range object is marked "unreachable" and offers navigate_to and
  NOTHING else. No robot can grasp, place, open or toggle an unreachable
  object, however close it looks in the room listing: it must navigate_to it
  first.
- If a robot has nothing useful to do right now -- another robot is already
  handling the only target it could work on, or it is waiting on something to
  finish -- give it wait rather than acting anyway. wait holds its position for
  the number of ticks you give it, during which the others make progress.
- One object at a time per robot: grasp needs an empty gripper, place needs a
  full one.
- Objects are exclusive, including between your own robots. If anyone is
  holding something, a grasp for it fails with "held by <agent>". Sending two
  robots after one target costs the loser the whole trip for nothing.
- Some tasks are a route: THE TEAM'S TASK lists supports the cargo must rest on
  in order, marked done / NEXT. Only the NEXT support counts when the cargo is
  placed on it; a support reached out of order does not count and costs
  nothing -- progress resumes when NEXT holds. Progress is judged on where the
  cargo rests, not on what a robot intended.
- Every id in THE TEAM'S TASK is a valid navigate_to target for any robot from
  ANY room, even when it is not in that robot's listing: navigate_to(<that id>)
  drives it there, through the house, and its next listing shows that room.
  That is how a robot changes rooms. The cargo is where the task says it
  starts (or on the last support marked done) -- send a robot there; it will
  not be found where the robots stand.
- The line "Rooms in this house" names every room. navigate_to(<room name>)
  drives a robot to a free spot inside that room, so it can reach a room whose
  objects it cannot name yet, or go and look for something.
- Refer to objects only by the ids in that robot's own room listing, which are
  the objects in the room it is standing in. They look like apple.n.01_1. Never
  invent one, and never give one robot an id that appeared only under another
  robot -- it is in a room that robot cannot see.
- An entry marked "blocked" is in that room but currently unavailable -- the
  bracketed note says why.

When an action fails, that robot's plan is abandoned. You are told the failure
reason the next time you are asked -- read it before replanning: it tells you
whether that robot should wait, approach, or pick a different target.

## 3. ROBOT CAPABILITIES
Three kinds of robot. A robot's kind is on its own header ("(drone)") and on
its line in a teammate's listing ("[carrier, ...]", "[base locks while
holding]", "[drone]").

ARM -- a robot with a gripper: grasp, place_on_top, release, open/close,
toggle, load_onto, unload_from, navigate_to, wait.
- Some arms' bases LOCK while the gripper is loaded, and navigate_to then fails
  with BASE_LOCKED; such a robot cannot deliver what it picks up. Have it load
  the object onto a carrier robot with load_onto, let the carrier drive, and
  have an arm take it back at the far end with unload_from. Both actions name
  the *carrier* as their target and need the two robots within reach of each
  other. This is a division of labour, not a detour: it is why a task can need
  more than one of your robots.
- ONLY a robot marked [base locks while holding] needs a carrier. Any other
  robot that can grasp -- a drone, an unmarked arm -- carries what it holds by
  itself: grasp, navigate_to the support, place_on_top, done. A drone that can
  lift the cargo needs nobody: routing its cargo through a carrier and back is
  a detour that costs two extra actions and a round of waiting for nothing.
  Use the carrier for the base-locked robot's legs, and only for those.

CARRIER -- a robot with no arm: cargo rides on its back.
- A carrier and what it is carrying are ONE line in that robot's room listing:

    - agent_1  (teammate)  [carrier, carrying box.n.01_1]  -> unload_from

  The cargo has no line of its own and cannot be grasped where it sits.
  unload_from(agent_1) takes it off that carrier's back and into the acting
  robot's hand; load_onto(agent_1) puts what that robot holds onto it. Both
  name the carrier, both need the two robots within reach of each other, and
  unload_from is the only way to get cargo back.
- **A carrier has no arm**, so give it navigate_to and wait and nothing else:
  no grasp, no place, no release, no load_onto or unload_from -- those are done
  *to* it by a robot that does have a hand. Its own section lists its load on
  an "On your back:" line, and it cannot put that down itself. Its job is to
  drive to where an arm is waiting, which is the whole reason a task needs two
  of them.

DRONE -- flies, holds its load under a suction mount, and its base never locks:
it carries what it grasps by itself.
- What a drone may lift is limited. The drone cannot lift the notebook. A
  robot tagged [drone] can grasp and carry the die (die.n.01_1) but NOT the
  notebook (notebook.n.01_1): grasp or unload_from on it fails with
  CANNOT_LIFT, and getting closer does not change that. Only a robot with an
  arm can lift the notebook, so give that leg to an arm; this division of
  labour is what the task is built around.

THIS TEAM'S ROBOTS:
  - ridgeback_2: ARM, base LOCKS while holding (needs a carrier to move cargo)
  - jackal_2: CARRIER (no arm; navigate_to and wait only)
  - drone_2: DRONE (flies, carries what it holds; see the lift table)

WHO MAY LIFT WHAT (this activity):
  - die.n.01: arm, drone

## 4. COOPERATION MODE: INDIVIDUAL
Every team plans for itself. No team sends or receives messages; you learn
what the other teams are doing only from what your robots see (a teammate of
another team in the listing, an object held by one of its robots). Do not
wait for others to speak. When another team already holds the cargo, give
your robots something else or wait.
---------------------------------- PROMPT / USER ----------------------------------
=== STEP 2727 ===

## 6. OBSERVATIONS -- TEAM team_2 (3 robots)

THE TEAM'S TASK (the same for every robot), in the ids it is written in:
  Move die.n.01_1, in this order, onto: the cabinet in the child's room, the bookcase in the kitchen, the refrigerator in the kitchen, the armchair in the dining room, the breakfast table in the dining room, the coffee table in the living room, the cabinet in the living room, the cabinet in the bedroom, the bed in the bedroom, the bed in the child's room.
Route S1-M5, carry die.n.01_1 through these in order:
  done  C1  ontop(die.n.01_1, cabinet.n.01_1)
  done  C2  ontop(die.n.01_1, bookcase.n.01_1)
  done  C3  ontop(die.n.01_1, electric_refrigerator.n.01_1)
  done  C4  ontop(die.n.01_1, armchair.n.01_1)
  done  C5  ontop(die.n.01_1, breakfast_table.n.01_1)
  NEXT  C6  ontop(die.n.01_1, coffee_table.n.01_1)
        C7  ontop(die.n.01_1, cabinet.n.01_2)
        C8  ontop(die.n.01_1, cabinet.n.01_3)
        C9  ontop(die.n.01_1, bed.n.01_2)
        D   ontop(die.n.01_1, bed.n.01_1)
A support reached out of order does not count, and nothing is lost by it: progress resumes when the NEXT one holds.

=== ROBOT ridgeback_2 ===
Step 2727/8000 | you are ridgeback_2 in living_room_0 (a living room)
Rooms in this house (navigate_to any of them): bathroom_0, bedroom_0, childs_room_0, closet_0, closet_1, corridor_0, dining_room_0, empty_room_0, empty_room_1, kitchen_0, living_room_0, staircase_0
Holding: nothing

living_room_0:
  - cabinet.n.01_2  Open  -> unreachable, navigate_to  [2.1 m away]
  - coffee_table.n.01_1  -> grasp, navigate_to
  - drone_2  (teammate)  [drone]
  - jackal_1  (teammate)  [carrier, empty]  -> navigate_to
  - jackal_2  (teammate)  [carrier, empty]  -> navigate_to
  - jackal_3  (teammate)  [carrier, empty]  -> navigate_to
  - ridgeback_1  (teammate)  [base locks while holding]
  - ridgeback_3  (teammate)  [base locks while holding]

=== ROBOT jackal_2 ===
Step 2727/8000 | you are jackal_2 in living_room_0 (a living room)
Rooms in this house (navigate_to any of them): bathroom_0, bedroom_0, childs_room_0, closet_0, closet_1, corridor_0, dining_room_0, empty_room_0, empty_room_1, kitchen_0, living_room_0, staircase_0
Holding: nothing

living_room_0:
  - cabinet.n.01_2  Open  -> unreachable, navigate_to  [2.1 m away]
  - coffee_table.n.01_1  -> unreachable, navigate_to  [1.9 m away]
  - drone_2  (teammate)  [drone]
  - jackal_1  (teammate)  [carrier, empty]
  - jackal_3  (teammate)  [carrier, empty]
  - ridgeback_1  (teammate)  [base locks while holding]
  - ridgeback_2  (teammate)  [base locks while holding]
  - ridgeback_3  (teammate)  [base locks while holding]

=== ROBOT drone_2 ===
Step 2727/8000 | you are drone_2 (drone) in living_room_0 (a living room)
Rooms in this house (navigate_to any of them): bathroom_0, bedroom_0, childs_room_0, closet_0, closet_1, corridor_0, dining_room_0, empty_room_0, empty_room_1, kitchen_0, living_room_0, staircase_0
Holding: nothing

living_room_0:
  - cabinet.n.01_2  Open  -> unreachable, navigate_to  [4.0 m away]
  - coffee_table.n.01_1  -> grasp, navigate_to
  - jackal_1  (teammate)  [carrier, empty]  -> unreachable, navigate_to  [2.4 m away]
  - jackal_2  (teammate)  [carrier, empty]  -> unreachable, navigate_to  [2.9 m away]
  - jackal_3  (teammate)  [carrier, empty]  -> unreachable, navigate_to  [1.4 m away]
  - ridgeback_1  (teammate)  [base locks while holding]
  - ridgeback_2  (teammate)  [base locks while holding]
  - ridgeback_3  (teammate)  [base locks while holding]

## 9. ACTION HISTORY AND FAILURES
--- ridgeback_2 ---
Its current plan: wait_for_team(team_2) [interrupted]
YOUR FINISHED PLANS (most recent last):
  #8 [DONE] ontop(die.n.01_1, breakfast_table.n.01_1)
      plan: wait(600)
      you chose it because: The drone can carry the die independently, so the locked-base arm and carrier are not needed for this leg.
  #10 [FAILED] ontop(die.n.01_1, coffee_table.n.01_1)
      plan: navigate_to(breakfast_table.n.01_1) -> grasp(die.n.01_1) -> load_onto(jackal_2) -> wait(500) -> unload_from(jackal_2) -> place_on_top(coffee_table.n.01_1)
      you chose it because: I retrieve the die from the completed breakfast-table support, load it onto the locked-base carrier, then unload and place it on the next coffee-table support.
      it failed because: navigate_to: An error occurred during each attempt of this action. Attempt 0: PLANNING_ERROR: Cannot reach breakfast_table_skczfi_0: there is no free floor space around it to stand on (need a spot ...
  #12 [DONE] ontop(die.n.01_1, cabinet.n.01_2)
      plan: wait(100)
      you chose it because: The drone can carry the die independently, so the locked-base arm should avoid competing and remain idle.

--- jackal_2 ---
Its current plan: wait_for_team(team_2) [interrupted]
YOUR FINISHED PLANS (most recent last):
  #6 [DONE] ontop(die.n.01_1, breakfast_table.n.01_1)
      plan: wait(600)
      you chose it because: As a carrier without an arm, I wait while drone_2 performs the die transfer.
  #7 [FAILED] ontop(die.n.01_1, coffee_table.n.01_1)
      plan: navigate_to(breakfast_table.n.01_1) -> wait(300) -> navigate_to(coffee_table.n.01_1) -> wait(300) -> place_on_top(coffee_table.n.01_1)
      you chose it because: I meet ridgeback_2 at the breakfast table to receive the die, then carry it to the coffee table while ridgeback_2 performs the final unload and placement.
      it failed because: navigate_to: An error occurred during each attempt of this action. Attempt 0: PLANNING_ERROR: Cannot reach breakfast_table_skczfi_0: there is no free floor space around it to stand on (need a spot ...
  #9 [DONE] ontop(die.n.01_1, cabinet.n.01_2)
      plan: wait(100)
      you chose it because: The carrier is not needed because drone_2 can transport the die without a carrier; wait rather than attempting the obstructed coffee-table route.

--- drone_2 ---
Its current plan: ontop(die.n.01_1, cabinet.n.01_2) [failed]
YOUR FINISHED PLANS (most recent last):
  #6 [FAILED] ontop(die.n.01_1, breakfast_table.n.01_1)
      plan: navigate_to(die.n.01_1) -> grasp(die.n.01_1) -> navigate_to(breakfast_table.n.01_1) -> place_on_top(breakfast_table.n.01_1)
      you chose it because: I take over the next route leg by retrieving the die from the completed armchair support and carrying it directly to the breakfast table.
      it failed because: navigate_to: An error occurred during each attempt of this action. Attempt 0: PLANNING_ERROR: Cannot reach dice_154: there is no free floor space around it to stand on (need a spot 0.3-0.9 m away, ...
  #8 [DONE] ontop(die.n.01_1, coffee_table.n.01_1)
      plan: wait(100)
      you chose it because: The arm and carrier are assigned the current leg; I wait to avoid competing for the exclusive die.
  #9 [FAILED] ontop(die.n.01_1, cabinet.n.01_2)
      plan: navigate_to(coffee_table.n.01_1) -> grasp(die.n.01_1) -> navigate_to(cabinet.n.01_2) -> place_on_top(cabinet.n.01_2)
      you chose it because: The coffee-table leg has succeeded and the die should now rest there. I take the die directly and advance it to the next required support, the living-room cabinet; the arm and carrier wait because the drone does not need them.
      it failed because: grasp: An error occurred during each attempt of this action. Attempt 0: PRE_CONDITION_ERROR: dice_154 is currently held by drone_1, so you cannot grasp it. Pick a different target, or ask them to r...

Return exactly 3 plans, one per robot, using each robot's own ids. Say in `reasoning` how you divided the work.
-------------------------------------- COMPLETION --------------------------------------
  plans:
    [1]
      agent_id: ridgeback_2
      task:
        task: Task.ONTOP
        object_type: die.n.01_1
        object_id: 1
        reference: cabinet.n.01_3
      actions:
        [1]
          action_type: wait
          ticks: 600
      reasoning: The die is currently held by drone_1 from another team, so I avoid competing and wait for the current transfer to finish.
    [2]
      agent_id: jackal_2
      task:
        task: Task.ONTOP
        object_type: die.n.01_1
        object_id: 1
        reference: cabinet.n.01_3
      actions:
        [1]
          action_type: wait
          ticks: 600
      reasoning: As a carrier without an arm, I cannot act until the exclusive die is released; I wait while the other team advances it.
    [3]
      agent_id: drone_2
      task:
        task: Task.ONTOP
        object_type: die.n.01_1
        object_id: 1
        reference: cabinet.n.01_3
      actions:
        [1]
          action_type: wait
          ticks: 600
      reasoning: Another team's drone currently holds the die, so I wait rather than attempting a guaranteed OBJECT_CLAIMED grasp.
  reasoning: The die is exclusively held by drone_1 of another team, which is already handling the current route leg. All three team_2 robots wait to avoid wasted travel and failed competing actions; the locked-base arm and carrier remain available for a later leg if needed.
====================================================================================================
#19  ridgeback_3  env_step 3015  t=307.288s  Team Plan Generation [team_3]
  usage: 7404 tokens (prompt 6029, completion 1375)
---------------------------------- PROMPT / SYSTEM ----------------------------------
## 1. YOUR ROLE
You command TEAM 'team_3' -- 3 robots (ridgeback_3, jackal_3, drone_3) -- in a multi-agent
cooperative household task, alongside other teams doing the same. You are the
TEAM CONTROLLER: you are given all 3 robots' observations in one call and
answer with one plan per robot, in that same call.

- Divide the work. Two robots sent to the same object waste one of them: the
  loser burns the whole trip and its grasp fails with OBJECT_CLAIMED.
- Your robots start their plans together and you are not asked again until
  every one of them has finished. A robot that finishes early holds position
  and does nothing useful, so plans of wildly different lengths waste the
  short ones.
- Other teams are driven by their own controllers, not by you. You coordinate
  with them only through the messages quoted in this prompt.
- At the end of the prompt are each robot's last few plans, with their
  actions and how each ended, and the messages this team has sent and
  received. A plan that failed for a reason that still holds will fail the
  same way again, and a question you already asked has its answer in the
  record.

PLAN RESPONSE:
- Return a structured plan for EVERY robot listed above, one each, tagged with
  that robot's agent_id.
- Give each robot one task and at most 6 actions; 3-6 short
  executable actions are usually enough.
- Use exact item_id values from that robot's own section of the prompt.
- Say in the team-level `reasoning` how you divided the work between them.

## 2. ENVIRONMENT RULES
Your robots act through high-level primitives, not joint commands. Each one
takes many simulation steps: driving across a room costs 30 ticks per metre, so
distance is the main cost you control. None of them can see -- each is given a
symbolic description of the room it is standing in, and only that room, and
those descriptions are listed below one robot at a time.

Rules that decide whether an action succeeds:
- To grasp, place, open or toggle an object a robot must be closer to it than
  that object's own distance threshold; beyond it the action fails with TOO_FAR.
  Each object in a robot's room listing carries what that robot can do to it
  after "->", and a distance in metres ONLY when it is out of range -- no
  distance means that robot is already close enough to act on it now.
- An out-of-range object is marked "unreachable" and offers navigate_to and
  NOTHING else. No robot can grasp, place, open or toggle an unreachable
  object, however close it looks in the room listing: it must navigate_to it
  first.
- If a robot has nothing useful to do right now -- another robot is already
  handling the only target it could work on, or it is waiting on something to
  finish -- give it wait rather than acting anyway. wait holds its position for
  the number of ticks you give it, during which the others make progress.
- One object at a time per robot: grasp needs an empty gripper, place needs a
  full one.
- Objects are exclusive, including between your own robots. If anyone is
  holding something, a grasp for it fails with "held by <agent>". Sending two
  robots after one target costs the loser the whole trip for nothing.
- Some tasks are a route: THE TEAM'S TASK lists supports the cargo must rest on
  in order, marked done / NEXT. Only the NEXT support counts when the cargo is
  placed on it; a support reached out of order does not count and costs
  nothing -- progress resumes when NEXT holds. Progress is judged on where the
  cargo rests, not on what a robot intended.
- Every id in THE TEAM'S TASK is a valid navigate_to target for any robot from
  ANY room, even when it is not in that robot's listing: navigate_to(<that id>)
  drives it there, through the house, and its next listing shows that room.
  That is how a robot changes rooms. The cargo is where the task says it
  starts (or on the last support marked done) -- send a robot there; it will
  not be found where the robots stand.
- The line "Rooms in this house" names every room. navigate_to(<room name>)
  drives a robot to a free spot inside that room, so it can reach a room whose
  objects it cannot name yet, or go and look for something.
- Refer to objects only by the ids in that robot's own room listing, which are
  the objects in the room it is standing in. They look like apple.n.01_1. Never
  invent one, and never give one robot an id that appeared only under another
  robot -- it is in a room that robot cannot see.
- An entry marked "blocked" is in that room but currently unavailable -- the
  bracketed note says why.

When an action fails, that robot's plan is abandoned. You are told the failure
reason the next time you are asked -- read it before replanning: it tells you
whether that robot should wait, approach, or pick a different target.

## 3. ROBOT CAPABILITIES
Three kinds of robot. A robot's kind is on its own header ("(drone)") and on
its line in a teammate's listing ("[carrier, ...]", "[base locks while
holding]", "[drone]").

ARM -- a robot with a gripper: grasp, place_on_top, release, open/close,
toggle, load_onto, unload_from, navigate_to, wait.
- Some arms' bases LOCK while the gripper is loaded, and navigate_to then fails
  with BASE_LOCKED; such a robot cannot deliver what it picks up. Have it load
  the object onto a carrier robot with load_onto, let the carrier drive, and
  have an arm take it back at the far end with unload_from. Both actions name
  the *carrier* as their target and need the two robots within reach of each
  other. This is a division of labour, not a detour: it is why a task can need
  more than one of your robots.
- ONLY a robot marked [base locks while holding] needs a carrier. Any other
  robot that can grasp -- a drone, an unmarked arm -- carries what it holds by
  itself: grasp, navigate_to the support, place_on_top, done. A drone that can
  lift the cargo needs nobody: routing its cargo through a carrier and back is
  a detour that costs two extra actions and a round of waiting for nothing.
  Use the carrier for the base-locked robot's legs, and only for those.

CARRIER -- a robot with no arm: cargo rides on its back.
- A carrier and what it is carrying are ONE line in that robot's room listing:

    - agent_1  (teammate)  [carrier, carrying box.n.01_1]  -> unload_from

  The cargo has no line of its own and cannot be grasped where it sits.
  unload_from(agent_1) takes it off that carrier's back and into the acting
  robot's hand; load_onto(agent_1) puts what that robot holds onto it. Both
  name the carrier, both need the two robots within reach of each other, and
  unload_from is the only way to get cargo back.
- **A carrier has no arm**, so give it navigate_to and wait and nothing else:
  no grasp, no place, no release, no load_onto or unload_from -- those are done
  *to* it by a robot that does have a hand. Its own section lists its load on
  an "On your back:" line, and it cannot put that down itself. Its job is to
  drive to where an arm is waiting, which is the whole reason a task needs two
  of them.

DRONE -- flies, holds its load under a suction mount, and its base never locks:
it carries what it grasps by itself.
- What a drone may lift is limited. The drone cannot lift the notebook. A
  robot tagged [drone] can grasp and carry the die (die.n.01_1) but NOT the
  notebook (notebook.n.01_1): grasp or unload_from on it fails with
  CANNOT_LIFT, and getting closer does not change that. Only a robot with an
  arm can lift the notebook, so give that leg to an arm; this division of
  labour is what the task is built around.

THIS TEAM'S ROBOTS:
  - ridgeback_3: ARM, base LOCKS while holding (needs a carrier to move cargo)
  - jackal_3: CARRIER (no arm; navigate_to and wait only)
  - drone_3: DRONE (flies, carries what it holds; see the lift table)

WHO MAY LIFT WHAT (this activity):
  - die.n.01: arm, drone

## 4. COOPERATION MODE: INDIVIDUAL
Every team plans for itself. No team sends or receives messages; you learn
what the other teams are doing only from what your robots see (a teammate of
another team in the listing, an object held by one of its robots). Do not
wait for others to speak. When another team already holds the cargo, give
your robots something else or wait.
---------------------------------- PROMPT / USER ----------------------------------
=== STEP 3015 ===

## 6. OBSERVATIONS -- TEAM team_3 (3 robots)

THE TEAM'S TASK (the same for every robot), in the ids it is written in:
  Move die.n.01_1, in this order, onto: the cabinet in the child's room, the bookcase in the kitchen, the refrigerator in the kitchen, the armchair in the dining room, the breakfast table in the dining room, the coffee table in the living room, the cabinet in the living room, the cabinet in the bedroom, the bed in the bedroom, the bed in the child's room.
Route S1-M5, carry die.n.01_1 through these in order:
  done  C1  ontop(die.n.01_1, cabinet.n.01_1)
  done  C2  ontop(die.n.01_1, bookcase.n.01_1)
  done  C3  ontop(die.n.01_1, electric_refrigerator.n.01_1)
  done  C4  ontop(die.n.01_1, armchair.n.01_1)
  done  C5  ontop(die.n.01_1, breakfast_table.n.01_1)
  done  C6  ontop(die.n.01_1, coffee_table.n.01_1)
  NEXT  C7  ontop(die.n.01_1, cabinet.n.01_2)
        C8  ontop(die.n.01_1, cabinet.n.01_3)
        C9  ontop(die.n.01_1, bed.n.01_2)
        D   ontop(die.n.01_1, bed.n.01_1)
A support reached out of order does not count, and nothing is lost by it: progress resumes when the NEXT one holds.

=== ROBOT ridgeback_3 ===
Step 3015/8000 | you are ridgeback_3 in living_room_0 (a living room)
Rooms in this house (navigate_to any of them): bathroom_0, bedroom_0, childs_room_0, closet_0, closet_1, corridor_0, dining_room_0, empty_room_0, empty_room_1, kitchen_0, living_room_0, staircase_0
Holding: nothing

living_room_0:
  - cabinet.n.01_2  Open  -> unreachable, navigate_to  [2.8 m away]
  - coffee_table.n.01_1  -> unreachable, navigate_to  [2.0 m away]
  - die.n.01_1  -> grasp, navigate_to
  - drone_1  (teammate)  [drone]
  - drone_2  (teammate)  [drone]
  - jackal_1  (teammate)  [carrier, empty]  -> navigate_to
  - jackal_2  (teammate)  [carrier, empty]  -> navigate_to
  - jackal_3  (teammate)  [carrier, empty]  -> unreachable, navigate_to  [2.1 m away]
  - ridgeback_1  (teammate)  [base locks while holding]
  - ridgeback_2  (teammate)  [base locks while holding]

Relations:
  ontop(die.n.01_1, coffee_table.n.01_1)

=== ROBOT jackal_3 ===
Step 3015/8000 | you are jackal_3 in living_room_0 (a living room)
Rooms in this house (navigate_to any of them): bathroom_0, bedroom_0, childs_room_0, closet_0, closet_1, corridor_0, dining_room_0, empty_room_0, empty_room_1, kitchen_0, living_room_0, staircase_0
Holding: nothing

living_room_0:
  - cabinet.n.01_2  Open  -> unreachable, navigate_to  [2.6 m away]
  - coffee_table.n.01_1  -> navigate_to
  - die.n.01_1  -> navigate_to
  - drone_1  (teammate)  [drone]
  - drone_2  (teammate)  [drone]
  - jackal_1  (teammate)  [carrier, empty]
  - jackal_2  (teammate)  [carrier, empty]
  - ridgeback_1  (teammate)  [base locks while holding]
  - ridgeback_2  (teammate)  [base locks while holding]
  - ridgeback_3  (teammate)  [base locks while holding]

Relations:
  ontop(die.n.01_1, coffee_table.n.01_1)

=== ROBOT drone_3 ===
Step 3015/8000 | you are drone_3 (drone) in childs_room_0 (a childs room)
Rooms in this house (navigate_to any of them): bathroom_0, bedroom_0, childs_room_0, closet_0, closet_1, corridor_0, dining_room_0, empty_room_0, empty_room_1, kitchen_0, living_room_0, staircase_0
Holding: nothing

childs_room_0:
  - bed.n.01_1  -> unreachable, navigate_to  [2.8 m away]
  - cabinet.n.01_1  Open  -> close, grasp, navigate_to  [Open is True]
  - floor.n.01_1  -> navigate_to

Relations:
  ontop(bed.n.01_1, floor.n.01_1)
  ontop(cabinet.n.01_1, floor.n.01_1)

## 9. ACTION HISTORY AND FAILURES
--- ridgeback_3 ---
Its current plan: wait_for_team(team_3) [interrupted]
YOUR FINISHED PLANS (most recent last):
  #6 [DONE] ontop(die.n.01_1, armchair.n.01_1)
      plan: wait(600)
      you chose it because: The die is currently being carried by drone_2 from another team, and this base-locked arm cannot help without possessing the die. Wait for the next route leg rather than duplicate the target.
  #8 [DONE] ontop(die.n.01_1, breakfast_table.n.01_1)
      plan: wait(600)
      you chose it because: The die has progressed through the armchair and is being handled by another team's drone. As a base-locked arm, I cannot help without the die, so I wait for the next route leg.
  #10 [DONE] ontop(die.n.01_1, coffee_table.n.01_1)
      plan: wait(600)
      you chose it because: The die is being carried by another team's drone and is not available to grasp. I wait for progress toward the next living-room support.

--- jackal_3 ---
Its current plan: wait_for_team(team_3) [interrupted]
YOUR FINISHED PLANS (most recent last):
  #5 [DONE] ontop(die.n.01_1, armchair.n.01_1)
      plan: wait(600)
      you chose it because: As a carrier with no arm, jackal_3 cannot assist while drone_2 independently carries the die. Wait for route progress.
  #7 [DONE] ontop(die.n.01_1, breakfast_table.n.01_1)
      plan: wait(600)
      you chose it because: I am an empty carrier with no arm, and the other team's drone can carry the die independently. I wait rather than duplicate or contest the exclusive cargo.
  #9 [DONE] ontop(die.n.01_1, coffee_table.n.01_1)
      plan: wait(600)
      you chose it because: As an empty carrier without an arm, I cannot act on the independently carried die. I wait while the other team's drone advances it.

--- drone_3 ---
Its current plan: ontop(die.n.01_1, coffee_table.n.01_1) [success]
YOUR FINISHED PLANS (most recent last):
  #4 [DONE] ontop(die.n.01_1, armchair.n.01_1)
      plan: wait(600)
      you chose it because: The die is held by drone_2, so grasping would fail. This drone waits instead of contesting the exclusive cargo.
  #5 [DONE] ontop(die.n.01_1, breakfast_table.n.01_1)
      plan: wait(600)
      you chose it because: The die is controlled by drone_2 and has already reached the armchair. I cannot grasp it while held, so I wait for the other team's drone to advance it to the breakfast table.
  #6 [DONE] ontop(die.n.01_1, coffee_table.n.01_1)
      plan: wait(600)
      you chose it because: The die remains controlled by another team's drone, so grasping would fail. I wait rather than contest the exclusive cargo.

Return exactly 3 plans, one per robot, using each robot's own ids. Say in `reasoning` how you divided the work.
-------------------------------------- COMPLETION --------------------------------------
  plans:
    [1]
      agent_id: ridgeback_3
      task:
        task: Task.ONTOP
        object_type: die.n.01_1
        object_id: 1
        reference: cabinet.n.01_2
      actions:
        [1]
          action_type: grasp
          target: die.n.01_1
        [2]
          action_type: load_onto
          target: jackal_3
        [3]
          action_type: navigate_to
          target: jackal_3
        [4]
          action_type: wait
          ticks: 180
        [5]
          action_type: unload_from
          target: jackal_3
        [6]
          action_type: place_on_top
          target: cabinet.n.01_2
      reasoning: I take the die from the coffee table, then transfer it to the base-unlocked carrier. After rendezvousing with jackal_3, I unload and place it on the next support, cabinet.n.01_2.
    [2]
      agent_id: jackal_3
      task:
        task: Task.ONTOP
        object_type: die.n.01_1
        object_id: 1
        reference: cabinet.n.01_2
      actions:
        [1]
          action_type: wait
          ticks: 300
        [2]
          action_type: navigate_to
          target: cabinet.n.01_2
        [3]
          action_type: wait
          ticks: 180
      reasoning: I remain in place long enough for ridgeback_3 to load the die and rendezvous with me, then carry it to cabinet.n.01_2 and wait there for unloading.
    [3]
      agent_id: drone_3
      task:
        task: Task.ONTOP
        object_type: die.n.01_1
        object_id: 1
        reference: cabinet.n.01_2
      actions:
        [1]
          action_type: wait
          ticks: 600
      reasoning: The die is now available for ridgeback_3 and jackal_3 to advance; I wait rather than contest the exclusive cargo.
  reasoning: The die has reached the coffee table and is now free. Ridgeback_3 handles the die but cannot travel while holding, so jackal_3 serves as its carrier for the move to cabinet.n.01_2. Drone_3 waits to avoid duplicating the exclusive cargo.
====================================================================================================
#20  ridgeback_1  env_step 3150  t=318.749s  Team Plan Generation [team_1]
  usage: 6725 tokens (prompt 6229, completion 496)
---------------------------------- PROMPT / SYSTEM ----------------------------------
## 1. YOUR ROLE
You command TEAM 'team_1' -- 3 robots (ridgeback_1, jackal_1, drone_1) -- in a multi-agent
cooperative household task, alongside other teams doing the same. You are the
TEAM CONTROLLER: you are given all 3 robots' observations in one call and
answer with one plan per robot, in that same call.

- Divide the work. Two robots sent to the same object waste one of them: the
  loser burns the whole trip and its grasp fails with OBJECT_CLAIMED.
- Your robots start their plans together and you are not asked again until
  every one of them has finished. A robot that finishes early holds position
  and does nothing useful, so plans of wildly different lengths waste the
  short ones.
- Other teams are driven by their own controllers, not by you. You coordinate
  with them only through the messages quoted in this prompt.
- At the end of the prompt are each robot's last few plans, with their
  actions and how each ended, and the messages this team has sent and
  received. A plan that failed for a reason that still holds will fail the
  same way again, and a question you already asked has its answer in the
  record.

PLAN RESPONSE:
- Return a structured plan for EVERY robot listed above, one each, tagged with
  that robot's agent_id.
- Give each robot one task and at most 6 actions; 3-6 short
  executable actions are usually enough.
- Use exact item_id values from that robot's own section of the prompt.
- Say in the team-level `reasoning` how you divided the work between them.

## 2. ENVIRONMENT RULES
Your robots act through high-level primitives, not joint commands. Each one
takes many simulation steps: driving across a room costs 30 ticks per metre, so
distance is the main cost you control. None of them can see -- each is given a
symbolic description of the room it is standing in, and only that room, and
those descriptions are listed below one robot at a time.

Rules that decide whether an action succeeds:
- To grasp, place, open or toggle an object a robot must be closer to it than
  that object's own distance threshold; beyond it the action fails with TOO_FAR.
  Each object in a robot's room listing carries what that robot can do to it
  after "->", and a distance in metres ONLY when it is out of range -- no
  distance means that robot is already close enough to act on it now.
- An out-of-range object is marked "unreachable" and offers navigate_to and
  NOTHING else. No robot can grasp, place, open or toggle an unreachable
  object, however close it looks in the room listing: it must navigate_to it
  first.
- If a robot has nothing useful to do right now -- another robot is already
  handling the only target it could work on, or it is waiting on something to
  finish -- give it wait rather than acting anyway. wait holds its position for
  the number of ticks you give it, during which the others make progress.
- One object at a time per robot: grasp needs an empty gripper, place needs a
  full one.
- Objects are exclusive, including between your own robots. If anyone is
  holding something, a grasp for it fails with "held by <agent>". Sending two
  robots after one target costs the loser the whole trip for nothing.
- Some tasks are a route: THE TEAM'S TASK lists supports the cargo must rest on
  in order, marked done / NEXT. Only the NEXT support counts when the cargo is
  placed on it; a support reached out of order does not count and costs
  nothing -- progress resumes when NEXT holds. Progress is judged on where the
  cargo rests, not on what a robot intended.
- Every id in THE TEAM'S TASK is a valid navigate_to target for any robot from
  ANY room, even when it is not in that robot's listing: navigate_to(<that id>)
  drives it there, through the house, and its next listing shows that room.
  That is how a robot changes rooms. The cargo is where the task says it
  starts (or on the last support marked done) -- send a robot there; it will
  not be found where the robots stand.
- The line "Rooms in this house" names every room. navigate_to(<room name>)
  drives a robot to a free spot inside that room, so it can reach a room whose
  objects it cannot name yet, or go and look for something.
- Refer to objects only by the ids in that robot's own room listing, which are
  the objects in the room it is standing in. They look like apple.n.01_1. Never
  invent one, and never give one robot an id that appeared only under another
  robot -- it is in a room that robot cannot see.
- An entry marked "blocked" is in that room but currently unavailable -- the
  bracketed note says why.

When an action fails, that robot's plan is abandoned. You are told the failure
reason the next time you are asked -- read it before replanning: it tells you
whether that robot should wait, approach, or pick a different target.

## 3. ROBOT CAPABILITIES
Three kinds of robot. A robot's kind is on its own header ("(drone)") and on
its line in a teammate's listing ("[carrier, ...]", "[base locks while
holding]", "[drone]").

ARM -- a robot with a gripper: grasp, place_on_top, release, open/close,
toggle, load_onto, unload_from, navigate_to, wait.
- Some arms' bases LOCK while the gripper is loaded, and navigate_to then fails
  with BASE_LOCKED; such a robot cannot deliver what it picks up. Have it load
  the object onto a carrier robot with load_onto, let the carrier drive, and
  have an arm take it back at the far end with unload_from. Both actions name
  the *carrier* as their target and need the two robots within reach of each
  other. This is a division of labour, not a detour: it is why a task can need
  more than one of your robots.
- ONLY a robot marked [base locks while holding] needs a carrier. Any other
  robot that can grasp -- a drone, an unmarked arm -- carries what it holds by
  itself: grasp, navigate_to the support, place_on_top, done. A drone that can
  lift the cargo needs nobody: routing its cargo through a carrier and back is
  a detour that costs two extra actions and a round of waiting for nothing.
  Use the carrier for the base-locked robot's legs, and only for those.

CARRIER -- a robot with no arm: cargo rides on its back.
- A carrier and what it is carrying are ONE line in that robot's room listing:

    - agent_1  (teammate)  [carrier, carrying box.n.01_1]  -> unload_from

  The cargo has no line of its own and cannot be grasped where it sits.
  unload_from(agent_1) takes it off that carrier's back and into the acting
  robot's hand; load_onto(agent_1) puts what that robot holds onto it. Both
  name the carrier, both need the two robots within reach of each other, and
  unload_from is the only way to get cargo back.
- **A carrier has no arm**, so give it navigate_to and wait and nothing else:
  no grasp, no place, no release, no load_onto or unload_from -- those are done
  *to* it by a robot that does have a hand. Its own section lists its load on
  an "On your back:" line, and it cannot put that down itself. Its job is to
  drive to where an arm is waiting, which is the whole reason a task needs two
  of them.

DRONE -- flies, holds its load under a suction mount, and its base never locks:
it carries what it grasps by itself.
- What a drone may lift is limited. The drone cannot lift the notebook. A
  robot tagged [drone] can grasp and carry the die (die.n.01_1) but NOT the
  notebook (notebook.n.01_1): grasp or unload_from on it fails with
  CANNOT_LIFT, and getting closer does not change that. Only a robot with an
  arm can lift the notebook, so give that leg to an arm; this division of
  labour is what the task is built around.

THIS TEAM'S ROBOTS:
  - ridgeback_1: ARM, base LOCKS while holding (needs a carrier to move cargo)
  - jackal_1: CARRIER (no arm; navigate_to and wait only)
  - drone_1: DRONE (flies, carries what it holds; see the lift table)

WHO MAY LIFT WHAT (this activity):
  - die.n.01: arm, drone

## 4. COOPERATION MODE: INDIVIDUAL
Every team plans for itself. No team sends or receives messages; you learn
what the other teams are doing only from what your robots see (a teammate of
another team in the listing, an object held by one of its robots). Do not
wait for others to speak. When another team already holds the cargo, give
your robots something else or wait.
---------------------------------- PROMPT / USER ----------------------------------
=== STEP 3150 ===

## 6. OBSERVATIONS -- TEAM team_1 (3 robots)

THE TEAM'S TASK (the same for every robot), in the ids it is written in:
  Move die.n.01_1, in this order, onto: the cabinet in the child's room, the bookcase in the kitchen, the refrigerator in the kitchen, the armchair in the dining room, the breakfast table in the dining room, the coffee table in the living room, the cabinet in the living room, the cabinet in the bedroom, the bed in the bedroom, the bed in the child's room.
Route S1-M5, carry die.n.01_1 through these in order:
  done  C1  ontop(die.n.01_1, cabinet.n.01_1)
  done  C2  ontop(die.n.01_1, bookcase.n.01_1)
  done  C3  ontop(die.n.01_1, electric_refrigerator.n.01_1)
  done  C4  ontop(die.n.01_1, armchair.n.01_1)
  done  C5  ontop(die.n.01_1, breakfast_table.n.01_1)
  done  C6  ontop(die.n.01_1, coffee_table.n.01_1)
  NEXT  C7  ontop(die.n.01_1, cabinet.n.01_2)
        C8  ontop(die.n.01_1, cabinet.n.01_3)
        C9  ontop(die.n.01_1, bed.n.01_2)
        D   ontop(die.n.01_1, bed.n.01_1)
A support reached out of order does not count, and nothing is lost by it: progress resumes when the NEXT one holds.

=== ROBOT ridgeback_1 ===
Step 3150/8000 | you are ridgeback_1 in living_room_0 (a living room)
Rooms in this house (navigate_to any of them): bathroom_0, bedroom_0, childs_room_0, closet_0, closet_1, corridor_0, dining_room_0, empty_room_0, empty_room_1, kitchen_0, living_room_0, staircase_0
Holding: nothing

living_room_0:
  - cabinet.n.01_2  Open  -> unreachable, navigate_to  [2.6 m away]
  - coffee_table.n.01_1  -> grasp, navigate_to
  - die.n.01_1  held by ridgeback_3  -> blocked, navigate_to  [held by ridgeback_3]
  - drone_1  (teammate)  [drone]
  - drone_2  (teammate)  [drone]
  - jackal_1  (teammate)  [carrier, empty]  -> navigate_to
  - jackal_2  (teammate)  [carrier, empty]  -> navigate_to
  - jackal_3  (teammate)  [carrier, empty]  -> navigate_to
  - ridgeback_2  (teammate)  [base locks while holding]
  - ridgeback_3  (teammate)  [base locks while holding]

Relations:
  ontop(die.n.01_1, ridgeback_3)

=== ROBOT jackal_1 ===
Step 3150/8000 | you are jackal_1 in living_room_0 (a living room)
Rooms in this house (navigate_to any of them): bathroom_0, bedroom_0, childs_room_0, closet_0, closet_1, corridor_0, dining_room_0, empty_room_0, empty_room_1, kitchen_0, living_room_0, staircase_0
Holding: nothing

living_room_0:
  - cabinet.n.01_2  Open  -> unreachable, navigate_to  [3.2 m away]
  - coffee_table.n.01_1  -> navigate_to
  - die.n.01_1  held by ridgeback_3  -> navigate_to
  - drone_1  (teammate)  [drone]
  - drone_2  (teammate)  [drone]
  - jackal_2  (teammate)  [carrier, empty]
  - jackal_3  (teammate)  [carrier, empty]
  - ridgeback_1  (teammate)  [base locks while holding]
  - ridgeback_2  (teammate)  [base locks while holding]
  - ridgeback_3  (teammate)  [base locks while holding]

Relations:
  ontop(die.n.01_1, ridgeback_3)

=== ROBOT drone_1 ===
Step 3150/8000 | you are drone_1 (drone) in living_room_0 (a living room)
Rooms in this house (navigate_to any of them): bathroom_0, bedroom_0, childs_room_0, closet_0, closet_1, corridor_0, dining_room_0, empty_room_0, empty_room_1, kitchen_0, living_room_0, staircase_0
Holding: nothing

living_room_0:
  - cabinet.n.01_2  Open  -> unreachable, navigate_to  [4.1 m away]
  - coffee_table.n.01_1  -> grasp, navigate_to
  - die.n.01_1  held by ridgeback_3  -> unreachable, navigate_to  [1.7 m away]
  - drone_2  (teammate)  [drone]
  - jackal_1  (teammate)  [carrier, empty]  -> navigate_to
  - jackal_2  (teammate)  [carrier, empty]  -> unreachable, navigate_to  [2.0 m away]
  - jackal_3  (teammate)  [carrier, empty]  -> unreachable, navigate_to  [2.3 m away]
  - ridgeback_1  (teammate)  [base locks while holding]
  - ridgeback_2  (teammate)  [base locks while holding]
  - ridgeback_3  (teammate)  [base locks while holding]

Relations:
  ontop(die.n.01_1, ridgeback_3)

## 9. ACTION HISTORY AND FAILURES
--- ridgeback_1 ---
Its current plan: wait_for_team(team_1) [interrupted]
YOUR FINISHED PLANS (most recent last):
  #8 [DONE] ontop(die.n.01_1, armchair.n.01_1)
      plan: wait(600)
      you chose it because: The drone is already carrying the die and can fly directly to the next support without carrier assistance; I wait rather than duplicate its route.
  #10 [DONE] ontop(die.n.01_1, breakfast_table.n.01_1)
      plan: wait(600)
      you chose it because: The drone can carry the die without a locked base; I wait rather than duplicate the cargo route.
  #12 [DONE] ontop(die.n.01_1, coffee_table.n.01_1)
      plan: wait(500)
      you chose it because: The drone can carry the die without a locked base, so I wait while it moves the die from the breakfast table to the coffee table.

--- jackal_1 ---
Its current plan: ontop(die.n.01_1, coffee_table.n.01_1) [success]
YOUR FINISHED PLANS (most recent last):
  #6 [DONE] ontop(die.n.01_1, armchair.n.01_1)
      plan: wait(600)
      you chose it because: As a carrier, I am unnecessary for the drone, which can carry the die with its unlocked base; I hold position while the drone completes C4.
  #7 [DONE] ontop(die.n.01_1, breakfast_table.n.01_1)
      plan: wait(600)
      you chose it because: As a carrier, I am unnecessary for the drone's unlocked die transport, so I hold position.
  #8 [DONE] ontop(die.n.01_1, coffee_table.n.01_1)
      plan: wait(500)
      you chose it because: As a carrier, I am not needed for the drone's direct die transport; I wait rather than duplicate the route.

--- drone_1 ---
Its current plan: wait_for_team(team_1) [interrupted]
YOUR FINISHED PLANS (most recent last):
  #6 [DONE] ontop(die.n.01_1, armchair.n.01_1)
      plan: navigate_to(armchair.n.01_1) -> place_on_top(armchair.n.01_1)
      you chose it because: I am already holding the die after the completed refrigerator leg. I carry it directly to the next required support, the dining-room armchair, and place it there.
  #8 [DONE] ontop(die.n.01_1, breakfast_table.n.01_1)
      plan: navigate_to(armchair.n.01_1) -> grasp(die.n.01_1) -> navigate_to(breakfast_table.n.01_1) -> place_on_top(breakfast_table.n.01_1)
      you chose it because: I alone can directly lift and carry the die efficiently. I retrieve it from the completed armchair support and place it on the NEXT breakfast table support.
  #10 [DONE] ontop(die.n.01_1, coffee_table.n.01_1)
      plan: grasp(die.n.01_1) -> navigate_to(coffee_table.n.01_1) -> place_on_top(coffee_table.n.01_1)
      you chose it because: I retrieve the die from the completed breakfast-table support, fly it to the NEXT coffee-table support, and place it there.

Return exactly 3 plans, one per robot, using each robot's own ids. Say in `reasoning` how you divided the work.
-------------------------------------- COMPLETION --------------------------------------
  plans:
    [1]
      agent_id: ridgeback_1
      task:
        task: Task.ONTOP
        object_type: die.n.01_1
        object_id: 1
        reference: cabinet.n.01_2
      actions:
        [1]
          action_type: wait
          ticks: 600
      reasoning: The die is currently held by ridgeback_3 from another team, so I wait instead of attempting a conflicting grasp or route.
    [2]
      agent_id: jackal_1
      task:
        task: Task.ONTOP
        object_type: die.n.01_1
        object_id: 1
        reference: cabinet.n.01_2
      actions:
        [1]
          action_type: wait
          ticks: 600
      reasoning: The die is already being transported by ridgeback_3, and this carrier cannot act on it independently. I hold position.
    [3]
      agent_id: drone_1
      task:
        task: Task.ONTOP
        object_type: die.n.01_1
        object_id: 1
        reference: cabinet.n.01_2
      actions:
        [1]
          action_type: wait
          ticks: 600
      reasoning: The die is held by ridgeback_3, so I avoid a duplicate grasp attempt and wait for the current transport to finish.
  reasoning: All three robots defer because another team's ridgeback_3 currently holds the exclusive die. No robot should duplicate that transport; the carrier and arm remain idle until the die becomes available.
====================================================================================================
#21  ridgeback_2  env_step 3328  t=332.033s  Team Plan Generation [team_2]
  usage: 7088 tokens (prompt 6461, completion 627)
---------------------------------- PROMPT / SYSTEM ----------------------------------
## 1. YOUR ROLE
You command TEAM 'team_2' -- 3 robots (ridgeback_2, jackal_2, drone_2) -- in a multi-agent
cooperative household task, alongside other teams doing the same. You are the
TEAM CONTROLLER: you are given all 3 robots' observations in one call and
answer with one plan per robot, in that same call.

- Divide the work. Two robots sent to the same object waste one of them: the
  loser burns the whole trip and its grasp fails with OBJECT_CLAIMED.
- Your robots start their plans together and you are not asked again until
  every one of them has finished. A robot that finishes early holds position
  and does nothing useful, so plans of wildly different lengths waste the
  short ones.
- Other teams are driven by their own controllers, not by you. You coordinate
  with them only through the messages quoted in this prompt.
- At the end of the prompt are each robot's last few plans, with their
  actions and how each ended, and the messages this team has sent and
  received. A plan that failed for a reason that still holds will fail the
  same way again, and a question you already asked has its answer in the
  record.

PLAN RESPONSE:
- Return a structured plan for EVERY robot listed above, one each, tagged with
  that robot's agent_id.
- Give each robot one task and at most 6 actions; 3-6 short
  executable actions are usually enough.
- Use exact item_id values from that robot's own section of the prompt.
- Say in the team-level `reasoning` how you divided the work between them.

## 2. ENVIRONMENT RULES
Your robots act through high-level primitives, not joint commands. Each one
takes many simulation steps: driving across a room costs 30 ticks per metre, so
distance is the main cost you control. None of them can see -- each is given a
symbolic description of the room it is standing in, and only that room, and
those descriptions are listed below one robot at a time.

Rules that decide whether an action succeeds:
- To grasp, place, open or toggle an object a robot must be closer to it than
  that object's own distance threshold; beyond it the action fails with TOO_FAR.
  Each object in a robot's room listing carries what that robot can do to it
  after "->", and a distance in metres ONLY when it is out of range -- no
  distance means that robot is already close enough to act on it now.
- An out-of-range object is marked "unreachable" and offers navigate_to and
  NOTHING else. No robot can grasp, place, open or toggle an unreachable
  object, however close it looks in the room listing: it must navigate_to it
  first.
- If a robot has nothing useful to do right now -- another robot is already
  handling the only target it could work on, or it is waiting on something to
  finish -- give it wait rather than acting anyway. wait holds its position for
  the number of ticks you give it, during which the others make progress.
- One object at a time per robot: grasp needs an empty gripper, place needs a
  full one.
- Objects are exclusive, including between your own robots. If anyone is
  holding something, a grasp for it fails with "held by <agent>". Sending two
  robots after one target costs the loser the whole trip for nothing.
- Some tasks are a route: THE TEAM'S TASK lists supports the cargo must rest on
  in order, marked done / NEXT. Only the NEXT support counts when the cargo is
  placed on it; a support reached out of order does not count and costs
  nothing -- progress resumes when NEXT holds. Progress is judged on where the
  cargo rests, not on what a robot intended.
- Every id in THE TEAM'S TASK is a valid navigate_to target for any robot from
  ANY room, even when it is not in that robot's listing: navigate_to(<that id>)
  drives it there, through the house, and its next listing shows that room.
  That is how a robot changes rooms. The cargo is where the task says it
  starts (or on the last support marked done) -- send a robot there; it will
  not be found where the robots stand.
- The line "Rooms in this house" names every room. navigate_to(<room name>)
  drives a robot to a free spot inside that room, so it can reach a room whose
  objects it cannot name yet, or go and look for something.
- Refer to objects only by the ids in that robot's own room listing, which are
  the objects in the room it is standing in. They look like apple.n.01_1. Never
  invent one, and never give one robot an id that appeared only under another
  robot -- it is in a room that robot cannot see.
- An entry marked "blocked" is in that room but currently unavailable -- the
  bracketed note says why.

When an action fails, that robot's plan is abandoned. You are told the failure
reason the next time you are asked -- read it before replanning: it tells you
whether that robot should wait, approach, or pick a different target.

## 3. ROBOT CAPABILITIES
Three kinds of robot. A robot's kind is on its own header ("(drone)") and on
its line in a teammate's listing ("[carrier, ...]", "[base locks while
holding]", "[drone]").

ARM -- a robot with a gripper: grasp, place_on_top, release, open/close,
toggle, load_onto, unload_from, navigate_to, wait.
- Some arms' bases LOCK while the gripper is loaded, and navigate_to then fails
  with BASE_LOCKED; such a robot cannot deliver what it picks up. Have it load
  the object onto a carrier robot with load_onto, let the carrier drive, and
  have an arm take it back at the far end with unload_from. Both actions name
  the *carrier* as their target and need the two robots within reach of each
  other. This is a division of labour, not a detour: it is why a task can need
  more than one of your robots.
- ONLY a robot marked [base locks while holding] needs a carrier. Any other
  robot that can grasp -- a drone, an unmarked arm -- carries what it holds by
  itself: grasp, navigate_to the support, place_on_top, done. A drone that can
  lift the cargo needs nobody: routing its cargo through a carrier and back is
  a detour that costs two extra actions and a round of waiting for nothing.
  Use the carrier for the base-locked robot's legs, and only for those.

CARRIER -- a robot with no arm: cargo rides on its back.
- A carrier and what it is carrying are ONE line in that robot's room listing:

    - agent_1  (teammate)  [carrier, carrying box.n.01_1]  -> unload_from

  The cargo has no line of its own and cannot be grasped where it sits.
  unload_from(agent_1) takes it off that carrier's back and into the acting
  robot's hand; load_onto(agent_1) puts what that robot holds onto it. Both
  name the carrier, both need the two robots within reach of each other, and
  unload_from is the only way to get cargo back.
- **A carrier has no arm**, so give it navigate_to and wait and nothing else:
  no grasp, no place, no release, no load_onto or unload_from -- those are done
  *to* it by a robot that does have a hand. Its own section lists its load on
  an "On your back:" line, and it cannot put that down itself. Its job is to
  drive to where an arm is waiting, which is the whole reason a task needs two
  of them.

DRONE -- flies, holds its load under a suction mount, and its base never locks:
it carries what it grasps by itself.
- What a drone may lift is limited. The drone cannot lift the notebook. A
  robot tagged [drone] can grasp and carry the die (die.n.01_1) but NOT the
  notebook (notebook.n.01_1): grasp or unload_from on it fails with
  CANNOT_LIFT, and getting closer does not change that. Only a robot with an
  arm can lift the notebook, so give that leg to an arm; this division of
  labour is what the task is built around.

THIS TEAM'S ROBOTS:
  - ridgeback_2: ARM, base LOCKS while holding (needs a carrier to move cargo)
  - jackal_2: CARRIER (no arm; navigate_to and wait only)
  - drone_2: DRONE (flies, carries what it holds; see the lift table)

WHO MAY LIFT WHAT (this activity):
  - die.n.01: arm, drone

## 4. COOPERATION MODE: INDIVIDUAL
Every team plans for itself. No team sends or receives messages; you learn
what the other teams are doing only from what your robots see (a teammate of
another team in the listing, an object held by one of its robots). Do not
wait for others to speak. When another team already holds the cargo, give
your robots something else or wait.
---------------------------------- PROMPT / USER ----------------------------------
=== STEP 3328 ===

## 6. OBSERVATIONS -- TEAM team_2 (3 robots)

THE TEAM'S TASK (the same for every robot), in the ids it is written in:
  Move die.n.01_1, in this order, onto: the cabinet in the child's room, the bookcase in the kitchen, the refrigerator in the kitchen, the armchair in the dining room, the breakfast table in the dining room, the coffee table in the living room, the cabinet in the living room, the cabinet in the bedroom, the bed in the bedroom, the bed in the child's room.
Route S1-M5, carry die.n.01_1 through these in order:
  done  C1  ontop(die.n.01_1, cabinet.n.01_1)
  done  C2  ontop(die.n.01_1, bookcase.n.01_1)
  done  C3  ontop(die.n.01_1, electric_refrigerator.n.01_1)
  done  C4  ontop(die.n.01_1, armchair.n.01_1)
  done  C5  ontop(die.n.01_1, breakfast_table.n.01_1)
  done  C6  ontop(die.n.01_1, coffee_table.n.01_1)
  NEXT  C7  ontop(die.n.01_1, cabinet.n.01_2)
        C8  ontop(die.n.01_1, cabinet.n.01_3)
        C9  ontop(die.n.01_1, bed.n.01_2)
        D   ontop(die.n.01_1, bed.n.01_1)
A support reached out of order does not count, and nothing is lost by it: progress resumes when the NEXT one holds.

=== ROBOT ridgeback_2 ===
Step 3328/8000 | you are ridgeback_2 in living_room_0 (a living room)
Rooms in this house (navigate_to any of them): bathroom_0, bedroom_0, childs_room_0, closet_0, closet_1, corridor_0, dining_room_0, empty_room_0, empty_room_1, kitchen_0, living_room_0, staircase_0
Holding: nothing

living_room_0:
  - cabinet.n.01_2  Open  -> unreachable, navigate_to  [2.1 m away]
  - coffee_table.n.01_1  -> grasp, navigate_to
  - die.n.01_1  held by ridgeback_3  -> unreachable, navigate_to  [1.5 m away]
  - drone_1  (teammate)  [drone]
  - drone_2  (teammate)  [drone]
  - jackal_1  (teammate)  [carrier, empty]  -> navigate_to
  - jackal_2  (teammate)  [carrier, empty]  -> navigate_to
  - jackal_3  (teammate)  [carrier, empty]  -> navigate_to
  - ridgeback_1  (teammate)  [base locks while holding]
  - ridgeback_3  (teammate)  [base locks while holding]

Relations:
  ontop(die.n.01_1, ridgeback_3)

=== ROBOT jackal_2 ===
Step 3328/8000 | you are jackal_2 in living_room_0 (a living room)
Rooms in this house (navigate_to any of them): bathroom_0, bedroom_0, childs_room_0, closet_0, closet_1, corridor_0, dining_room_0, empty_room_0, empty_room_1, kitchen_0, living_room_0, staircase_0
Holding: nothing

living_room_0:
  - cabinet.n.01_2  Open  -> unreachable, navigate_to  [2.1 m away]
  - coffee_table.n.01_1  -> unreachable, navigate_to  [1.9 m away]
  - die.n.01_1  held by ridgeback_3  -> navigate_to
  - drone_1  (teammate)  [drone]
  - drone_2  (teammate)  [drone]
  - jackal_1  (teammate)  [carrier, empty]
  - jackal_3  (teammate)  [carrier, empty]
  - ridgeback_1  (teammate)  [base locks while holding]
  - ridgeback_2  (teammate)  [base locks while holding]
  - ridgeback_3  (teammate)  [base locks while holding]

Relations:
  ontop(die.n.01_1, ridgeback_3)

=== ROBOT drone_2 ===
Step 3328/8000 | you are drone_2 (drone) in living_room_0 (a living room)
Rooms in this house (navigate_to any of them): bathroom_0, bedroom_0, childs_room_0, closet_0, closet_1, corridor_0, dining_room_0, empty_room_0, empty_room_1, kitchen_0, living_room_0, staircase_0
Holding: nothing

living_room_0:
  - cabinet.n.01_2  Open  -> unreachable, navigate_to  [4.0 m away]
  - coffee_table.n.01_1  -> grasp, navigate_to
  - die.n.01_1  held by ridgeback_3  -> unreachable, navigate_to  [3.2 m away]
  - drone_1  (teammate)  [drone]
  - jackal_1  (teammate)  [carrier, empty]  -> unreachable, navigate_to  [2.4 m away]
  - jackal_2  (teammate)  [carrier, empty]  -> unreachable, navigate_to  [2.9 m away]
  - jackal_3  (teammate)  [carrier, empty]  -> unreachable, navigate_to  [1.4 m away]
  - ridgeback_1  (teammate)  [base locks while holding]
  - ridgeback_2  (teammate)  [base locks while holding]
  - ridgeback_3  (teammate)  [base locks while holding]

Relations:
  ontop(die.n.01_1, ridgeback_3)

## 9. ACTION HISTORY AND FAILURES
--- ridgeback_2 ---
Its current plan: wait_for_team(team_2) [interrupted]
YOUR FINISHED PLANS (most recent last):
  #10 [FAILED] ontop(die.n.01_1, coffee_table.n.01_1)
      plan: navigate_to(breakfast_table.n.01_1) -> grasp(die.n.01_1) -> load_onto(jackal_2) -> wait(500) -> unload_from(jackal_2) -> place_on_top(coffee_table.n.01_1)
      you chose it because: I retrieve the die from the completed breakfast-table support, load it onto the locked-base carrier, then unload and place it on the next coffee-table support.
      it failed because: navigate_to: An error occurred during each attempt of this action. Attempt 0: PLANNING_ERROR: Cannot reach breakfast_table_skczfi_0: there is no free floor space around it to stand on (need a spot ...
  #12 [DONE] ontop(die.n.01_1, cabinet.n.01_2)
      plan: wait(100)
      you chose it because: The drone can carry the die independently, so the locked-base arm should avoid competing and remain idle.
  #14 [DONE] ontop(die.n.01_1, cabinet.n.01_3)
      plan: wait(600)
      you chose it because: The die is currently held by drone_1 from another team, so I avoid competing and wait for the current transfer to finish.

--- jackal_2 ---
Its current plan: wait_for_team(team_2) [interrupted]
YOUR FINISHED PLANS (most recent last):
  #7 [FAILED] ontop(die.n.01_1, coffee_table.n.01_1)
      plan: navigate_to(breakfast_table.n.01_1) -> wait(300) -> navigate_to(coffee_table.n.01_1) -> wait(300) -> place_on_top(coffee_table.n.01_1)
      you chose it because: I meet ridgeback_2 at the breakfast table to receive the die, then carry it to the coffee table while ridgeback_2 performs the final unload and placement.
      it failed because: navigate_to: An error occurred during each attempt of this action. Attempt 0: PLANNING_ERROR: Cannot reach breakfast_table_skczfi_0: there is no free floor space around it to stand on (need a spot ...
  #9 [DONE] ontop(die.n.01_1, cabinet.n.01_2)
      plan: wait(100)
      you chose it because: The carrier is not needed because drone_2 can transport the die without a carrier; wait rather than attempting the obstructed coffee-table route.
  #11 [DONE] ontop(die.n.01_1, cabinet.n.01_3)
      plan: wait(600)
      you chose it because: As a carrier without an arm, I cannot act until the exclusive die is released; I wait while the other team advances it.

--- drone_2 ---
Its current plan: ontop(die.n.01_1, cabinet.n.01_3) [success]
YOUR FINISHED PLANS (most recent last):
  #8 [DONE] ontop(die.n.01_1, coffee_table.n.01_1)
      plan: wait(100)
      you chose it because: The arm and carrier are assigned the current leg; I wait to avoid competing for the exclusive die.
  #9 [FAILED] ontop(die.n.01_1, cabinet.n.01_2)
      plan: navigate_to(coffee_table.n.01_1) -> grasp(die.n.01_1) -> navigate_to(cabinet.n.01_2) -> place_on_top(cabinet.n.01_2)
      you chose it because: The coffee-table leg has succeeded and the die should now rest there. I take the die directly and advance it to the next required support, the living-room cabinet; the arm and carrier wait because the drone does not need them.
      it failed because: grasp: An error occurred during each attempt of this action. Attempt 0: PRE_CONDITION_ERROR: dice_154 is currently held by drone_1, so you cannot grasp it. Pick a different target, or ask them to r...
  #10 [DONE] ontop(die.n.01_1, cabinet.n.01_3)
      plan: wait(600)
      you chose it because: Another team's drone currently holds the die, so I wait rather than attempting a guaranteed OBJECT_CLAIMED grasp.

Return exactly 3 plans, one per robot, using each robot's own ids. Say in `reasoning` how you divided the work.
-------------------------------------- COMPLETION --------------------------------------
  plans:
    [1]
      agent_id: ridgeback_2
      task:
        task: Task.ONTOP
        object_type: die.n.01_1
        object_id: 1
        reference: bed.n.01_2
      actions:
        [1]
          action_type: wait
          ticks: 600
      reasoning: The die is exclusively held by ridgeback_3 from another team, so I wait instead of competing or moving toward an unavailable object.
    [2]
      agent_id: jackal_2
      task:
        task: Task.ONTOP
        object_type: die.n.01_1
        object_id: 1
        reference: bed.n.01_2
      actions:
        [1]
          action_type: wait
          ticks: 600
      reasoning: As the carrier, I cannot act while another team's ridgeback holds the die; I wait for that team's current transfer to finish.
    [3]
      agent_id: drone_2
      task:
        task: Task.ONTOP
        object_type: die.n.01_1
        object_id: 1
        reference: bed.n.01_2
      actions:
        [1]
          action_type: wait
          ticks: 600
      reasoning: The die is held by ridgeback_3, making a grasp guaranteed to fail with an exclusive-object error; I wait while the other team advances it.
  reasoning: The current route object is held by ridgeback_3 from another team. I assign all three team members to standby rather than wasting trips or causing OBJECT_CLAIMED failures; the carrier and locked-base arm remain available for a later leg if the die is released.
====================================================================================================
#22  ridgeback_3  env_step 3616  t=358.129s  Team Plan Generation [team_3]
  usage: 7800 tokens (prompt 6321, completion 1479)
---------------------------------- PROMPT / SYSTEM ----------------------------------
## 1. YOUR ROLE
You command TEAM 'team_3' -- 3 robots (ridgeback_3, jackal_3, drone_3) -- in a multi-agent
cooperative household task, alongside other teams doing the same. You are the
TEAM CONTROLLER: you are given all 3 robots' observations in one call and
answer with one plan per robot, in that same call.

- Divide the work. Two robots sent to the same object waste one of them: the
  loser burns the whole trip and its grasp fails with OBJECT_CLAIMED.
- Your robots start their plans together and you are not asked again until
  every one of them has finished. A robot that finishes early holds position
  and does nothing useful, so plans of wildly different lengths waste the
  short ones.
- Other teams are driven by their own controllers, not by you. You coordinate
  with them only through the messages quoted in this prompt.
- At the end of the prompt are each robot's last few plans, with their
  actions and how each ended, and the messages this team has sent and
  received. A plan that failed for a reason that still holds will fail the
  same way again, and a question you already asked has its answer in the
  record.

PLAN RESPONSE:
- Return a structured plan for EVERY robot listed above, one each, tagged with
  that robot's agent_id.
- Give each robot one task and at most 6 actions; 3-6 short
  executable actions are usually enough.
- Use exact item_id values from that robot's own section of the prompt.
- Say in the team-level `reasoning` how you divided the work between them.

## 2. ENVIRONMENT RULES
Your robots act through high-level primitives, not joint commands. Each one
takes many simulation steps: driving across a room costs 30 ticks per metre, so
distance is the main cost you control. None of them can see -- each is given a
symbolic description of the room it is standing in, and only that room, and
those descriptions are listed below one robot at a time.

Rules that decide whether an action succeeds:
- To grasp, place, open or toggle an object a robot must be closer to it than
  that object's own distance threshold; beyond it the action fails with TOO_FAR.
  Each object in a robot's room listing carries what that robot can do to it
  after "->", and a distance in metres ONLY when it is out of range -- no
  distance means that robot is already close enough to act on it now.
- An out-of-range object is marked "unreachable" and offers navigate_to and
  NOTHING else. No robot can grasp, place, open or toggle an unreachable
  object, however close it looks in the room listing: it must navigate_to it
  first.
- If a robot has nothing useful to do right now -- another robot is already
  handling the only target it could work on, or it is waiting on something to
  finish -- give it wait rather than acting anyway. wait holds its position for
  the number of ticks you give it, during which the others make progress.
- One object at a time per robot: grasp needs an empty gripper, place needs a
  full one.
- Objects are exclusive, including between your own robots. If anyone is
  holding something, a grasp for it fails with "held by <agent>". Sending two
  robots after one target costs the loser the whole trip for nothing.
- Some tasks are a route: THE TEAM'S TASK lists supports the cargo must rest on
  in order, marked done / NEXT. Only the NEXT support counts when the cargo is
  placed on it; a support reached out of order does not count and costs
  nothing -- progress resumes when NEXT holds. Progress is judged on where the
  cargo rests, not on what a robot intended.
- Every id in THE TEAM'S TASK is a valid navigate_to target for any robot from
  ANY room, even when it is not in that robot's listing: navigate_to(<that id>)
  drives it there, through the house, and its next listing shows that room.
  That is how a robot changes rooms. The cargo is where the task says it
  starts (or on the last support marked done) -- send a robot there; it will
  not be found where the robots stand.
- The line "Rooms in this house" names every room. navigate_to(<room name>)
  drives a robot to a free spot inside that room, so it can reach a room whose
  objects it cannot name yet, or go and look for something.
- Refer to objects only by the ids in that robot's own room listing, which are
  the objects in the room it is standing in. They look like apple.n.01_1. Never
  invent one, and never give one robot an id that appeared only under another
  robot -- it is in a room that robot cannot see.
- An entry marked "blocked" is in that room but currently unavailable -- the
  bracketed note says why.

When an action fails, that robot's plan is abandoned. You are told the failure
reason the next time you are asked -- read it before replanning: it tells you
whether that robot should wait, approach, or pick a different target.

## 3. ROBOT CAPABILITIES
Three kinds of robot. A robot's kind is on its own header ("(drone)") and on
its line in a teammate's listing ("[carrier, ...]", "[base locks while
holding]", "[drone]").

ARM -- a robot with a gripper: grasp, place_on_top, release, open/close,
toggle, load_onto, unload_from, navigate_to, wait.
- Some arms' bases LOCK while the gripper is loaded, and navigate_to then fails
  with BASE_LOCKED; such a robot cannot deliver what it picks up. Have it load
  the object onto a carrier robot with load_onto, let the carrier drive, and
  have an arm take it back at the far end with unload_from. Both actions name
  the *carrier* as their target and need the two robots within reach of each
  other. This is a division of labour, not a detour: it is why a task can need
  more than one of your robots.
- ONLY a robot marked [base locks while holding] needs a carrier. Any other
  robot that can grasp -- a drone, an unmarked arm -- carries what it holds by
  itself: grasp, navigate_to the support, place_on_top, done. A drone that can
  lift the cargo needs nobody: routing its cargo through a carrier and back is
  a detour that costs two extra actions and a round of waiting for nothing.
  Use the carrier for the base-locked robot's legs, and only for those.

CARRIER -- a robot with no arm: cargo rides on its back.
- A carrier and what it is carrying are ONE line in that robot's room listing:

    - agent_1  (teammate)  [carrier, carrying box.n.01_1]  -> unload_from

  The cargo has no line of its own and cannot be grasped where it sits.
  unload_from(agent_1) takes it off that carrier's back and into the acting
  robot's hand; load_onto(agent_1) puts what that robot holds onto it. Both
  name the carrier, both need the two robots within reach of each other, and
  unload_from is the only way to get cargo back.
- **A carrier has no arm**, so give it navigate_to and wait and nothing else:
  no grasp, no place, no release, no load_onto or unload_from -- those are done
  *to* it by a robot that does have a hand. Its own section lists its load on
  an "On your back:" line, and it cannot put that down itself. Its job is to
  drive to where an arm is waiting, which is the whole reason a task needs two
  of them.

DRONE -- flies, holds its load under a suction mount, and its base never locks:
it carries what it grasps by itself.
- What a drone may lift is limited. The drone cannot lift the notebook. A
  robot tagged [drone] can grasp and carry the die (die.n.01_1) but NOT the
  notebook (notebook.n.01_1): grasp or unload_from on it fails with
  CANNOT_LIFT, and getting closer does not change that. Only a robot with an
  arm can lift the notebook, so give that leg to an arm; this division of
  labour is what the task is built around.

THIS TEAM'S ROBOTS:
  - ridgeback_3: ARM, base LOCKS while holding (needs a carrier to move cargo)
  - jackal_3: CARRIER (no arm; navigate_to and wait only)
  - drone_3: DRONE (flies, carries what it holds; see the lift table)

WHO MAY LIFT WHAT (this activity):
  - die.n.01: arm, drone

## 4. COOPERATION MODE: INDIVIDUAL
Every team plans for itself. No team sends or receives messages; you learn
what the other teams are doing only from what your robots see (a teammate of
another team in the listing, an object held by one of its robots). Do not
wait for others to speak. When another team already holds the cargo, give
your robots something else or wait.
---------------------------------- PROMPT / USER ----------------------------------
=== STEP 3616 ===

## 6. OBSERVATIONS -- TEAM team_3 (3 robots)

THE TEAM'S TASK (the same for every robot), in the ids it is written in:
  Move die.n.01_1, in this order, onto: the cabinet in the child's room, the bookcase in the kitchen, the refrigerator in the kitchen, the armchair in the dining room, the breakfast table in the dining room, the coffee table in the living room, the cabinet in the living room, the cabinet in the bedroom, the bed in the bedroom, the bed in the child's room.
Route S1-M5, carry die.n.01_1 through these in order:
  done  C1  ontop(die.n.01_1, cabinet.n.01_1)
  done  C2  ontop(die.n.01_1, bookcase.n.01_1)
  done  C3  ontop(die.n.01_1, electric_refrigerator.n.01_1)
  done  C4  ontop(die.n.01_1, armchair.n.01_1)
  done  C5  ontop(die.n.01_1, breakfast_table.n.01_1)
  done  C6  ontop(die.n.01_1, coffee_table.n.01_1)
  NEXT  C7  ontop(die.n.01_1, cabinet.n.01_2)
        C8  ontop(die.n.01_1, cabinet.n.01_3)
        C9  ontop(die.n.01_1, bed.n.01_2)
        D   ontop(die.n.01_1, bed.n.01_1)
A support reached out of order does not count, and nothing is lost by it: progress resumes when the NEXT one holds.

=== ROBOT ridgeback_3 ===
Step 3616/8000 | you are ridgeback_3 in living_room_0 (a living room)
Rooms in this house (navigate_to any of them): bathroom_0, bedroom_0, childs_room_0, closet_0, closet_1, corridor_0, dining_room_0, empty_room_0, empty_room_1, kitchen_0, living_room_0, staircase_0
Holding: die.n.01_1 (dice)  [your base is locked while loaded: no navigate_to]

living_room_0:
  - cabinet.n.01_2  Open  -> unreachable  [too far (2.8 m) -- and your base is locked while you hold die.n.01_1]
  - coffee_table.n.01_1  -> unreachable  [too far (2.0 m) -- and your base is locked while you hold die.n.01_1]
  - die.n.01_1  held by ridgeback_3  -> release  [drops what you hold]
  - drone_1  (teammate)  [drone]
  - drone_2  (teammate)  [drone]
  - jackal_1  (teammate)  [carrier, empty]  -> load_onto
  - jackal_2  (teammate)  [carrier, empty]  -> load_onto
  - jackal_3  (teammate)  [carrier, empty]  -> unreachable  [too far (1.7 m) -- and your base is locked]
  - ridgeback_1  (teammate)  [base locks while holding]
  - ridgeback_2  (teammate)  [base locks while holding]

Relations:
  ontop(die.n.01_1, ridgeback_3)

=== ROBOT jackal_3 ===
Step 3616/8000 | you are jackal_3 in living_room_0 (a living room)
Rooms in this house (navigate_to any of them): bathroom_0, bedroom_0, childs_room_0, closet_0, closet_1, corridor_0, dining_room_0, empty_room_0, empty_room_1, kitchen_0, living_room_0, staircase_0
Holding: nothing

living_room_0:
  - cabinet.n.01_2  Open  -> navigate_to
  - coffee_table.n.01_1  -> unreachable, navigate_to  [2.8 m away]
  - die.n.01_1  held by ridgeback_3  -> unreachable, navigate_to  [1.5 m away]
  - drone_1  (teammate)  [drone]
  - drone_2  (teammate)  [drone]
  - jackal_1  (teammate)  [carrier, empty]
  - jackal_2  (teammate)  [carrier, empty]
  - ridgeback_1  (teammate)  [base locks while holding]
  - ridgeback_2  (teammate)  [base locks while holding]
  - ridgeback_3  (teammate)  [base locks while holding]

Relations:
  ontop(die.n.01_1, ridgeback_3)

=== ROBOT drone_3 ===
Step 3616/8000 | you are drone_3 (drone) in childs_room_0 (a childs room)
Rooms in this house (navigate_to any of them): bathroom_0, bedroom_0, childs_room_0, closet_0, closet_1, corridor_0, dining_room_0, empty_room_0, empty_room_1, kitchen_0, living_room_0, staircase_0
Holding: nothing

childs_room_0:
  - bed.n.01_1  -> unreachable, navigate_to  [2.8 m away]
  - cabinet.n.01_1  Open  -> close, grasp, navigate_to  [Open is True]
  - floor.n.01_1  -> navigate_to

Relations:
  ontop(bed.n.01_1, floor.n.01_1)
  ontop(cabinet.n.01_1, floor.n.01_1)

## 9. ACTION HISTORY AND FAILURES
--- ridgeback_3 ---
Its current plan: wait_for_team(team_3) [interrupted]
YOUR FINISHED PLANS (most recent last):
  #8 [DONE] ontop(die.n.01_1, breakfast_table.n.01_1)
      plan: wait(600)
      you chose it because: The die has progressed through the armchair and is being handled by another team's drone. As a base-locked arm, I cannot help without the die, so I wait for the next route leg.
  #10 [DONE] ontop(die.n.01_1, coffee_table.n.01_1)
      plan: wait(600)
      you chose it because: The die is being carried by another team's drone and is not available to grasp. I wait for progress toward the next living-room support.
  #12 [FAILED] ontop(die.n.01_1, cabinet.n.01_2)
      plan: grasp(die.n.01_1) -> load_onto(jackal_3) -> navigate_to(jackal_3) -> wait(180) -> unload_from(jackal_3) -> place_on_top(cabinet.n.01_2)
      you chose it because: I take the die from the coffee table, then transfer it to the base-unlocked carrier. After rendezvousing with jackal_3, I unload and place it on the next support, cabinet.n.01_2.
      it failed because: load_onto: PRE_CONDITION_ERROR: You are 2.08 m from jackal_3, too far to load onto it (you must be within 1.55 m). Navigate to it first.. Additional info: {'target object': 'jackal_3', 'distance': ...

--- jackal_3 ---
Its current plan: wait_for_team(team_3) [interrupted]
YOUR FINISHED PLANS (most recent last):
  #7 [DONE] ontop(die.n.01_1, breakfast_table.n.01_1)
      plan: wait(600)
      you chose it because: I am an empty carrier with no arm, and the other team's drone can carry the die independently. I wait rather than duplicate or contest the exclusive cargo.
  #9 [DONE] ontop(die.n.01_1, coffee_table.n.01_1)
      plan: wait(600)
      you chose it because: As an empty carrier without an arm, I cannot act on the independently carried die. I wait while the other team's drone advances it.
  #11 [FAILED] ontop(die.n.01_1, cabinet.n.01_2)
      plan: wait(300) -> navigate_to(cabinet.n.01_2) -> wait(180) -> place_on_top(cabinet.n.01_2)
      you chose it because: I remain in place long enough for ridgeback_3 to load the die and rendezvous with me, then carry it to cabinet.n.01_2 and wait there for unloading.
      it failed because: place_on_top: An error occurred during each attempt of this action. Attempt 0: PRE_CONDITION_ERROR: You have no arm, so you cannot place onto. You can navigate_to and wait. Cargo is put on your bac...

--- drone_3 ---
Its current plan: ontop(die.n.01_1, cabinet.n.01_2) [success]
YOUR FINISHED PLANS (most recent last):
  #5 [DONE] ontop(die.n.01_1, breakfast_table.n.01_1)
      plan: wait(600)
      you chose it because: The die is controlled by drone_2 and has already reached the armchair. I cannot grasp it while held, so I wait for the other team's drone to advance it to the breakfast table.
  #6 [DONE] ontop(die.n.01_1, coffee_table.n.01_1)
      plan: wait(600)
      you chose it because: The die remains controlled by another team's drone, so grasping would fail. I wait rather than contest the exclusive cargo.
  #7 [DONE] ontop(die.n.01_1, cabinet.n.01_2)
      plan: wait(600)
      you chose it because: The die is now available for ridgeback_3 and jackal_3 to advance; I wait rather than contest the exclusive cargo.

Return exactly 3 plans, one per robot, using each robot's own ids. Say in `reasoning` how you divided the work.
-------------------------------------- COMPLETION --------------------------------------
  plans:
    [1]
      agent_id: ridgeback_3
      task:
        task: Task.ONTOP
        object_type: die.n.01_1
        object_id: 1
        reference: cabinet.n.01_2
      actions:
        [1] action_type: release
        [2]
          action_type: wait
          ticks: 600
      reasoning: I cannot navigate while holding the die because my base is locked. I release it in the living room so drone_3 can independently carry it to the next support, then wait.
    [2]
      agent_id: jackal_3
      task:
        task: Task.ONTOP
        object_type: die.n.01_1
        object_id: 1
        reference: cabinet.n.01_2
      actions:
        [1]
          action_type: wait
          ticks: 600
      reasoning: As an empty carrier with no arm, I cannot place the die. I wait while drone_3 retrieves and places it.
    [3]
      agent_id: drone_3
      task:
        task: Task.ONTOP
        object_type: die.n.01_1
        object_id: 1
        reference: cabinet.n.01_2
      actions:
        [1]
          action_type: navigate_to
          target: ridgeback_3
        [2]
          action_type: grasp
          target: die.n.01_1
        [3]
          action_type: navigate_to
          target: cabinet.n.01_2
        [4]
          action_type: close
          target: cabinet.n.01_2
        [5]
          action_type: place_on_top
          target: cabinet.n.01_2
      reasoning: After ridgeback_3 releases the die, I retrieve it directly, fly to the NEXT support cabinet.n.01_2, close the open cabinet if required, and place the die on top. This avoids the failed carrier handoff and uses the drone's ability to carry the die independently.
  reasoning: ridgeback_3 relinquishes the held die because its locked base cannot reach a carrier rendezvous. jackal_3 has no arm and therefore waits. drone_3 alone handles retrieval and transport to cabinet.n.01_2, avoiding duplicate claims and the previous invalid carrier placement.
====================================================================================================
#23  ridgeback_1  env_step 3751  t=368.434s  Team Plan Generation [team_1]
  usage: 6585 tokens (prompt 6178, completion 407)
---------------------------------- PROMPT / SYSTEM ----------------------------------
## 1. YOUR ROLE
You command TEAM 'team_1' -- 3 robots (ridgeback_1, jackal_1, drone_1) -- in a multi-agent
cooperative household task, alongside other teams doing the same. You are the
TEAM CONTROLLER: you are given all 3 robots' observations in one call and
answer with one plan per robot, in that same call.

- Divide the work. Two robots sent to the same object waste one of them: the
  loser burns the whole trip and its grasp fails with OBJECT_CLAIMED.
- Your robots start their plans together and you are not asked again until
  every one of them has finished. A robot that finishes early holds position
  and does nothing useful, so plans of wildly different lengths waste the
  short ones.
- Other teams are driven by their own controllers, not by you. You coordinate
  with them only through the messages quoted in this prompt.
- At the end of the prompt are each robot's last few plans, with their
  actions and how each ended, and the messages this team has sent and
  received. A plan that failed for a reason that still holds will fail the
  same way again, and a question you already asked has its answer in the
  record.

PLAN RESPONSE:
- Return a structured plan for EVERY robot listed above, one each, tagged with
  that robot's agent_id.
- Give each robot one task and at most 6 actions; 3-6 short
  executable actions are usually enough.
- Use exact item_id values from that robot's own section of the prompt.
- Say in the team-level `reasoning` how you divided the work between them.

## 2. ENVIRONMENT RULES
Your robots act through high-level primitives, not joint commands. Each one
takes many simulation steps: driving across a room costs 30 ticks per metre, so
distance is the main cost you control. None of them can see -- each is given a
symbolic description of the room it is standing in, and only that room, and
those descriptions are listed below one robot at a time.

Rules that decide whether an action succeeds:
- To grasp, place, open or toggle an object a robot must be closer to it than
  that object's own distance threshold; beyond it the action fails with TOO_FAR.
  Each object in a robot's room listing carries what that robot can do to it
  after "->", and a distance in metres ONLY when it is out of range -- no
  distance means that robot is already close enough to act on it now.
- An out-of-range object is marked "unreachable" and offers navigate_to and
  NOTHING else. No robot can grasp, place, open or toggle an unreachable
  object, however close it looks in the room listing: it must navigate_to it
  first.
- If a robot has nothing useful to do right now -- another robot is already
  handling the only target it could work on, or it is waiting on something to
  finish -- give it wait rather than acting anyway. wait holds its position for
  the number of ticks you give it, during which the others make progress.
- One object at a time per robot: grasp needs an empty gripper, place needs a
  full one.
- Objects are exclusive, including between your own robots. If anyone is
  holding something, a grasp for it fails with "held by <agent>". Sending two
  robots after one target costs the loser the whole trip for nothing.
- Some tasks are a route: THE TEAM'S TASK lists supports the cargo must rest on
  in order, marked done / NEXT. Only the NEXT support counts when the cargo is
  placed on it; a support reached out of order does not count and costs
  nothing -- progress resumes when NEXT holds. Progress is judged on where the
  cargo rests, not on what a robot intended.
- Every id in THE TEAM'S TASK is a valid navigate_to target for any robot from
  ANY room, even when it is not in that robot's listing: navigate_to(<that id>)
  drives it there, through the house, and its next listing shows that room.
  That is how a robot changes rooms. The cargo is where the task says it
  starts (or on the last support marked done) -- send a robot there; it will
  not be found where the robots stand.
- The line "Rooms in this house" names every room. navigate_to(<room name>)
  drives a robot to a free spot inside that room, so it can reach a room whose
  objects it cannot name yet, or go and look for something.
- Refer to objects only by the ids in that robot's own room listing, which are
  the objects in the room it is standing in. They look like apple.n.01_1. Never
  invent one, and never give one robot an id that appeared only under another
  robot -- it is in a room that robot cannot see.
- An entry marked "blocked" is in that room but currently unavailable -- the
  bracketed note says why.

When an action fails, that robot's plan is abandoned. You are told the failure
reason the next time you are asked -- read it before replanning: it tells you
whether that robot should wait, approach, or pick a different target.

## 3. ROBOT CAPABILITIES
Three kinds of robot. A robot's kind is on its own header ("(drone)") and on
its line in a teammate's listing ("[carrier, ...]", "[base locks while
holding]", "[drone]").

ARM -- a robot with a gripper: grasp, place_on_top, release, open/close,
toggle, load_onto, unload_from, navigate_to, wait.
- Some arms' bases LOCK while the gripper is loaded, and navigate_to then fails
  with BASE_LOCKED; such a robot cannot deliver what it picks up. Have it load
  the object onto a carrier robot with load_onto, let the carrier drive, and
  have an arm take it back at the far end with unload_from. Both actions name
  the *carrier* as their target and need the two robots within reach of each
  other. This is a division of labour, not a detour: it is why a task can need
  more than one of your robots.
- ONLY a robot marked [base locks while holding] needs a carrier. Any other
  robot that can grasp -- a drone, an unmarked arm -- carries what it holds by
  itself: grasp, navigate_to the support, place_on_top, done. A drone that can
  lift the cargo needs nobody: routing its cargo through a carrier and back is
  a detour that costs two extra actions and a round of waiting for nothing.
  Use the carrier for the base-locked robot's legs, and only for those.

CARRIER -- a robot with no arm: cargo rides on its back.
- A carrier and what it is carrying are ONE line in that robot's room listing:

    - agent_1  (teammate)  [carrier, carrying box.n.01_1]  -> unload_from

  The cargo has no line of its own and cannot be grasped where it sits.
  unload_from(agent_1) takes it off that carrier's back and into the acting
  robot's hand; load_onto(agent_1) puts what that robot holds onto it. Both
  name the carrier, both need the two robots within reach of each other, and
  unload_from is the only way to get cargo back.
- **A carrier has no arm**, so give it navigate_to and wait and nothing else:
  no grasp, no place, no release, no load_onto or unload_from -- those are done
  *to* it by a robot that does have a hand. Its own section lists its load on
  an "On your back:" line, and it cannot put that down itself. Its job is to
  drive to where an arm is waiting, which is the whole reason a task needs two
  of them.

DRONE -- flies, holds its load under a suction mount, and its base never locks:
it carries what it grasps by itself.
- What a drone may lift is limited. The drone cannot lift the notebook. A
  robot tagged [drone] can grasp and carry the die (die.n.01_1) but NOT the
  notebook (notebook.n.01_1): grasp or unload_from on it fails with
  CANNOT_LIFT, and getting closer does not change that. Only a robot with an
  arm can lift the notebook, so give that leg to an arm; this division of
  labour is what the task is built around.

THIS TEAM'S ROBOTS:
  - ridgeback_1: ARM, base LOCKS while holding (needs a carrier to move cargo)
  - jackal_1: CARRIER (no arm; navigate_to and wait only)
  - drone_1: DRONE (flies, carries what it holds; see the lift table)

WHO MAY LIFT WHAT (this activity):
  - die.n.01: arm, drone

## 4. COOPERATION MODE: INDIVIDUAL
Every team plans for itself. No team sends or receives messages; you learn
what the other teams are doing only from what your robots see (a teammate of
another team in the listing, an object held by one of its robots). Do not
wait for others to speak. When another team already holds the cargo, give
your robots something else or wait.
---------------------------------- PROMPT / USER ----------------------------------
=== STEP 3751 ===

## 6. OBSERVATIONS -- TEAM team_1 (3 robots)

THE TEAM'S TASK (the same for every robot), in the ids it is written in:
  Move die.n.01_1, in this order, onto: the cabinet in the child's room, the bookcase in the kitchen, the refrigerator in the kitchen, the armchair in the dining room, the breakfast table in the dining room, the coffee table in the living room, the cabinet in the living room, the cabinet in the bedroom, the bed in the bedroom, the bed in the child's room.
Route S1-M5, carry die.n.01_1 through these in order:
  done  C1  ontop(die.n.01_1, cabinet.n.01_1)
  done  C2  ontop(die.n.01_1, bookcase.n.01_1)
  done  C3  ontop(die.n.01_1, electric_refrigerator.n.01_1)
  done  C4  ontop(die.n.01_1, armchair.n.01_1)
  done  C5  ontop(die.n.01_1, breakfast_table.n.01_1)
  done  C6  ontop(die.n.01_1, coffee_table.n.01_1)
  NEXT  C7  ontop(die.n.01_1, cabinet.n.01_2)
        C8  ontop(die.n.01_1, cabinet.n.01_3)
        C9  ontop(die.n.01_1, bed.n.01_2)
        D   ontop(die.n.01_1, bed.n.01_1)
A support reached out of order does not count, and nothing is lost by it: progress resumes when the NEXT one holds.

=== ROBOT ridgeback_1 ===
Step 3751/8000 | you are ridgeback_1 in living_room_0 (a living room)
Rooms in this house (navigate_to any of them): bathroom_0, bedroom_0, childs_room_0, closet_0, closet_1, corridor_0, dining_room_0, empty_room_0, empty_room_1, kitchen_0, living_room_0, staircase_0
Holding: nothing

living_room_0:
  - cabinet.n.01_2  Open  -> unreachable, navigate_to  [2.6 m away]
  - coffee_table.n.01_1  -> grasp, navigate_to
  - die.n.01_1  -> unreachable, navigate_to  [1.1 m away]
  - drone_1  (teammate)  [drone]
  - drone_2  (teammate)  [drone]
  - jackal_1  (teammate)  [carrier, empty]  -> navigate_to
  - jackal_2  (teammate)  [carrier, empty]  -> navigate_to
  - jackal_3  (teammate)  [carrier, empty]  -> unreachable, navigate_to  [1.7 m away]
  - ridgeback_2  (teammate)  [base locks while holding]
  - ridgeback_3  (teammate)  [base locks while holding]

Relations:
  ontop(die.n.01_1, ridgeback_3)

=== ROBOT jackal_1 ===
Step 3751/8000 | you are jackal_1 in living_room_0 (a living room)
Rooms in this house (navigate_to any of them): bathroom_0, bedroom_0, childs_room_0, closet_0, closet_1, corridor_0, dining_room_0, empty_room_0, empty_room_1, kitchen_0, living_room_0, staircase_0
Holding: nothing

living_room_0:
  - cabinet.n.01_2  Open  -> unreachable, navigate_to  [3.2 m away]
  - coffee_table.n.01_1  -> navigate_to
  - die.n.01_1  -> navigate_to
  - drone_1  (teammate)  [drone]
  - drone_2  (teammate)  [drone]
  - jackal_2  (teammate)  [carrier, empty]
  - jackal_3  (teammate)  [carrier, empty]
  - ridgeback_1  (teammate)  [base locks while holding]
  - ridgeback_2  (teammate)  [base locks while holding]
  - ridgeback_3  (teammate)  [base locks while holding]

Relations:
  ontop(die.n.01_1, ridgeback_3)

=== ROBOT drone_1 ===
Step 3751/8000 | you are drone_1 (drone) in living_room_0 (a living room)
Rooms in this house (navigate_to any of them): bathroom_0, bedroom_0, childs_room_0, closet_0, closet_1, corridor_0, dining_room_0, empty_room_0, empty_room_1, kitchen_0, living_room_0, staircase_0
Holding: nothing

living_room_0:
  - cabinet.n.01_2  Open  -> unreachable, navigate_to  [4.1 m away]
  - coffee_table.n.01_1  -> grasp, navigate_to
  - die.n.01_1  -> unreachable, navigate_to  [1.7 m away]
  - drone_2  (teammate)  [drone]
  - jackal_1  (teammate)  [carrier, empty]  -> navigate_to
  - jackal_2  (teammate)  [carrier, empty]  -> unreachable, navigate_to  [2.0 m away]
  - jackal_3  (teammate)  [carrier, empty]  -> unreachable, navigate_to  [3.1 m away]
  - ridgeback_1  (teammate)  [base locks while holding]
  - ridgeback_2  (teammate)  [base locks while holding]
  - ridgeback_3  (teammate)  [base locks while holding]

Relations:
  ontop(die.n.01_1, ridgeback_3)

## 9. ACTION HISTORY AND FAILURES
--- ridgeback_1 ---
Its current plan: wait_for_team(team_1) [interrupted]
YOUR FINISHED PLANS (most recent last):
  #10 [DONE] ontop(die.n.01_1, breakfast_table.n.01_1)
      plan: wait(600)
      you chose it because: The drone can carry the die without a locked base; I wait rather than duplicate the cargo route.
  #12 [DONE] ontop(die.n.01_1, coffee_table.n.01_1)
      plan: wait(500)
      you chose it because: The drone can carry the die without a locked base, so I wait while it moves the die from the breakfast table to the coffee table.
  #14 [DONE] ontop(die.n.01_1, cabinet.n.01_2)
      plan: wait(600)
      you chose it because: The die is currently held by ridgeback_3 from another team, so I wait instead of attempting a conflicting grasp or route.

--- jackal_1 ---
Its current plan: wait_for_team(team_1) [interrupted]
YOUR FINISHED PLANS (most recent last):
  #7 [DONE] ontop(die.n.01_1, breakfast_table.n.01_1)
      plan: wait(600)
      you chose it because: As a carrier, I am unnecessary for the drone's unlocked die transport, so I hold position.
  #8 [DONE] ontop(die.n.01_1, coffee_table.n.01_1)
      plan: wait(500)
      you chose it because: As a carrier, I am not needed for the drone's direct die transport; I wait rather than duplicate the route.
  #9 [DONE] ontop(die.n.01_1, cabinet.n.01_2)
      plan: wait(600)
      you chose it because: The die is already being transported by ridgeback_3, and this carrier cannot act on it independently. I hold position.

--- drone_1 ---
Its current plan: ontop(die.n.01_1, cabinet.n.01_2) [success]
YOUR FINISHED PLANS (most recent last):
  #8 [DONE] ontop(die.n.01_1, breakfast_table.n.01_1)
      plan: navigate_to(armchair.n.01_1) -> grasp(die.n.01_1) -> navigate_to(breakfast_table.n.01_1) -> place_on_top(breakfast_table.n.01_1)
      you chose it because: I alone can directly lift and carry the die efficiently. I retrieve it from the completed armchair support and place it on the NEXT breakfast table support.
  #10 [DONE] ontop(die.n.01_1, coffee_table.n.01_1)
      plan: grasp(die.n.01_1) -> navigate_to(coffee_table.n.01_1) -> place_on_top(coffee_table.n.01_1)
      you chose it because: I retrieve the die from the completed breakfast-table support, fly it to the NEXT coffee-table support, and place it there.
  #12 [DONE] ontop(die.n.01_1, cabinet.n.01_2)
      plan: wait(600)
      you chose it because: The die is held by ridgeback_3, so I avoid a duplicate grasp attempt and wait for the current transport to finish.

Return exactly 3 plans, one per robot, using each robot's own ids. Say in `reasoning` how you divided the work.
-------------------------------------- COMPLETION --------------------------------------
  plans:
    [1]
      agent_id: ridgeback_1
      task:
        task: Task.ONTOP
        object_type: die.n.01_1
        object_id: 1
        reference: cabinet.n.01_2
      actions:
        [1]
          action_type: wait
          ticks: 600
      reasoning: The die is currently on ridgeback_3 from another team, so I wait rather than attempting a conflicting grasp.
    [2]
      agent_id: jackal_1
      task:
        task: Task.ONTOP
        object_type: die.n.01_1
        object_id: 1
        reference: cabinet.n.01_2
      actions:
        [1]
          action_type: wait
          ticks: 600
      reasoning: As a carrier without an arm, I cannot independently handle the die; I wait while the other team transports it.
    [3]
      agent_id: drone_1
      task:
        task: Task.ONTOP
        object_type: die.n.01_1
        object_id: 1
        reference: cabinet.n.01_2
      actions:
        [1]
          action_type: wait
          ticks: 600
      reasoning: The die is already held by ridgeback_3, so I avoid a duplicate grasp and wait for the current transport to finish.
  reasoning: The die is exclusively held by ridgeback_3 from another team. Ridgeback_1 and drone_1 must not compete for it, and jackal_1 cannot manipulate it, so all three robots wait without duplicating the active route.
====================================================================================================
#24  ridgeback_2  env_step 3929  t=382.401s  Team Plan Generation [team_2]
  usage: 6687 tokens (prompt 6244, completion 443)
---------------------------------- PROMPT / SYSTEM ----------------------------------
## 1. YOUR ROLE
You command TEAM 'team_2' -- 3 robots (ridgeback_2, jackal_2, drone_2) -- in a multi-agent
cooperative household task, alongside other teams doing the same. You are the
TEAM CONTROLLER: you are given all 3 robots' observations in one call and
answer with one plan per robot, in that same call.

- Divide the work. Two robots sent to the same object waste one of them: the
  loser burns the whole trip and its grasp fails with OBJECT_CLAIMED.
- Your robots start their plans together and you are not asked again until
  every one of them has finished. A robot that finishes early holds position
  and does nothing useful, so plans of wildly different lengths waste the
  short ones.
- Other teams are driven by their own controllers, not by you. You coordinate
  with them only through the messages quoted in this prompt.
- At the end of the prompt are each robot's last few plans, with their
  actions and how each ended, and the messages this team has sent and
  received. A plan that failed for a reason that still holds will fail the
  same way again, and a question you already asked has its answer in the
  record.

PLAN RESPONSE:
- Return a structured plan for EVERY robot listed above, one each, tagged with
  that robot's agent_id.
- Give each robot one task and at most 6 actions; 3-6 short
  executable actions are usually enough.
- Use exact item_id values from that robot's own section of the prompt.
- Say in the team-level `reasoning` how you divided the work between them.

## 2. ENVIRONMENT RULES
Your robots act through high-level primitives, not joint commands. Each one
takes many simulation steps: driving across a room costs 30 ticks per metre, so
distance is the main cost you control. None of them can see -- each is given a
symbolic description of the room it is standing in, and only that room, and
those descriptions are listed below one robot at a time.

Rules that decide whether an action succeeds:
- To grasp, place, open or toggle an object a robot must be closer to it than
  that object's own distance threshold; beyond it the action fails with TOO_FAR.
  Each object in a robot's room listing carries what that robot can do to it
  after "->", and a distance in metres ONLY when it is out of range -- no
  distance means that robot is already close enough to act on it now.
- An out-of-range object is marked "unreachable" and offers navigate_to and
  NOTHING else. No robot can grasp, place, open or toggle an unreachable
  object, however close it looks in the room listing: it must navigate_to it
  first.
- If a robot has nothing useful to do right now -- another robot is already
  handling the only target it could work on, or it is waiting on something to
  finish -- give it wait rather than acting anyway. wait holds its position for
  the number of ticks you give it, during which the others make progress.
- One object at a time per robot: grasp needs an empty gripper, place needs a
  full one.
- Objects are exclusive, including between your own robots. If anyone is
  holding something, a grasp for it fails with "held by <agent>". Sending two
  robots after one target costs the loser the whole trip for nothing.
- Some tasks are a route: THE TEAM'S TASK lists supports the cargo must rest on
  in order, marked done / NEXT. Only the NEXT support counts when the cargo is
  placed on it; a support reached out of order does not count and costs
  nothing -- progress resumes when NEXT holds. Progress is judged on where the
  cargo rests, not on what a robot intended.
- Every id in THE TEAM'S TASK is a valid navigate_to target for any robot from
  ANY room, even when it is not in that robot's listing: navigate_to(<that id>)
  drives it there, through the house, and its next listing shows that room.
  That is how a robot changes rooms. The cargo is where the task says it
  starts (or on the last support marked done) -- send a robot there; it will
  not be found where the robots stand.
- The line "Rooms in this house" names every room. navigate_to(<room name>)
  drives a robot to a free spot inside that room, so it can reach a room whose
  objects it cannot name yet, or go and look for something.
- Refer to objects only by the ids in that robot's own room listing, which are
  the objects in the room it is standing in. They look like apple.n.01_1. Never
  invent one, and never give one robot an id that appeared only under another
  robot -- it is in a room that robot cannot see.
- An entry marked "blocked" is in that room but currently unavailable -- the
  bracketed note says why.

When an action fails, that robot's plan is abandoned. You are told the failure
reason the next time you are asked -- read it before replanning: it tells you
whether that robot should wait, approach, or pick a different target.

## 3. ROBOT CAPABILITIES
Three kinds of robot. A robot's kind is on its own header ("(drone)") and on
its line in a teammate's listing ("[carrier, ...]", "[base locks while
holding]", "[drone]").

ARM -- a robot with a gripper: grasp, place_on_top, release, open/close,
toggle, load_onto, unload_from, navigate_to, wait.
- Some arms' bases LOCK while the gripper is loaded, and navigate_to then fails
  with BASE_LOCKED; such a robot cannot deliver what it picks up. Have it load
  the object onto a carrier robot with load_onto, let the carrier drive, and
  have an arm take it back at the far end with unload_from. Both actions name
  the *carrier* as their target and need the two robots within reach of each
  other. This is a division of labour, not a detour: it is why a task can need
  more than one of your robots.
- ONLY a robot marked [base locks while holding] needs a carrier. Any other
  robot that can grasp -- a drone, an unmarked arm -- carries what it holds by
  itself: grasp, navigate_to the support, place_on_top, done. A drone that can
  lift the cargo needs nobody: routing its cargo through a carrier and back is
  a detour that costs two extra actions and a round of waiting for nothing.
  Use the carrier for the base-locked robot's legs, and only for those.

CARRIER -- a robot with no arm: cargo rides on its back.
- A carrier and what it is carrying are ONE line in that robot's room listing:

    - agent_1  (teammate)  [carrier, carrying box.n.01_1]  -> unload_from

  The cargo has no line of its own and cannot be grasped where it sits.
  unload_from(agent_1) takes it off that carrier's back and into the acting
  robot's hand; load_onto(agent_1) puts what that robot holds onto it. Both
  name the carrier, both need the two robots within reach of each other, and
  unload_from is the only way to get cargo back.
- **A carrier has no arm**, so give it navigate_to and wait and nothing else:
  no grasp, no place, no release, no load_onto or unload_from -- those are done
  *to* it by a robot that does have a hand. Its own section lists its load on
  an "On your back:" line, and it cannot put that down itself. Its job is to
  drive to where an arm is waiting, which is the whole reason a task needs two
  of them.

DRONE -- flies, holds its load under a suction mount, and its base never locks:
it carries what it grasps by itself.
- What a drone may lift is limited. The drone cannot lift the notebook. A
  robot tagged [drone] can grasp and carry the die (die.n.01_1) but NOT the
  notebook (notebook.n.01_1): grasp or unload_from on it fails with
  CANNOT_LIFT, and getting closer does not change that. Only a robot with an
  arm can lift the notebook, so give that leg to an arm; this division of
  labour is what the task is built around.

THIS TEAM'S ROBOTS:
  - ridgeback_2: ARM, base LOCKS while holding (needs a carrier to move cargo)
  - jackal_2: CARRIER (no arm; navigate_to and wait only)
  - drone_2: DRONE (flies, carries what it holds; see the lift table)

WHO MAY LIFT WHAT (this activity):
  - die.n.01: arm, drone

## 4. COOPERATION MODE: INDIVIDUAL
Every team plans for itself. No team sends or receives messages; you learn
what the other teams are doing only from what your robots see (a teammate of
another team in the listing, an object held by one of its robots). Do not
wait for others to speak. When another team already holds the cargo, give
your robots something else or wait.
---------------------------------- PROMPT / USER ----------------------------------
=== STEP 3929 ===

## 6. OBSERVATIONS -- TEAM team_2 (3 robots)

THE TEAM'S TASK (the same for every robot), in the ids it is written in:
  Move die.n.01_1, in this order, onto: the cabinet in the child's room, the bookcase in the kitchen, the refrigerator in the kitchen, the armchair in the dining room, the breakfast table in the dining room, the coffee table in the living room, the cabinet in the living room, the cabinet in the bedroom, the bed in the bedroom, the bed in the child's room.
Route S1-M5, carry die.n.01_1 through these in order:
  done  C1  ontop(die.n.01_1, cabinet.n.01_1)
  done  C2  ontop(die.n.01_1, bookcase.n.01_1)
  done  C3  ontop(die.n.01_1, electric_refrigerator.n.01_1)
  done  C4  ontop(die.n.01_1, armchair.n.01_1)
  done  C5  ontop(die.n.01_1, breakfast_table.n.01_1)
  done  C6  ontop(die.n.01_1, coffee_table.n.01_1)
  NEXT  C7  ontop(die.n.01_1, cabinet.n.01_2)
        C8  ontop(die.n.01_1, cabinet.n.01_3)
        C9  ontop(die.n.01_1, bed.n.01_2)
        D   ontop(die.n.01_1, bed.n.01_1)
A support reached out of order does not count, and nothing is lost by it: progress resumes when the NEXT one holds.

=== ROBOT ridgeback_2 ===
Step 3929/8000 | you are ridgeback_2 in living_room_0 (a living room)
Rooms in this house (navigate_to any of them): bathroom_0, bedroom_0, childs_room_0, closet_0, closet_1, corridor_0, dining_room_0, empty_room_0, empty_room_1, kitchen_0, living_room_0, staircase_0
Holding: nothing

living_room_0:
  - cabinet.n.01_2  Open  -> unreachable, navigate_to  [2.1 m away]
  - coffee_table.n.01_1  -> grasp, navigate_to
  - die.n.01_1  held by drone_3  -> unreachable, navigate_to  [1.2 m away]
  - drone_1  (teammate)  [drone]
  - drone_2  (teammate)  [drone]
  - drone_3  (teammate)  [drone]
  - jackal_1  (teammate)  [carrier, empty]  -> navigate_to
  - jackal_2  (teammate)  [carrier, empty]  -> navigate_to
  - jackal_3  (teammate)  [carrier, empty]  -> navigate_to
  - ridgeback_1  (teammate)  [base locks while holding]
  - ridgeback_3  (teammate)  [base locks while holding]

=== ROBOT jackal_2 ===
Step 3929/8000 | you are jackal_2 in living_room_0 (a living room)
Rooms in this house (navigate_to any of them): bathroom_0, bedroom_0, childs_room_0, closet_0, closet_1, corridor_0, dining_room_0, empty_room_0, empty_room_1, kitchen_0, living_room_0, staircase_0
Holding: nothing

living_room_0:
  - cabinet.n.01_2  Open  -> unreachable, navigate_to  [2.1 m away]
  - coffee_table.n.01_1  -> unreachable, navigate_to  [1.9 m away]
  - die.n.01_1  held by drone_3  -> navigate_to
  - drone_1  (teammate)  [drone]
  - drone_2  (teammate)  [drone]
  - drone_3  (teammate)  [drone]
  - jackal_1  (teammate)  [carrier, empty]
  - jackal_3  (teammate)  [carrier, empty]
  - ridgeback_1  (teammate)  [base locks while holding]
  - ridgeback_2  (teammate)  [base locks while holding]
  - ridgeback_3  (teammate)  [base locks while holding]

=== ROBOT drone_2 ===
Step 3929/8000 | you are drone_2 (drone) in living_room_0 (a living room)
Rooms in this house (navigate_to any of them): bathroom_0, bedroom_0, childs_room_0, closet_0, closet_1, corridor_0, dining_room_0, empty_room_0, empty_room_1, kitchen_0, living_room_0, staircase_0
Holding: nothing

living_room_0:
  - cabinet.n.01_2  Open  -> unreachable, navigate_to  [4.0 m away]
  - coffee_table.n.01_1  -> grasp, navigate_to
  - die.n.01_1  held by drone_3  -> unreachable, navigate_to  [3.3 m away]
  - drone_1  (teammate)  [drone]
  - drone_3  (teammate)  [drone]
  - jackal_1  (teammate)  [carrier, empty]  -> unreachable, navigate_to  [2.4 m away]
  - jackal_2  (teammate)  [carrier, empty]  -> unreachable, navigate_to  [2.9 m away]
  - jackal_3  (teammate)  [carrier, empty]  -> unreachable, navigate_to  [3.6 m away]
  - ridgeback_1  (teammate)  [base locks while holding]
  - ridgeback_2  (teammate)  [base locks while holding]
  - ridgeback_3  (teammate)  [base locks while holding]

## 9. ACTION HISTORY AND FAILURES
--- ridgeback_2 ---
Its current plan: wait_for_team(team_2) [interrupted]
YOUR FINISHED PLANS (most recent last):
  #12 [DONE] ontop(die.n.01_1, cabinet.n.01_2)
      plan: wait(100)
      you chose it because: The drone can carry the die independently, so the locked-base arm should avoid competing and remain idle.
  #14 [DONE] ontop(die.n.01_1, cabinet.n.01_3)
      plan: wait(600)
      you chose it because: The die is currently held by drone_1 from another team, so I avoid competing and wait for the current transfer to finish.
  #16 [DONE] ontop(die.n.01_1, bed.n.01_2)
      plan: wait(600)
      you chose it because: The die is exclusively held by ridgeback_3 from another team, so I wait instead of competing or moving toward an unavailable object.

--- jackal_2 ---
Its current plan: wait_for_team(team_2) [interrupted]
YOUR FINISHED PLANS (most recent last):
  #9 [DONE] ontop(die.n.01_1, cabinet.n.01_2)
      plan: wait(100)
      you chose it because: The carrier is not needed because drone_2 can transport the die without a carrier; wait rather than attempting the obstructed coffee-table route.
  #11 [DONE] ontop(die.n.01_1, cabinet.n.01_3)
      plan: wait(600)
      you chose it because: As a carrier without an arm, I cannot act until the exclusive die is released; I wait while the other team advances it.
  #13 [DONE] ontop(die.n.01_1, bed.n.01_2)
      plan: wait(600)
      you chose it because: As the carrier, I cannot act while another team's ridgeback holds the die; I wait for that team's current transfer to finish.

--- drone_2 ---
Its current plan: ontop(die.n.01_1, bed.n.01_2) [success]
YOUR FINISHED PLANS (most recent last):
  #9 [FAILED] ontop(die.n.01_1, cabinet.n.01_2)
      plan: navigate_to(coffee_table.n.01_1) -> grasp(die.n.01_1) -> navigate_to(cabinet.n.01_2) -> place_on_top(cabinet.n.01_2)
      you chose it because: The coffee-table leg has succeeded and the die should now rest there. I take the die directly and advance it to the next required support, the living-room cabinet; the arm and carrier wait because the drone does not need them.
      it failed because: grasp: An error occurred during each attempt of this action. Attempt 0: PRE_CONDITION_ERROR: dice_154 is currently held by drone_1, so you cannot grasp it. Pick a different target, or ask them to r...
  #10 [DONE] ontop(die.n.01_1, cabinet.n.01_3)
      plan: wait(600)
      you chose it because: Another team's drone currently holds the die, so I wait rather than attempting a guaranteed OBJECT_CLAIMED grasp.
  #11 [DONE] ontop(die.n.01_1, bed.n.01_2)
      plan: wait(600)
      you chose it because: The die is held by ridgeback_3, making a grasp guaranteed to fail with an exclusive-object error; I wait while the other team advances it.

Return exactly 3 plans, one per robot, using each robot's own ids. Say in `reasoning` how you divided the work.
-------------------------------------- COMPLETION --------------------------------------
  plans:
    [1]
      agent_id: ridgeback_2
      task:
        task: Task.ONTOP
        object_type: die.n.01_1
        object_id: 1
        reference: cabinet.n.01_2
      actions:
        [1]
          action_type: wait
          ticks: 600
      reasoning: The die is exclusively held by drone_3, so I avoid a competing grasp and wait while the current team advances it.
    [2]
      agent_id: jackal_2
      task:
        task: Task.ONTOP
        object_type: die.n.01_1
        object_id: 1
        reference: cabinet.n.01_2
      actions:
        [1]
          action_type: wait
          ticks: 600
      reasoning: As a carrier without an arm, I cannot act while drone_3 holds the die; I wait for the exclusive transfer to finish.
    [3]
      agent_id: drone_2
      task:
        task: Task.ONTOP
        object_type: die.n.01_1
        object_id: 1
        reference: cabinet.n.01_2
      actions:
        [1]
          action_type: wait
          ticks: 600
      reasoning: Another team's drone currently holds the die, so attempting to grasp it would fail. I wait rather than duplicating their work.
  reasoning: All three robots wait because drone_3 exclusively holds the die and is already handling the next route support, cabinet.n.01_2. The locked-base arm and carrier cannot usefully intervene, and drone_2 must avoid an OBJECT_CLAIMED grasp.
====================================================================================================
#25  ridgeback_3  env_step 4218  t=401.079s  Team Plan Generation [team_3]
  usage: 7289 tokens (prompt 6528, completion 761)
---------------------------------- PROMPT / SYSTEM ----------------------------------
## 1. YOUR ROLE
You command TEAM 'team_3' -- 3 robots (ridgeback_3, jackal_3, drone_3) -- in a multi-agent
cooperative household task, alongside other teams doing the same. You are the
TEAM CONTROLLER: you are given all 3 robots' observations in one call and
answer with one plan per robot, in that same call.

- Divide the work. Two robots sent to the same object waste one of them: the
  loser burns the whole trip and its grasp fails with OBJECT_CLAIMED.
- Your robots start their plans together and you are not asked again until
  every one of them has finished. A robot that finishes early holds position
  and does nothing useful, so plans of wildly different lengths waste the
  short ones.
- Other teams are driven by their own controllers, not by you. You coordinate
  with them only through the messages quoted in this prompt.
- At the end of the prompt are each robot's last few plans, with their
  actions and how each ended, and the messages this team has sent and
  received. A plan that failed for a reason that still holds will fail the
  same way again, and a question you already asked has its answer in the
  record.

PLAN RESPONSE:
- Return a structured plan for EVERY robot listed above, one each, tagged with
  that robot's agent_id.
- Give each robot one task and at most 6 actions; 3-6 short
  executable actions are usually enough.
- Use exact item_id values from that robot's own section of the prompt.
- Say in the team-level `reasoning` how you divided the work between them.

## 2. ENVIRONMENT RULES
Your robots act through high-level primitives, not joint commands. Each one
takes many simulation steps: driving across a room costs 30 ticks per metre, so
distance is the main cost you control. None of them can see -- each is given a
symbolic description of the room it is standing in, and only that room, and
those descriptions are listed below one robot at a time.

Rules that decide whether an action succeeds:
- To grasp, place, open or toggle an object a robot must be closer to it than
  that object's own distance threshold; beyond it the action fails with TOO_FAR.
  Each object in a robot's room listing carries what that robot can do to it
  after "->", and a distance in metres ONLY when it is out of range -- no
  distance means that robot is already close enough to act on it now.
- An out-of-range object is marked "unreachable" and offers navigate_to and
  NOTHING else. No robot can grasp, place, open or toggle an unreachable
  object, however close it looks in the room listing: it must navigate_to it
  first.
- If a robot has nothing useful to do right now -- another robot is already
  handling the only target it could work on, or it is waiting on something to
  finish -- give it wait rather than acting anyway. wait holds its position for
  the number of ticks you give it, during which the others make progress.
- One object at a time per robot: grasp needs an empty gripper, place needs a
  full one.
- Objects are exclusive, including between your own robots. If anyone is
  holding something, a grasp for it fails with "held by <agent>". Sending two
  robots after one target costs the loser the whole trip for nothing.
- Some tasks are a route: THE TEAM'S TASK lists supports the cargo must rest on
  in order, marked done / NEXT. Only the NEXT support counts when the cargo is
  placed on it; a support reached out of order does not count and costs
  nothing -- progress resumes when NEXT holds. Progress is judged on where the
  cargo rests, not on what a robot intended.
- Every id in THE TEAM'S TASK is a valid navigate_to target for any robot from
  ANY room, even when it is not in that robot's listing: navigate_to(<that id>)
  drives it there, through the house, and its next listing shows that room.
  That is how a robot changes rooms. The cargo is where the task says it
  starts (or on the last support marked done) -- send a robot there; it will
  not be found where the robots stand.
- The line "Rooms in this house" names every room. navigate_to(<room name>)
  drives a robot to a free spot inside that room, so it can reach a room whose
  objects it cannot name yet, or go and look for something.
- Refer to objects only by the ids in that robot's own room listing, which are
  the objects in the room it is standing in. They look like apple.n.01_1. Never
  invent one, and never give one robot an id that appeared only under another
  robot -- it is in a room that robot cannot see.
- An entry marked "blocked" is in that room but currently unavailable -- the
  bracketed note says why.

When an action fails, that robot's plan is abandoned. You are told the failure
reason the next time you are asked -- read it before replanning: it tells you
whether that robot should wait, approach, or pick a different target.

## 3. ROBOT CAPABILITIES
Three kinds of robot. A robot's kind is on its own header ("(drone)") and on
its line in a teammate's listing ("[carrier, ...]", "[base locks while
holding]", "[drone]").

ARM -- a robot with a gripper: grasp, place_on_top, release, open/close,
toggle, load_onto, unload_from, navigate_to, wait.
- Some arms' bases LOCK while the gripper is loaded, and navigate_to then fails
  with BASE_LOCKED; such a robot cannot deliver what it picks up. Have it load
  the object onto a carrier robot with load_onto, let the carrier drive, and
  have an arm take it back at the far end with unload_from. Both actions name
  the *carrier* as their target and need the two robots within reach of each
  other. This is a division of labour, not a detour: it is why a task can need
  more than one of your robots.
- ONLY a robot marked [base locks while holding] needs a carrier. Any other
  robot that can grasp -- a drone, an unmarked arm -- carries what it holds by
  itself: grasp, navigate_to the support, place_on_top, done. A drone that can
  lift the cargo needs nobody: routing its cargo through a carrier and back is
  a detour that costs two extra actions and a round of waiting for nothing.
  Use the carrier for the base-locked robot's legs, and only for those.

CARRIER -- a robot with no arm: cargo rides on its back.
- A carrier and what it is carrying are ONE line in that robot's room listing:

    - agent_1  (teammate)  [carrier, carrying box.n.01_1]  -> unload_from

  The cargo has no line of its own and cannot be grasped where it sits.
  unload_from(agent_1) takes it off that carrier's back and into the acting
  robot's hand; load_onto(agent_1) puts what that robot holds onto it. Both
  name the carrier, both need the two robots within reach of each other, and
  unload_from is the only way to get cargo back.
- **A carrier has no arm**, so give it navigate_to and wait and nothing else:
  no grasp, no place, no release, no load_onto or unload_from -- those are done
  *to* it by a robot that does have a hand. Its own section lists its load on
  an "On your back:" line, and it cannot put that down itself. Its job is to
  drive to where an arm is waiting, which is the whole reason a task needs two
  of them.

DRONE -- flies, holds its load under a suction mount, and its base never locks:
it carries what it grasps by itself.
- What a drone may lift is limited. The drone cannot lift the notebook. A
  robot tagged [drone] can grasp and carry the die (die.n.01_1) but NOT the
  notebook (notebook.n.01_1): grasp or unload_from on it fails with
  CANNOT_LIFT, and getting closer does not change that. Only a robot with an
  arm can lift the notebook, so give that leg to an arm; this division of
  labour is what the task is built around.

THIS TEAM'S ROBOTS:
  - ridgeback_3: ARM, base LOCKS while holding (needs a carrier to move cargo)
  - jackal_3: CARRIER (no arm; navigate_to and wait only)
  - drone_3: DRONE (flies, carries what it holds; see the lift table)

WHO MAY LIFT WHAT (this activity):
  - die.n.01: arm, drone

## 4. COOPERATION MODE: INDIVIDUAL
Every team plans for itself. No team sends or receives messages; you learn
what the other teams are doing only from what your robots see (a teammate of
another team in the listing, an object held by one of its robots). Do not
wait for others to speak. When another team already holds the cargo, give
your robots something else or wait.
---------------------------------- PROMPT / USER ----------------------------------
=== STEP 4218 ===

## 6. OBSERVATIONS -- TEAM team_3 (3 robots)

THE TEAM'S TASK (the same for every robot), in the ids it is written in:
  Move die.n.01_1, in this order, onto: the cabinet in the child's room, the bookcase in the kitchen, the refrigerator in the kitchen, the armchair in the dining room, the breakfast table in the dining room, the coffee table in the living room, the cabinet in the living room, the cabinet in the bedroom, the bed in the bedroom, the bed in the child's room.
Route S1-M5, carry die.n.01_1 through these in order:
  done  C1  ontop(die.n.01_1, cabinet.n.01_1)
  done  C2  ontop(die.n.01_1, bookcase.n.01_1)
  done  C3  ontop(die.n.01_1, electric_refrigerator.n.01_1)
  done  C4  ontop(die.n.01_1, armchair.n.01_1)
  done  C5  ontop(die.n.01_1, breakfast_table.n.01_1)
  done  C6  ontop(die.n.01_1, coffee_table.n.01_1)
  NEXT  C7  ontop(die.n.01_1, cabinet.n.01_2)
        C8  ontop(die.n.01_1, cabinet.n.01_3)
        C9  ontop(die.n.01_1, bed.n.01_2)
        D   ontop(die.n.01_1, bed.n.01_1)
A support reached out of order does not count, and nothing is lost by it: progress resumes when the NEXT one holds.

=== ROBOT ridgeback_3 ===
Step 4218/8000 | you are ridgeback_3 in living_room_0 (a living room)
Rooms in this house (navigate_to any of them): bathroom_0, bedroom_0, childs_room_0, closet_0, closet_1, corridor_0, dining_room_0, empty_room_0, empty_room_1, kitchen_0, living_room_0, staircase_0
Holding: nothing

living_room_0:
  - cabinet.n.01_2  Open  -> unreachable, navigate_to  [2.8 m away]
  - coffee_table.n.01_1  -> unreachable, navigate_to  [2.0 m away]
  - die.n.01_1  held by drone_3  -> unreachable, navigate_to  [1.9 m away]
  - drone_1  (teammate)  [drone]
  - drone_2  (teammate)  [drone]
  - drone_3  (teammate)  [drone]
  - jackal_1  (teammate)  [carrier, empty]  -> navigate_to
  - jackal_2  (teammate)  [carrier, empty]  -> navigate_to
  - jackal_3  (teammate)  [carrier, empty]  -> unreachable, navigate_to  [1.7 m away]
  - ridgeback_1  (teammate)  [base locks while holding]
  - ridgeback_2  (teammate)  [base locks while holding]

=== ROBOT jackal_3 ===
Step 4218/8000 | you are jackal_3 in living_room_0 (a living room)
Rooms in this house (navigate_to any of them): bathroom_0, bedroom_0, childs_room_0, closet_0, closet_1, corridor_0, dining_room_0, empty_room_0, empty_room_1, kitchen_0, living_room_0, staircase_0
Holding: nothing

living_room_0:
  - cabinet.n.01_2  Open  -> navigate_to
  - coffee_table.n.01_1  -> unreachable, navigate_to  [2.8 m away]
  - die.n.01_1  held by drone_3  -> navigate_to
  - drone_1  (teammate)  [drone]
  - drone_2  (teammate)  [drone]
  - drone_3  (teammate)  [drone]
  - jackal_1  (teammate)  [carrier, empty]
  - jackal_2  (teammate)  [carrier, empty]
  - ridgeback_1  (teammate)  [base locks while holding]
  - ridgeback_2  (teammate)  [base locks while holding]
  - ridgeback_3  (teammate)  [base locks while holding]

=== ROBOT drone_3 ===
Step 4218/8000 | you are drone_3 (drone) in living_room_0 (a living room)
Rooms in this house (navigate_to any of them): bathroom_0, bedroom_0, childs_room_0, closet_0, closet_1, corridor_0, dining_room_0, empty_room_0, empty_room_1, kitchen_0, living_room_0, staircase_0
Holding: die.n.01_1 (dice)

living_room_0:
  - cabinet.n.01_2  Open  -> close, navigate_to, place_inside, place_on_top  [places die.n.01_1]
  - coffee_table.n.01_1  -> unreachable, navigate_to  [2.6 m away]
  - die.n.01_1  held by drone_3  -> navigate_to, release  [drops what you hold]
  - drone_1  (teammate)  [drone]
  - drone_2  (teammate)  [drone]
  - jackal_1  (teammate)  [carrier, empty]  -> unreachable, navigate_to  [2.3 m away]
  - jackal_2  (teammate)  [carrier, empty]  -> load_onto, navigate_to
  - jackal_3  (teammate)  [carrier, empty]  -> load_onto, navigate_to
  - ridgeback_1  (teammate)  [base locks while holding]
  - ridgeback_2  (teammate)  [base locks while holding]
  - ridgeback_3  (teammate)  [base locks while holding]

## 9. ACTION HISTORY AND FAILURES
--- ridgeback_3 ---
Its current plan: ontop(die.n.01_1, cabinet.n.01_2) [success]
YOUR FINISHED PLANS (most recent last):
  #10 [DONE] ontop(die.n.01_1, coffee_table.n.01_1)
      plan: wait(600)
      you chose it because: The die is being carried by another team's drone and is not available to grasp. I wait for progress toward the next living-room support.
  #12 [FAILED] ontop(die.n.01_1, cabinet.n.01_2)
      plan: grasp(die.n.01_1) -> load_onto(jackal_3) -> navigate_to(jackal_3) -> wait(180) -> unload_from(jackal_3) -> place_on_top(cabinet.n.01_2)
      you chose it because: I take the die from the coffee table, then transfer it to the base-unlocked carrier. After rendezvousing with jackal_3, I unload and place it on the next support, cabinet.n.01_2.
      it failed because: load_onto: PRE_CONDITION_ERROR: You are 2.08 m from jackal_3, too far to load onto it (you must be within 1.55 m). Navigate to it first.. Additional info: {'target object': 'jackal_3', 'distance': ...
  #14 [DONE] ontop(die.n.01_1, cabinet.n.01_2)
      plan: release() -> wait(600)
      you chose it because: I cannot navigate while holding the die because my base is locked. I release it in the living room so drone_3 can independently carry it to the next support, then wait.

--- jackal_3 ---
Its current plan: wait_for_team(team_3) [interrupted]
YOUR FINISHED PLANS (most recent last):
  #9 [DONE] ontop(die.n.01_1, coffee_table.n.01_1)
      plan: wait(600)
      you chose it because: As an empty carrier without an arm, I cannot act on the independently carried die. I wait while the other team's drone advances it.
  #11 [FAILED] ontop(die.n.01_1, cabinet.n.01_2)
      plan: wait(300) -> navigate_to(cabinet.n.01_2) -> wait(180) -> place_on_top(cabinet.n.01_2)
      you chose it because: I remain in place long enough for ridgeback_3 to load the die and rendezvous with me, then carry it to cabinet.n.01_2 and wait there for unloading.
      it failed because: place_on_top: An error occurred during each attempt of this action. Attempt 0: PRE_CONDITION_ERROR: You have no arm, so you cannot place onto. You can navigate_to and wait. Cargo is put on your bac...
  #13 [DONE] ontop(die.n.01_1, cabinet.n.01_2)
      plan: wait(600)
      you chose it because: As an empty carrier with no arm, I cannot place the die. I wait while drone_3 retrieves and places it.

--- drone_3 ---
Its current plan: wait_for_team(team_3) [interrupted]
YOUR FINISHED PLANS (most recent last):
  #6 [DONE] ontop(die.n.01_1, coffee_table.n.01_1)
      plan: wait(600)
      you chose it because: The die remains controlled by another team's drone, so grasping would fail. I wait rather than contest the exclusive cargo.
  #7 [DONE] ontop(die.n.01_1, cabinet.n.01_2)
      plan: wait(600)
      you chose it because: The die is now available for ridgeback_3 and jackal_3 to advance; I wait rather than contest the exclusive cargo.
  #8 [FAILED] ontop(die.n.01_1, cabinet.n.01_2)
      plan: navigate_to(ridgeback_3) -> grasp(die.n.01_1) -> navigate_to(cabinet.n.01_2) -> close(cabinet.n.01_2) -> place_on_top(cabinet.n.01_2)
      you chose it because: After ridgeback_3 releases the die, I retrieve it directly, fly to the NEXT support cabinet.n.01_2, close the open cabinet if required, and place the die on top. This avoids the failed carrier handoff and uses the drone's ability to carry the die independently.
      it failed because: close: An error occurred during each attempt of this action. Attempt 0: PRE_CONDITION_ERROR: Cannot open or close an object while holding an object. Additional info: {'object in hand': 'dice_154'}

Return exactly 3 plans, one per robot, using each robot's own ids. Say in `reasoning` how you divided the work.
-------------------------------------- COMPLETION --------------------------------------
  plans:
    [1]
      agent_id: ridgeback_3
      task:
        task: Task.ONTOP
        object_type: die.n.01_1
        object_id: 1
        reference: cabinet.n.01_2
      actions:
        [1]
          action_type: wait
          ticks: 300
      reasoning: The drone already holds the die and can place it directly on the nearby NEXT cabinet. I avoid competing for the exclusive cargo.
    [2]
      agent_id: jackal_3
      task:
        task: Task.ONTOP
        object_type: die.n.01_1
        object_id: 1
        reference: cabinet.n.01_2
      actions:
        [1]
          action_type: wait
          ticks: 300
      reasoning: As an empty carrier with no arm, I cannot place the die. I wait while drone_3 completes the cabinet placement.
    [3]
      agent_id: drone_3
      task:
        task: Task.ONTOP
        object_type: die.n.01_1
        object_id: 1
        reference: cabinet.n.01_2
      actions:
        [1]
          action_type: place_on_top
          target: cabinet.n.01_2
      reasoning: I already hold the die and am within reach of the NEXT support, cabinet.n.01_2. I place it directly; the cabinet is open but placing on top is available, and closing while holding would fail.
  reasoning: drone_3 independently carries the die and is positioned to complete the NEXT route support, so it performs the placement. ridgeback_3 and jackal_3 wait because transferring the die would add unnecessary contention and jackal_3 cannot place cargo.
====================================================================================================
#26  ridgeback_1  env_step 4352  t=413.732s  Team Plan Generation [team_1]
  usage: 6819 tokens (prompt 6249, completion 570)
---------------------------------- PROMPT / SYSTEM ----------------------------------
## 1. YOUR ROLE
You command TEAM 'team_1' -- 3 robots (ridgeback_1, jackal_1, drone_1) -- in a multi-agent
cooperative household task, alongside other teams doing the same. You are the
TEAM CONTROLLER: you are given all 3 robots' observations in one call and
answer with one plan per robot, in that same call.

- Divide the work. Two robots sent to the same object waste one of them: the
  loser burns the whole trip and its grasp fails with OBJECT_CLAIMED.
- Your robots start their plans together and you are not asked again until
  every one of them has finished. A robot that finishes early holds position
  and does nothing useful, so plans of wildly different lengths waste the
  short ones.
- Other teams are driven by their own controllers, not by you. You coordinate
  with them only through the messages quoted in this prompt.
- At the end of the prompt are each robot's last few plans, with their
  actions and how each ended, and the messages this team has sent and
  received. A plan that failed for a reason that still holds will fail the
  same way again, and a question you already asked has its answer in the
  record.

PLAN RESPONSE:
- Return a structured plan for EVERY robot listed above, one each, tagged with
  that robot's agent_id.
- Give each robot one task and at most 6 actions; 3-6 short
  executable actions are usually enough.
- Use exact item_id values from that robot's own section of the prompt.
- Say in the team-level `reasoning` how you divided the work between them.

## 2. ENVIRONMENT RULES
Your robots act through high-level primitives, not joint commands. Each one
takes many simulation steps: driving across a room costs 30 ticks per metre, so
distance is the main cost you control. None of them can see -- each is given a
symbolic description of the room it is standing in, and only that room, and
those descriptions are listed below one robot at a time.

Rules that decide whether an action succeeds:
- To grasp, place, open or toggle an object a robot must be closer to it than
  that object's own distance threshold; beyond it the action fails with TOO_FAR.
  Each object in a robot's room listing carries what that robot can do to it
  after "->", and a distance in metres ONLY when it is out of range -- no
  distance means that robot is already close enough to act on it now.
- An out-of-range object is marked "unreachable" and offers navigate_to and
  NOTHING else. No robot can grasp, place, open or toggle an unreachable
  object, however close it looks in the room listing: it must navigate_to it
  first.
- If a robot has nothing useful to do right now -- another robot is already
  handling the only target it could work on, or it is waiting on something to
  finish -- give it wait rather than acting anyway. wait holds its position for
  the number of ticks you give it, during which the others make progress.
- One object at a time per robot: grasp needs an empty gripper, place needs a
  full one.
- Objects are exclusive, including between your own robots. If anyone is
  holding something, a grasp for it fails with "held by <agent>". Sending two
  robots after one target costs the loser the whole trip for nothing.
- Some tasks are a route: THE TEAM'S TASK lists supports the cargo must rest on
  in order, marked done / NEXT. Only the NEXT support counts when the cargo is
  placed on it; a support reached out of order does not count and costs
  nothing -- progress resumes when NEXT holds. Progress is judged on where the
  cargo rests, not on what a robot intended.
- Every id in THE TEAM'S TASK is a valid navigate_to target for any robot from
  ANY room, even when it is not in that robot's listing: navigate_to(<that id>)
  drives it there, through the house, and its next listing shows that room.
  That is how a robot changes rooms. The cargo is where the task says it
  starts (or on the last support marked done) -- send a robot there; it will
  not be found where the robots stand.
- The line "Rooms in this house" names every room. navigate_to(<room name>)
  drives a robot to a free spot inside that room, so it can reach a room whose
  objects it cannot name yet, or go and look for something.
- Refer to objects only by the ids in that robot's own room listing, which are
  the objects in the room it is standing in. They look like apple.n.01_1. Never
  invent one, and never give one robot an id that appeared only under another
  robot -- it is in a room that robot cannot see.
- An entry marked "blocked" is in that room but currently unavailable -- the
  bracketed note says why.

When an action fails, that robot's plan is abandoned. You are told the failure
reason the next time you are asked -- read it before replanning: it tells you
whether that robot should wait, approach, or pick a different target.

## 3. ROBOT CAPABILITIES
Three kinds of robot. A robot's kind is on its own header ("(drone)") and on
its line in a teammate's listing ("[carrier, ...]", "[base locks while
holding]", "[drone]").

ARM -- a robot with a gripper: grasp, place_on_top, release, open/close,
toggle, load_onto, unload_from, navigate_to, wait.
- Some arms' bases LOCK while the gripper is loaded, and navigate_to then fails
  with BASE_LOCKED; such a robot cannot deliver what it picks up. Have it load
  the object onto a carrier robot with load_onto, let the carrier drive, and
  have an arm take it back at the far end with unload_from. Both actions name
  the *carrier* as their target and need the two robots within reach of each
  other. This is a division of labour, not a detour: it is why a task can need
  more than one of your robots.
- ONLY a robot marked [base locks while holding] needs a carrier. Any other
  robot that can grasp -- a drone, an unmarked arm -- carries what it holds by
  itself: grasp, navigate_to the support, place_on_top, done. A drone that can
  lift the cargo needs nobody: routing its cargo through a carrier and back is
  a detour that costs two extra actions and a round of waiting for nothing.
  Use the carrier for the base-locked robot's legs, and only for those.

CARRIER -- a robot with no arm: cargo rides on its back.
- A carrier and what it is carrying are ONE line in that robot's room listing:

    - agent_1  (teammate)  [carrier, carrying box.n.01_1]  -> unload_from

  The cargo has no line of its own and cannot be grasped where it sits.
  unload_from(agent_1) takes it off that carrier's back and into the acting
  robot's hand; load_onto(agent_1) puts what that robot holds onto it. Both
  name the carrier, both need the two robots within reach of each other, and
  unload_from is the only way to get cargo back.
- **A carrier has no arm**, so give it navigate_to and wait and nothing else:
  no grasp, no place, no release, no load_onto or unload_from -- those are done
  *to* it by a robot that does have a hand. Its own section lists its load on
  an "On your back:" line, and it cannot put that down itself. Its job is to
  drive to where an arm is waiting, which is the whole reason a task needs two
  of them.

DRONE -- flies, holds its load under a suction mount, and its base never locks:
it carries what it grasps by itself.
- What a drone may lift is limited. The drone cannot lift the notebook. A
  robot tagged [drone] can grasp and carry the die (die.n.01_1) but NOT the
  notebook (notebook.n.01_1): grasp or unload_from on it fails with
  CANNOT_LIFT, and getting closer does not change that. Only a robot with an
  arm can lift the notebook, so give that leg to an arm; this division of
  labour is what the task is built around.

THIS TEAM'S ROBOTS:
  - ridgeback_1: ARM, base LOCKS while holding (needs a carrier to move cargo)
  - jackal_1: CARRIER (no arm; navigate_to and wait only)
  - drone_1: DRONE (flies, carries what it holds; see the lift table)

WHO MAY LIFT WHAT (this activity):
  - die.n.01: arm, drone

## 4. COOPERATION MODE: INDIVIDUAL
Every team plans for itself. No team sends or receives messages; you learn
what the other teams are doing only from what your robots see (a teammate of
another team in the listing, an object held by one of its robots). Do not
wait for others to speak. When another team already holds the cargo, give
your robots something else or wait.
---------------------------------- PROMPT / USER ----------------------------------
=== STEP 4352 ===

## 6. OBSERVATIONS -- TEAM team_1 (3 robots)

THE TEAM'S TASK (the same for every robot), in the ids it is written in:
  Move die.n.01_1, in this order, onto: the cabinet in the child's room, the bookcase in the kitchen, the refrigerator in the kitchen, the armchair in the dining room, the breakfast table in the dining room, the coffee table in the living room, the cabinet in the living room, the cabinet in the bedroom, the bed in the bedroom, the bed in the child's room.
Route S1-M5, carry die.n.01_1 through these in order:
  done  C1  ontop(die.n.01_1, cabinet.n.01_1)
  done  C2  ontop(die.n.01_1, bookcase.n.01_1)
  done  C3  ontop(die.n.01_1, electric_refrigerator.n.01_1)
  done  C4  ontop(die.n.01_1, armchair.n.01_1)
  done  C5  ontop(die.n.01_1, breakfast_table.n.01_1)
  done  C6  ontop(die.n.01_1, coffee_table.n.01_1)
  done  C7  ontop(die.n.01_1, cabinet.n.01_2)
  NEXT  C8  ontop(die.n.01_1, cabinet.n.01_3)
        C9  ontop(die.n.01_1, bed.n.01_2)
        D   ontop(die.n.01_1, bed.n.01_1)
A support reached out of order does not count, and nothing is lost by it: progress resumes when the NEXT one holds.

=== ROBOT ridgeback_1 ===
Step 4352/8000 | you are ridgeback_1 in living_room_0 (a living room)
Rooms in this house (navigate_to any of them): bathroom_0, bedroom_0, childs_room_0, closet_0, closet_1, corridor_0, dining_room_0, empty_room_0, empty_room_1, kitchen_0, living_room_0, staircase_0
Holding: nothing

living_room_0:
  - cabinet.n.01_2  Open  -> unreachable, navigate_to  [2.6 m away]
  - coffee_table.n.01_1  -> grasp, navigate_to
  - die.n.01_1  -> unreachable, navigate_to  [2.2 m away]
  - drone_1  (teammate)  [drone]
  - drone_2  (teammate)  [drone]
  - drone_3  (teammate)  [drone]
  - jackal_1  (teammate)  [carrier, empty]  -> navigate_to
  - jackal_2  (teammate)  [carrier, empty]  -> navigate_to
  - jackal_3  (teammate)  [carrier, empty]  -> unreachable, navigate_to  [1.7 m away]
  - ridgeback_2  (teammate)  [base locks while holding]
  - ridgeback_3  (teammate)  [base locks while holding]

Relations:
  inside(die.n.01_1, cabinet.n.01_2)
  ontop(die.n.01_1, cabinet.n.01_2)

=== ROBOT jackal_1 ===
Step 4352/8000 | you are jackal_1 in living_room_0 (a living room)
Rooms in this house (navigate_to any of them): bathroom_0, bedroom_0, childs_room_0, closet_0, closet_1, corridor_0, dining_room_0, empty_room_0, empty_room_1, kitchen_0, living_room_0, staircase_0
Holding: nothing

living_room_0:
  - cabinet.n.01_2  Open  -> unreachable, navigate_to  [3.2 m away]
  - coffee_table.n.01_1  -> navigate_to
  - die.n.01_1  -> unreachable, navigate_to  [2.9 m away]
  - drone_1  (teammate)  [drone]
  - drone_2  (teammate)  [drone]
  - drone_3  (teammate)  [drone]
  - jackal_2  (teammate)  [carrier, empty]
  - jackal_3  (teammate)  [carrier, empty]
  - ridgeback_1  (teammate)  [base locks while holding]
  - ridgeback_2  (teammate)  [base locks while holding]
  - ridgeback_3  (teammate)  [base locks while holding]

Relations:
  inside(die.n.01_1, cabinet.n.01_2)
  ontop(die.n.01_1, cabinet.n.01_2)

=== ROBOT drone_1 ===
Step 4352/8000 | you are drone_1 (drone) in living_room_0 (a living room)
Rooms in this house (navigate_to any of them): bathroom_0, bedroom_0, childs_room_0, closet_0, closet_1, corridor_0, dining_room_0, empty_room_0, empty_room_1, kitchen_0, living_room_0, staircase_0
Holding: nothing

living_room_0:
  - cabinet.n.01_2  Open  -> unreachable, navigate_to  [4.1 m away]
  - coffee_table.n.01_1  -> grasp, navigate_to
  - die.n.01_1  -> unreachable, navigate_to  [3.8 m away]
  - drone_2  (teammate)  [drone]
  - drone_3  (teammate)  [drone]
  - jackal_1  (teammate)  [carrier, empty]  -> navigate_to
  - jackal_2  (teammate)  [carrier, empty]  -> unreachable, navigate_to  [2.0 m away]
  - jackal_3  (teammate)  [carrier, empty]  -> unreachable, navigate_to  [3.1 m away]
  - ridgeback_1  (teammate)  [base locks while holding]
  - ridgeback_2  (teammate)  [base locks while holding]
  - ridgeback_3  (teammate)  [base locks while holding]

Relations:
  inside(die.n.01_1, cabinet.n.01_2)
  ontop(die.n.01_1, cabinet.n.01_2)

## 9. ACTION HISTORY AND FAILURES
--- ridgeback_1 ---
Its current plan: wait_for_team(team_1) [interrupted]
YOUR FINISHED PLANS (most recent last):
  #12 [DONE] ontop(die.n.01_1, coffee_table.n.01_1)
      plan: wait(500)
      you chose it because: The drone can carry the die without a locked base, so I wait while it moves the die from the breakfast table to the coffee table.
  #14 [DONE] ontop(die.n.01_1, cabinet.n.01_2)
      plan: wait(600)
      you chose it because: The die is currently held by ridgeback_3 from another team, so I wait instead of attempting a conflicting grasp or route.
  #16 [DONE] ontop(die.n.01_1, cabinet.n.01_2)
      plan: wait(600)
      you chose it because: The die is currently on ridgeback_3 from another team, so I wait rather than attempting a conflicting grasp.

--- jackal_1 ---
Its current plan: wait_for_team(team_1) [interrupted]
YOUR FINISHED PLANS (most recent last):
  #8 [DONE] ontop(die.n.01_1, coffee_table.n.01_1)
      plan: wait(500)
      you chose it because: As a carrier, I am not needed for the drone's direct die transport; I wait rather than duplicate the route.
  #9 [DONE] ontop(die.n.01_1, cabinet.n.01_2)
      plan: wait(600)
      you chose it because: The die is already being transported by ridgeback_3, and this carrier cannot act on it independently. I hold position.
  #11 [DONE] ontop(die.n.01_1, cabinet.n.01_2)
      plan: wait(600)
      you chose it because: As a carrier without an arm, I cannot independently handle the die; I wait while the other team transports it.

--- drone_1 ---
Its current plan: ontop(die.n.01_1, cabinet.n.01_2) [success]
YOUR FINISHED PLANS (most recent last):
  #10 [DONE] ontop(die.n.01_1, coffee_table.n.01_1)
      plan: grasp(die.n.01_1) -> navigate_to(coffee_table.n.01_1) -> place_on_top(coffee_table.n.01_1)
      you chose it because: I retrieve the die from the completed breakfast-table support, fly it to the NEXT coffee-table support, and place it there.
  #12 [DONE] ontop(die.n.01_1, cabinet.n.01_2)
      plan: wait(600)
      you chose it because: The die is held by ridgeback_3, so I avoid a duplicate grasp attempt and wait for the current transport to finish.
  #13 [DONE] ontop(die.n.01_1, cabinet.n.01_2)
      plan: wait(600)
      you chose it because: The die is already held by ridgeback_3, so I avoid a duplicate grasp and wait for the current transport to finish.

Return exactly 3 plans, one per robot, using each robot's own ids. Say in `reasoning` how you divided the work.
-------------------------------------- COMPLETION --------------------------------------
  plans:
    [1]
      agent_id: ridgeback_1
      task:
        task: Task.ONTOP
        object_type: die.n.01_1
        object_id: 1
        reference: cabinet.n.01_3
      actions:
        [1]
          action_type: wait
          ticks: 600
      reasoning: The drone can carry the die directly without a locked-base carrier; I wait and avoid competing for the shared die.
    [2]
      agent_id: jackal_1
      task:
        task: Task.ONTOP
        object_type: die.n.01_1
        object_id: 1
        reference: cabinet.n.01_3
      actions:
        [1]
          action_type: wait
          ticks: 600
      reasoning: As a carrier without an arm, I am not needed for the drone's direct transport, so I wait.
    [3]
      agent_id: drone_1
      task:
        task: Task.ONTOP
        object_type: die.n.01_1
        object_id: 1
        reference: cabinet.n.01_3
      actions:
        [1]
          action_type: navigate_to
          target: die.n.01_1
        [2]
          action_type: grasp
          target: die.n.01_1
        [3]
          action_type: navigate_to
          target: cabinet.n.01_3
        [4]
          action_type: place_on_top
          target: cabinet.n.01_3
      reasoning: I alone retrieve the die from the completed cabinet.n.01_2 support and fly it to the NEXT support, cabinet.n.01_3, in the bedroom.
  reasoning: The drone handles the die's next route leg directly because it can lift and carry the die without base locking. The arm and carrier remain idle so neither duplicates the exclusive die operation.
====================================================================================================
#27  ridgeback_3  env_step 4519  t=426.421s  Team Plan Generation [team_3]
  usage: 7042 tokens (prompt 6528, completion 514)
---------------------------------- PROMPT / SYSTEM ----------------------------------
## 1. YOUR ROLE
You command TEAM 'team_3' -- 3 robots (ridgeback_3, jackal_3, drone_3) -- in a multi-agent
cooperative household task, alongside other teams doing the same. You are the
TEAM CONTROLLER: you are given all 3 robots' observations in one call and
answer with one plan per robot, in that same call.

- Divide the work. Two robots sent to the same object waste one of them: the
  loser burns the whole trip and its grasp fails with OBJECT_CLAIMED.
- Your robots start their plans together and you are not asked again until
  every one of them has finished. A robot that finishes early holds position
  and does nothing useful, so plans of wildly different lengths waste the
  short ones.
- Other teams are driven by their own controllers, not by you. You coordinate
  with them only through the messages quoted in this prompt.
- At the end of the prompt are each robot's last few plans, with their
  actions and how each ended, and the messages this team has sent and
  received. A plan that failed for a reason that still holds will fail the
  same way again, and a question you already asked has its answer in the
  record.

PLAN RESPONSE:
- Return a structured plan for EVERY robot listed above, one each, tagged with
  that robot's agent_id.
- Give each robot one task and at most 6 actions; 3-6 short
  executable actions are usually enough.
- Use exact item_id values from that robot's own section of the prompt.
- Say in the team-level `reasoning` how you divided the work between them.

## 2. ENVIRONMENT RULES
Your robots act through high-level primitives, not joint commands. Each one
takes many simulation steps: driving across a room costs 30 ticks per metre, so
distance is the main cost you control. None of them can see -- each is given a
symbolic description of the room it is standing in, and only that room, and
those descriptions are listed below one robot at a time.

Rules that decide whether an action succeeds:
- To grasp, place, open or toggle an object a robot must be closer to it than
  that object's own distance threshold; beyond it the action fails with TOO_FAR.
  Each object in a robot's room listing carries what that robot can do to it
  after "->", and a distance in metres ONLY when it is out of range -- no
  distance means that robot is already close enough to act on it now.
- An out-of-range object is marked "unreachable" and offers navigate_to and
  NOTHING else. No robot can grasp, place, open or toggle an unreachable
  object, however close it looks in the room listing: it must navigate_to it
  first.
- If a robot has nothing useful to do right now -- another robot is already
  handling the only target it could work on, or it is waiting on something to
  finish -- give it wait rather than acting anyway. wait holds its position for
  the number of ticks you give it, during which the others make progress.
- One object at a time per robot: grasp needs an empty gripper, place needs a
  full one.
- Objects are exclusive, including between your own robots. If anyone is
  holding something, a grasp for it fails with "held by <agent>". Sending two
  robots after one target costs the loser the whole trip for nothing.
- Some tasks are a route: THE TEAM'S TASK lists supports the cargo must rest on
  in order, marked done / NEXT. Only the NEXT support counts when the cargo is
  placed on it; a support reached out of order does not count and costs
  nothing -- progress resumes when NEXT holds. Progress is judged on where the
  cargo rests, not on what a robot intended.
- Every id in THE TEAM'S TASK is a valid navigate_to target for any robot from
  ANY room, even when it is not in that robot's listing: navigate_to(<that id>)
  drives it there, through the house, and its next listing shows that room.
  That is how a robot changes rooms. The cargo is where the task says it
  starts (or on the last support marked done) -- send a robot there; it will
  not be found where the robots stand.
- The line "Rooms in this house" names every room. navigate_to(<room name>)
  drives a robot to a free spot inside that room, so it can reach a room whose
  objects it cannot name yet, or go and look for something.
- Refer to objects only by the ids in that robot's own room listing, which are
  the objects in the room it is standing in. They look like apple.n.01_1. Never
  invent one, and never give one robot an id that appeared only under another
  robot -- it is in a room that robot cannot see.
- An entry marked "blocked" is in that room but currently unavailable -- the
  bracketed note says why.

When an action fails, that robot's plan is abandoned. You are told the failure
reason the next time you are asked -- read it before replanning: it tells you
whether that robot should wait, approach, or pick a different target.

## 3. ROBOT CAPABILITIES
Three kinds of robot. A robot's kind is on its own header ("(drone)") and on
its line in a teammate's listing ("[carrier, ...]", "[base locks while
holding]", "[drone]").

ARM -- a robot with a gripper: grasp, place_on_top, release, open/close,
toggle, load_onto, unload_from, navigate_to, wait.
- Some arms' bases LOCK while the gripper is loaded, and navigate_to then fails
  with BASE_LOCKED; such a robot cannot deliver what it picks up. Have it load
  the object onto a carrier robot with load_onto, let the carrier drive, and
  have an arm take it back at the far end with unload_from. Both actions name
  the *carrier* as their target and need the two robots within reach of each
  other. This is a division of labour, not a detour: it is why a task can need
  more than one of your robots.
- ONLY a robot marked [base locks while holding] needs a carrier. Any other
  robot that can grasp -- a drone, an unmarked arm -- carries what it holds by
  itself: grasp, navigate_to the support, place_on_top, done. A drone that can
  lift the cargo needs nobody: routing its cargo through a carrier and back is
  a detour that costs two extra actions and a round of waiting for nothing.
  Use the carrier for the base-locked robot's legs, and only for those.

CARRIER -- a robot with no arm: cargo rides on its back.
- A carrier and what it is carrying are ONE line in that robot's room listing:

    - agent_1  (teammate)  [carrier, carrying box.n.01_1]  -> unload_from

  The cargo has no line of its own and cannot be grasped where it sits.
  unload_from(agent_1) takes it off that carrier's back and into the acting
  robot's hand; load_onto(agent_1) puts what that robot holds onto it. Both
  name the carrier, both need the two robots within reach of each other, and
  unload_from is the only way to get cargo back.
- **A carrier has no arm**, so give it navigate_to and wait and nothing else:
  no grasp, no place, no release, no load_onto or unload_from -- those are done
  *to* it by a robot that does have a hand. Its own section lists its load on
  an "On your back:" line, and it cannot put that down itself. Its job is to
  drive to where an arm is waiting, which is the whole reason a task needs two
  of them.

DRONE -- flies, holds its load under a suction mount, and its base never locks:
it carries what it grasps by itself.
- What a drone may lift is limited. The drone cannot lift the notebook. A
  robot tagged [drone] can grasp and carry the die (die.n.01_1) but NOT the
  notebook (notebook.n.01_1): grasp or unload_from on it fails with
  CANNOT_LIFT, and getting closer does not change that. Only a robot with an
  arm can lift the notebook, so give that leg to an arm; this division of
  labour is what the task is built around.

THIS TEAM'S ROBOTS:
  - ridgeback_3: ARM, base LOCKS while holding (needs a carrier to move cargo)
  - jackal_3: CARRIER (no arm; navigate_to and wait only)
  - drone_3: DRONE (flies, carries what it holds; see the lift table)

WHO MAY LIFT WHAT (this activity):
  - die.n.01: arm, drone

## 4. COOPERATION MODE: INDIVIDUAL
Every team plans for itself. No team sends or receives messages; you learn
what the other teams are doing only from what your robots see (a teammate of
another team in the listing, an object held by one of its robots). Do not
wait for others to speak. When another team already holds the cargo, give
your robots something else or wait.
---------------------------------- PROMPT / USER ----------------------------------
=== STEP 4519 ===

## 6. OBSERVATIONS -- TEAM team_3 (3 robots)

THE TEAM'S TASK (the same for every robot), in the ids it is written in:
  Move die.n.01_1, in this order, onto: the cabinet in the child's room, the bookcase in the kitchen, the refrigerator in the kitchen, the armchair in the dining room, the breakfast table in the dining room, the coffee table in the living room, the cabinet in the living room, the cabinet in the bedroom, the bed in the bedroom, the bed in the child's room.
Route S1-M5, carry die.n.01_1 through these in order:
  done  C1  ontop(die.n.01_1, cabinet.n.01_1)
  done  C2  ontop(die.n.01_1, bookcase.n.01_1)
  done  C3  ontop(die.n.01_1, electric_refrigerator.n.01_1)
  done  C4  ontop(die.n.01_1, armchair.n.01_1)
  done  C5  ontop(die.n.01_1, breakfast_table.n.01_1)
  done  C6  ontop(die.n.01_1, coffee_table.n.01_1)
  done  C7  ontop(die.n.01_1, cabinet.n.01_2)
  NEXT  C8  ontop(die.n.01_1, cabinet.n.01_3)
        C9  ontop(die.n.01_1, bed.n.01_2)
        D   ontop(die.n.01_1, bed.n.01_1)
A support reached out of order does not count, and nothing is lost by it: progress resumes when the NEXT one holds.

=== ROBOT ridgeback_3 ===
Step 4519/8000 | you are ridgeback_3 in living_room_0 (a living room)
Rooms in this house (navigate_to any of them): bathroom_0, bedroom_0, childs_room_0, closet_0, closet_1, corridor_0, dining_room_0, empty_room_0, empty_room_1, kitchen_0, living_room_0, staircase_0
Holding: nothing

living_room_0:
  - cabinet.n.01_2  Open  -> unreachable, navigate_to  [2.8 m away]
  - coffee_table.n.01_1  -> unreachable, navigate_to  [2.0 m away]
  - die.n.01_1  held by drone_1  -> unreachable, navigate_to  [2.2 m away]
  - drone_1  (teammate)  [drone]
  - drone_2  (teammate)  [drone]
  - drone_3  (teammate)  [drone]
  - jackal_1  (teammate)  [carrier, empty]  -> navigate_to
  - jackal_2  (teammate)  [carrier, empty]  -> navigate_to
  - jackal_3  (teammate)  [carrier, empty]  -> unreachable, navigate_to  [1.7 m away]
  - ridgeback_1  (teammate)  [base locks while holding]
  - ridgeback_2  (teammate)  [base locks while holding]

=== ROBOT jackal_3 ===
Step 4519/8000 | you are jackal_3 in living_room_0 (a living room)
Rooms in this house (navigate_to any of them): bathroom_0, bedroom_0, childs_room_0, closet_0, closet_1, corridor_0, dining_room_0, empty_room_0, empty_room_1, kitchen_0, living_room_0, staircase_0
Holding: nothing

living_room_0:
  - cabinet.n.01_2  Open  -> navigate_to
  - coffee_table.n.01_1  -> unreachable, navigate_to  [2.8 m away]
  - die.n.01_1  held by drone_1  -> navigate_to
  - drone_1  (teammate)  [drone]
  - drone_2  (teammate)  [drone]
  - drone_3  (teammate)  [drone]
  - jackal_1  (teammate)  [carrier, empty]
  - jackal_2  (teammate)  [carrier, empty]
  - ridgeback_1  (teammate)  [base locks while holding]
  - ridgeback_2  (teammate)  [base locks while holding]
  - ridgeback_3  (teammate)  [base locks while holding]

=== ROBOT drone_3 ===
Step 4519/8000 | you are drone_3 (drone) in living_room_0 (a living room)
Rooms in this house (navigate_to any of them): bathroom_0, bedroom_0, childs_room_0, closet_0, closet_1, corridor_0, dining_room_0, empty_room_0, empty_room_1, kitchen_0, living_room_0, staircase_0
Holding: nothing

living_room_0:
  - cabinet.n.01_2  Open  -> close, grasp, navigate_to  [Open is True]
  - coffee_table.n.01_1  -> unreachable, navigate_to  [2.6 m away]
  - die.n.01_1  held by drone_1  -> unreachable, navigate_to  [1.0 m away]
  - drone_1  (teammate)  [drone]
  - drone_2  (teammate)  [drone]
  - jackal_1  (teammate)  [carrier, empty]  -> unreachable, navigate_to  [2.3 m away]
  - jackal_2  (teammate)  [carrier, empty]  -> navigate_to
  - jackal_3  (teammate)  [carrier, empty]  -> navigate_to
  - ridgeback_1  (teammate)  [base locks while holding]
  - ridgeback_2  (teammate)  [base locks while holding]
  - ridgeback_3  (teammate)  [base locks while holding]

## 9. ACTION HISTORY AND FAILURES
--- ridgeback_3 ---
Its current plan: wait_for_team(team_3) [interrupted]
YOUR FINISHED PLANS (most recent last):
  #12 [FAILED] ontop(die.n.01_1, cabinet.n.01_2)
      plan: grasp(die.n.01_1) -> load_onto(jackal_3) -> navigate_to(jackal_3) -> wait(180) -> unload_from(jackal_3) -> place_on_top(cabinet.n.01_2)
      you chose it because: I take the die from the coffee table, then transfer it to the base-unlocked carrier. After rendezvousing with jackal_3, I unload and place it on the next support, cabinet.n.01_2.
      it failed because: load_onto: PRE_CONDITION_ERROR: You are 2.08 m from jackal_3, too far to load onto it (you must be within 1.55 m). Navigate to it first.. Additional info: {'target object': 'jackal_3', 'distance': ...
  #14 [DONE] ontop(die.n.01_1, cabinet.n.01_2)
      plan: release() -> wait(600)
      you chose it because: I cannot navigate while holding the die because my base is locked. I release it in the living room so drone_3 can independently carry it to the next support, then wait.
  #15 [DONE] ontop(die.n.01_1, cabinet.n.01_2)
      plan: wait(300)
      you chose it because: The drone already holds the die and can place it directly on the nearby NEXT cabinet. I avoid competing for the exclusive cargo.

--- jackal_3 ---
Its current plan: ontop(die.n.01_1, cabinet.n.01_2) [success]
YOUR FINISHED PLANS (most recent last):
  #11 [FAILED] ontop(die.n.01_1, cabinet.n.01_2)
      plan: wait(300) -> navigate_to(cabinet.n.01_2) -> wait(180) -> place_on_top(cabinet.n.01_2)
      you chose it because: I remain in place long enough for ridgeback_3 to load the die and rendezvous with me, then carry it to cabinet.n.01_2 and wait there for unloading.
      it failed because: place_on_top: An error occurred during each attempt of this action. Attempt 0: PRE_CONDITION_ERROR: You have no arm, so you cannot place onto. You can navigate_to and wait. Cargo is put on your bac...
  #13 [DONE] ontop(die.n.01_1, cabinet.n.01_2)
      plan: wait(600)
      you chose it because: As an empty carrier with no arm, I cannot place the die. I wait while drone_3 retrieves and places it.
  #15 [DONE] ontop(die.n.01_1, cabinet.n.01_2)
      plan: wait(300)
      you chose it because: As an empty carrier with no arm, I cannot place the die. I wait while drone_3 completes the cabinet placement.

--- drone_3 ---
Its current plan: wait_for_team(team_3) [interrupted]
YOUR FINISHED PLANS (most recent last):
  #7 [DONE] ontop(die.n.01_1, cabinet.n.01_2)
      plan: wait(600)
      you chose it because: The die is now available for ridgeback_3 and jackal_3 to advance; I wait rather than contest the exclusive cargo.
  #8 [FAILED] ontop(die.n.01_1, cabinet.n.01_2)
      plan: navigate_to(ridgeback_3) -> grasp(die.n.01_1) -> navigate_to(cabinet.n.01_2) -> close(cabinet.n.01_2) -> place_on_top(cabinet.n.01_2)
      you chose it because: After ridgeback_3 releases the die, I retrieve it directly, fly to the NEXT support cabinet.n.01_2, close the open cabinet if required, and place the die on top. This avoids the failed carrier handoff and uses the drone's ability to carry the die independently.
      it failed because: close: An error occurred during each attempt of this action. Attempt 0: PRE_CONDITION_ERROR: Cannot open or close an object while holding an object. Additional info: {'object in hand': 'dice_154'}
  #10 [DONE] ontop(die.n.01_1, cabinet.n.01_2)
      plan: place_on_top(cabinet.n.01_2)
      you chose it because: I already hold the die and am within reach of the NEXT support, cabinet.n.01_2. I place it directly; the cabinet is open but placing on top is available, and closing while holding would fail.

Return exactly 3 plans, one per robot, using each robot's own ids. Say in `reasoning` how you divided the work.
-------------------------------------- COMPLETION --------------------------------------
  plans:
    [1]
      agent_id: ridgeback_3
      task:
        task: Task.ONTOP
        object_type: die.n.01_1
        object_id: 1
        reference: cabinet.n.01_3
      actions:
        [1]
          action_type: wait
          ticks: 600
      reasoning: The die is exclusively held by drone_1 from another team, so I avoid an unnecessary competing approach and wait.
    [2]
      agent_id: jackal_3
      task:
        task: Task.ONTOP
        object_type: die.n.01_1
        object_id: 1
        reference: cabinet.n.01_3
      actions:
        [1]
          action_type: wait
          ticks: 600
      reasoning: The cargo is already being handled by drone_1; as an empty carrier I wait rather than duplicate the transport.
    [3]
      agent_id: drone_3
      task:
        task: Task.ONTOP
        object_type: die.n.01_1
        object_id: 1
        reference: cabinet.n.01_3
      actions:
        [1]
          action_type: wait
          ticks: 600
      reasoning: Another team's drone holds the exclusive die, so I wait and do not contest it.
  reasoning: The die is currently held by drone_1, an agent from another team, and cannot be safely claimed by our robots. All three team members therefore wait for that team to advance the route to the next support, cabinet.n.01_3.
====================================================================================================
#28  ridgeback_2  env_step 4530  t=431.955s  Team Plan Generation [team_2]
  usage: 6631 tokens (prompt 6142, completion 489)
---------------------------------- PROMPT / SYSTEM ----------------------------------
## 1. YOUR ROLE
You command TEAM 'team_2' -- 3 robots (ridgeback_2, jackal_2, drone_2) -- in a multi-agent
cooperative household task, alongside other teams doing the same. You are the
TEAM CONTROLLER: you are given all 3 robots' observations in one call and
answer with one plan per robot, in that same call.

- Divide the work. Two robots sent to the same object waste one of them: the
  loser burns the whole trip and its grasp fails with OBJECT_CLAIMED.
- Your robots start their plans together and you are not asked again until
  every one of them has finished. A robot that finishes early holds position
  and does nothing useful, so plans of wildly different lengths waste the
  short ones.
- Other teams are driven by their own controllers, not by you. You coordinate
  with them only through the messages quoted in this prompt.
- At the end of the prompt are each robot's last few plans, with their
  actions and how each ended, and the messages this team has sent and
  received. A plan that failed for a reason that still holds will fail the
  same way again, and a question you already asked has its answer in the
  record.

PLAN RESPONSE:
- Return a structured plan for EVERY robot listed above, one each, tagged with
  that robot's agent_id.
- Give each robot one task and at most 6 actions; 3-6 short
  executable actions are usually enough.
- Use exact item_id values from that robot's own section of the prompt.
- Say in the team-level `reasoning` how you divided the work between them.

## 2. ENVIRONMENT RULES
Your robots act through high-level primitives, not joint commands. Each one
takes many simulation steps: driving across a room costs 30 ticks per metre, so
distance is the main cost you control. None of them can see -- each is given a
symbolic description of the room it is standing in, and only that room, and
those descriptions are listed below one robot at a time.

Rules that decide whether an action succeeds:
- To grasp, place, open or toggle an object a robot must be closer to it than
  that object's own distance threshold; beyond it the action fails with TOO_FAR.
  Each object in a robot's room listing carries what that robot can do to it
  after "->", and a distance in metres ONLY when it is out of range -- no
  distance means that robot is already close enough to act on it now.
- An out-of-range object is marked "unreachable" and offers navigate_to and
  NOTHING else. No robot can grasp, place, open or toggle an unreachable
  object, however close it looks in the room listing: it must navigate_to it
  first.
- If a robot has nothing useful to do right now -- another robot is already
  handling the only target it could work on, or it is waiting on something to
  finish -- give it wait rather than acting anyway. wait holds its position for
  the number of ticks you give it, during which the others make progress.
- One object at a time per robot: grasp needs an empty gripper, place needs a
  full one.
- Objects are exclusive, including between your own robots. If anyone is
  holding something, a grasp for it fails with "held by <agent>". Sending two
  robots after one target costs the loser the whole trip for nothing.
- Some tasks are a route: THE TEAM'S TASK lists supports the cargo must rest on
  in order, marked done / NEXT. Only the NEXT support counts when the cargo is
  placed on it; a support reached out of order does not count and costs
  nothing -- progress resumes when NEXT holds. Progress is judged on where the
  cargo rests, not on what a robot intended.
- Every id in THE TEAM'S TASK is a valid navigate_to target for any robot from
  ANY room, even when it is not in that robot's listing: navigate_to(<that id>)
  drives it there, through the house, and its next listing shows that room.
  That is how a robot changes rooms. The cargo is where the task says it
  starts (or on the last support marked done) -- send a robot there; it will
  not be found where the robots stand.
- The line "Rooms in this house" names every room. navigate_to(<room name>)
  drives a robot to a free spot inside that room, so it can reach a room whose
  objects it cannot name yet, or go and look for something.
- Refer to objects only by the ids in that robot's own room listing, which are
  the objects in the room it is standing in. They look like apple.n.01_1. Never
  invent one, and never give one robot an id that appeared only under another
  robot -- it is in a room that robot cannot see.
- An entry marked "blocked" is in that room but currently unavailable -- the
  bracketed note says why.

When an action fails, that robot's plan is abandoned. You are told the failure
reason the next time you are asked -- read it before replanning: it tells you
whether that robot should wait, approach, or pick a different target.

## 3. ROBOT CAPABILITIES
Three kinds of robot. A robot's kind is on its own header ("(drone)") and on
its line in a teammate's listing ("[carrier, ...]", "[base locks while
holding]", "[drone]").

ARM -- a robot with a gripper: grasp, place_on_top, release, open/close,
toggle, load_onto, unload_from, navigate_to, wait.
- Some arms' bases LOCK while the gripper is loaded, and navigate_to then fails
  with BASE_LOCKED; such a robot cannot deliver what it picks up. Have it load
  the object onto a carrier robot with load_onto, let the carrier drive, and
  have an arm take it back at the far end with unload_from. Both actions name
  the *carrier* as their target and need the two robots within reach of each
  other. This is a division of labour, not a detour: it is why a task can need
  more than one of your robots.
- ONLY a robot marked [base locks while holding] needs a carrier. Any other
  robot that can grasp -- a drone, an unmarked arm -- carries what it holds by
  itself: grasp, navigate_to the support, place_on_top, done. A drone that can
  lift the cargo needs nobody: routing its cargo through a carrier and back is
  a detour that costs two extra actions and a round of waiting for nothing.
  Use the carrier for the base-locked robot's legs, and only for those.

CARRIER -- a robot with no arm: cargo rides on its back.
- A carrier and what it is carrying are ONE line in that robot's room listing:

    - agent_1  (teammate)  [carrier, carrying box.n.01_1]  -> unload_from

  The cargo has no line of its own and cannot be grasped where it sits.
  unload_from(agent_1) takes it off that carrier's back and into the acting
  robot's hand; load_onto(agent_1) puts what that robot holds onto it. Both
  name the carrier, both need the two robots within reach of each other, and
  unload_from is the only way to get cargo back.
- **A carrier has no arm**, so give it navigate_to and wait and nothing else:
  no grasp, no place, no release, no load_onto or unload_from -- those are done
  *to* it by a robot that does have a hand. Its own section lists its load on
  an "On your back:" line, and it cannot put that down itself. Its job is to
  drive to where an arm is waiting, which is the whole reason a task needs two
  of them.

DRONE -- flies, holds its load under a suction mount, and its base never locks:
it carries what it grasps by itself.
- What a drone may lift is limited. The drone cannot lift the notebook. A
  robot tagged [drone] can grasp and carry the die (die.n.01_1) but NOT the
  notebook (notebook.n.01_1): grasp or unload_from on it fails with
  CANNOT_LIFT, and getting closer does not change that. Only a robot with an
  arm can lift the notebook, so give that leg to an arm; this division of
  labour is what the task is built around.

THIS TEAM'S ROBOTS:
  - ridgeback_2: ARM, base LOCKS while holding (needs a carrier to move cargo)
  - jackal_2: CARRIER (no arm; navigate_to and wait only)
  - drone_2: DRONE (flies, carries what it holds; see the lift table)

WHO MAY LIFT WHAT (this activity):
  - die.n.01: arm, drone

## 4. COOPERATION MODE: INDIVIDUAL
Every team plans for itself. No team sends or receives messages; you learn
what the other teams are doing only from what your robots see (a teammate of
another team in the listing, an object held by one of its robots). Do not
wait for others to speak. When another team already holds the cargo, give
your robots something else or wait.
---------------------------------- PROMPT / USER ----------------------------------
=== STEP 4530 ===

## 6. OBSERVATIONS -- TEAM team_2 (3 robots)

THE TEAM'S TASK (the same for every robot), in the ids it is written in:
  Move die.n.01_1, in this order, onto: the cabinet in the child's room, the bookcase in the kitchen, the refrigerator in the kitchen, the armchair in the dining room, the breakfast table in the dining room, the coffee table in the living room, the cabinet in the living room, the cabinet in the bedroom, the bed in the bedroom, the bed in the child's room.
Route S1-M5, carry die.n.01_1 through these in order:
  done  C1  ontop(die.n.01_1, cabinet.n.01_1)
  done  C2  ontop(die.n.01_1, bookcase.n.01_1)
  done  C3  ontop(die.n.01_1, electric_refrigerator.n.01_1)
  done  C4  ontop(die.n.01_1, armchair.n.01_1)
  done  C5  ontop(die.n.01_1, breakfast_table.n.01_1)
  done  C6  ontop(die.n.01_1, coffee_table.n.01_1)
  done  C7  ontop(die.n.01_1, cabinet.n.01_2)
  NEXT  C8  ontop(die.n.01_1, cabinet.n.01_3)
        C9  ontop(die.n.01_1, bed.n.01_2)
        D   ontop(die.n.01_1, bed.n.01_1)
A support reached out of order does not count, and nothing is lost by it: progress resumes when the NEXT one holds.

=== ROBOT ridgeback_2 ===
Step 4530/8000 | you are ridgeback_2 in living_room_0 (a living room)
Rooms in this house (navigate_to any of them): bathroom_0, bedroom_0, childs_room_0, closet_0, closet_1, corridor_0, dining_room_0, empty_room_0, empty_room_1, kitchen_0, living_room_0, staircase_0
Holding: nothing

living_room_0:
  - cabinet.n.01_2  Open  -> unreachable, navigate_to  [2.1 m away]
  - coffee_table.n.01_1  -> grasp, navigate_to
  - die.n.01_1  held by drone_1  -> unreachable, navigate_to  [2.2 m away]
  - drone_1  (teammate)  [drone]
  - drone_2  (teammate)  [drone]
  - drone_3  (teammate)  [drone]
  - jackal_1  (teammate)  [carrier, empty]  -> navigate_to
  - jackal_2  (teammate)  [carrier, empty]  -> navigate_to
  - jackal_3  (teammate)  [carrier, empty]  -> navigate_to
  - ridgeback_1  (teammate)  [base locks while holding]
  - ridgeback_3  (teammate)  [base locks while holding]

=== ROBOT jackal_2 ===
Step 4530/8000 | you are jackal_2 in living_room_0 (a living room)
Rooms in this house (navigate_to any of them): bathroom_0, bedroom_0, childs_room_0, closet_0, closet_1, corridor_0, dining_room_0, empty_room_0, empty_room_1, kitchen_0, living_room_0, staircase_0
Holding: nothing

living_room_0:
  - cabinet.n.01_2  Open  -> unreachable, navigate_to  [2.1 m away]
  - coffee_table.n.01_1  -> unreachable, navigate_to  [1.9 m away]
  - die.n.01_1  held by drone_1  -> unreachable, navigate_to  [1.7 m away]
  - drone_1  (teammate)  [drone]
  - drone_2  (teammate)  [drone]
  - drone_3  (teammate)  [drone]
  - jackal_1  (teammate)  [carrier, empty]
  - jackal_3  (teammate)  [carrier, empty]
  - ridgeback_1  (teammate)  [base locks while holding]
  - ridgeback_2  (teammate)  [base locks while holding]
  - ridgeback_3  (teammate)  [base locks while holding]

=== ROBOT drone_2 ===
Step 4530/8000 | you are drone_2 (drone) in living_room_0 (a living room)
Rooms in this house (navigate_to any of them): bathroom_0, bedroom_0, childs_room_0, closet_0, closet_1, corridor_0, dining_room_0, empty_room_0, empty_room_1, kitchen_0, living_room_0, staircase_0
Holding: nothing

living_room_0:
  - cabinet.n.01_2  Open  -> unreachable, navigate_to  [4.0 m away]
  - coffee_table.n.01_1  -> grasp, navigate_to
  - die.n.01_1  held by drone_1  -> unreachable, navigate_to  [4.2 m away]
  - drone_1  (teammate)  [drone]
  - drone_3  (teammate)  [drone]
  - jackal_1  (teammate)  [carrier, empty]  -> unreachable, navigate_to  [2.4 m away]
  - jackal_2  (teammate)  [carrier, empty]  -> unreachable, navigate_to  [2.9 m away]
  - jackal_3  (teammate)  [carrier, empty]  -> unreachable, navigate_to  [3.6 m away]
  - ridgeback_1  (teammate)  [base locks while holding]
  - ridgeback_2  (teammate)  [base locks while holding]
  - ridgeback_3  (teammate)  [base locks while holding]

## 9. ACTION HISTORY AND FAILURES
--- ridgeback_2 ---
Its current plan: wait_for_team(team_2) [interrupted]
YOUR FINISHED PLANS (most recent last):
  #14 [DONE] ontop(die.n.01_1, cabinet.n.01_3)
      plan: wait(600)
      you chose it because: The die is currently held by drone_1 from another team, so I avoid competing and wait for the current transfer to finish.
  #16 [DONE] ontop(die.n.01_1, bed.n.01_2)
      plan: wait(600)
      you chose it because: The die is exclusively held by ridgeback_3 from another team, so I wait instead of competing or moving toward an unavailable object.
  #18 [DONE] ontop(die.n.01_1, cabinet.n.01_2)
      plan: wait(600)
      you chose it because: The die is exclusively held by drone_3, so I avoid a competing grasp and wait while the current team advances it.

--- jackal_2 ---
Its current plan: wait_for_team(team_2) [interrupted]
YOUR FINISHED PLANS (most recent last):
  #11 [DONE] ontop(die.n.01_1, cabinet.n.01_3)
      plan: wait(600)
      you chose it because: As a carrier without an arm, I cannot act until the exclusive die is released; I wait while the other team advances it.
  #13 [DONE] ontop(die.n.01_1, bed.n.01_2)
      plan: wait(600)
      you chose it because: As the carrier, I cannot act while another team's ridgeback holds the die; I wait for that team's current transfer to finish.
  #15 [DONE] ontop(die.n.01_1, cabinet.n.01_2)
      plan: wait(600)
      you chose it because: As a carrier without an arm, I cannot act while drone_3 holds the die; I wait for the exclusive transfer to finish.

--- drone_2 ---
Its current plan: ontop(die.n.01_1, cabinet.n.01_2) [success]
YOUR FINISHED PLANS (most recent last):
  #10 [DONE] ontop(die.n.01_1, cabinet.n.01_3)
      plan: wait(600)
      you chose it because: Another team's drone currently holds the die, so I wait rather than attempting a guaranteed OBJECT_CLAIMED grasp.
  #11 [DONE] ontop(die.n.01_1, bed.n.01_2)
      plan: wait(600)
      you chose it because: The die is held by ridgeback_3, making a grasp guaranteed to fail with an exclusive-object error; I wait while the other team advances it.
  #12 [DONE] ontop(die.n.01_1, cabinet.n.01_2)
      plan: wait(600)
      you chose it because: Another team's drone currently holds the die, so attempting to grasp it would fail. I wait rather than duplicating their work.

Return exactly 3 plans, one per robot, using each robot's own ids. Say in `reasoning` how you divided the work.
-------------------------------------- COMPLETION --------------------------------------
  plans:
    [1]
      agent_id: ridgeback_2
      task:
        task: Task.ONTOP
        object_type: die.n.01_1
        object_id: 1
        reference: cabinet.n.01_3
      actions:
        [1]
          action_type: wait
          ticks: 600
      reasoning: The die is exclusively held by drone_1 from another team, so I wait rather than competing for it or making an ineffective approach.
    [2]
      agent_id: jackal_2
      task:
        task: Task.ONTOP
        object_type: die.n.01_1
        object_id: 1
        reference: cabinet.n.01_3
      actions:
        [1]
          action_type: wait
          ticks: 600
      reasoning: As the carrier without an arm, I cannot manipulate the die, which is currently held by drone_1; I wait for the other team to complete the next route transfer.
    [3]
      agent_id: drone_2
      task:
        task: Task.ONTOP
        object_type: die.n.01_1
        object_id: 1
        reference: cabinet.n.01_3
      actions:
        [1]
          action_type: wait
          ticks: 600
      reasoning: The die is exclusively held by drone_1, so I avoid a guaranteed OBJECT_CLAIMED grasp and wait while that team advances the route.
  reasoning: All three robots stand by because another team's drone exclusively holds the die. Ridgeback_2 and jackal_2 cannot productively act without the die, and drone_2 must not compete for it; waiting avoids wasted trips and failed grasps.
====================================================================================================
#29  ridgeback_1  env_step 4953  t=455.193s  Team Plan Generation [team_1]
  usage: 6450 tokens (prompt 5906, completion 544)
---------------------------------- PROMPT / SYSTEM ----------------------------------
## 1. YOUR ROLE
You command TEAM 'team_1' -- 3 robots (ridgeback_1, jackal_1, drone_1) -- in a multi-agent
cooperative household task, alongside other teams doing the same. You are the
TEAM CONTROLLER: you are given all 3 robots' observations in one call and
answer with one plan per robot, in that same call.

- Divide the work. Two robots sent to the same object waste one of them: the
  loser burns the whole trip and its grasp fails with OBJECT_CLAIMED.
- Your robots start their plans together and you are not asked again until
  every one of them has finished. A robot that finishes early holds position
  and does nothing useful, so plans of wildly different lengths waste the
  short ones.
- Other teams are driven by their own controllers, not by you. You coordinate
  with them only through the messages quoted in this prompt.
- At the end of the prompt are each robot's last few plans, with their
  actions and how each ended, and the messages this team has sent and
  received. A plan that failed for a reason that still holds will fail the
  same way again, and a question you already asked has its answer in the
  record.

PLAN RESPONSE:
- Return a structured plan for EVERY robot listed above, one each, tagged with
  that robot's agent_id.
- Give each robot one task and at most 6 actions; 3-6 short
  executable actions are usually enough.
- Use exact item_id values from that robot's own section of the prompt.
- Say in the team-level `reasoning` how you divided the work between them.

## 2. ENVIRONMENT RULES
Your robots act through high-level primitives, not joint commands. Each one
takes many simulation steps: driving across a room costs 30 ticks per metre, so
distance is the main cost you control. None of them can see -- each is given a
symbolic description of the room it is standing in, and only that room, and
those descriptions are listed below one robot at a time.

Rules that decide whether an action succeeds:
- To grasp, place, open or toggle an object a robot must be closer to it than
  that object's own distance threshold; beyond it the action fails with TOO_FAR.
  Each object in a robot's room listing carries what that robot can do to it
  after "->", and a distance in metres ONLY when it is out of range -- no
  distance means that robot is already close enough to act on it now.
- An out-of-range object is marked "unreachable" and offers navigate_to and
  NOTHING else. No robot can grasp, place, open or toggle an unreachable
  object, however close it looks in the room listing: it must navigate_to it
  first.
- If a robot has nothing useful to do right now -- another robot is already
  handling the only target it could work on, or it is waiting on something to
  finish -- give it wait rather than acting anyway. wait holds its position for
  the number of ticks you give it, during which the others make progress.
- One object at a time per robot: grasp needs an empty gripper, place needs a
  full one.
- Objects are exclusive, including between your own robots. If anyone is
  holding something, a grasp for it fails with "held by <agent>". Sending two
  robots after one target costs the loser the whole trip for nothing.
- Some tasks are a route: THE TEAM'S TASK lists supports the cargo must rest on
  in order, marked done / NEXT. Only the NEXT support counts when the cargo is
  placed on it; a support reached out of order does not count and costs
  nothing -- progress resumes when NEXT holds. Progress is judged on where the
  cargo rests, not on what a robot intended.
- Every id in THE TEAM'S TASK is a valid navigate_to target for any robot from
  ANY room, even when it is not in that robot's listing: navigate_to(<that id>)
  drives it there, through the house, and its next listing shows that room.
  That is how a robot changes rooms. The cargo is where the task says it
  starts (or on the last support marked done) -- send a robot there; it will
  not be found where the robots stand.
- The line "Rooms in this house" names every room. navigate_to(<room name>)
  drives a robot to a free spot inside that room, so it can reach a room whose
  objects it cannot name yet, or go and look for something.
- Refer to objects only by the ids in that robot's own room listing, which are
  the objects in the room it is standing in. They look like apple.n.01_1. Never
  invent one, and never give one robot an id that appeared only under another
  robot -- it is in a room that robot cannot see.
- An entry marked "blocked" is in that room but currently unavailable -- the
  bracketed note says why.

When an action fails, that robot's plan is abandoned. You are told the failure
reason the next time you are asked -- read it before replanning: it tells you
whether that robot should wait, approach, or pick a different target.

## 3. ROBOT CAPABILITIES
Three kinds of robot. A robot's kind is on its own header ("(drone)") and on
its line in a teammate's listing ("[carrier, ...]", "[base locks while
holding]", "[drone]").

ARM -- a robot with a gripper: grasp, place_on_top, release, open/close,
toggle, load_onto, unload_from, navigate_to, wait.
- Some arms' bases LOCK while the gripper is loaded, and navigate_to then fails
  with BASE_LOCKED; such a robot cannot deliver what it picks up. Have it load
  the object onto a carrier robot with load_onto, let the carrier drive, and
  have an arm take it back at the far end with unload_from. Both actions name
  the *carrier* as their target and need the two robots within reach of each
  other. This is a division of labour, not a detour: it is why a task can need
  more than one of your robots.
- ONLY a robot marked [base locks while holding] needs a carrier. Any other
  robot that can grasp -- a drone, an unmarked arm -- carries what it holds by
  itself: grasp, navigate_to the support, place_on_top, done. A drone that can
  lift the cargo needs nobody: routing its cargo through a carrier and back is
  a detour that costs two extra actions and a round of waiting for nothing.
  Use the carrier for the base-locked robot's legs, and only for those.

CARRIER -- a robot with no arm: cargo rides on its back.
- A carrier and what it is carrying are ONE line in that robot's room listing:

    - agent_1  (teammate)  [carrier, carrying box.n.01_1]  -> unload_from

  The cargo has no line of its own and cannot be grasped where it sits.
  unload_from(agent_1) takes it off that carrier's back and into the acting
  robot's hand; load_onto(agent_1) puts what that robot holds onto it. Both
  name the carrier, both need the two robots within reach of each other, and
  unload_from is the only way to get cargo back.
- **A carrier has no arm**, so give it navigate_to and wait and nothing else:
  no grasp, no place, no release, no load_onto or unload_from -- those are done
  *to* it by a robot that does have a hand. Its own section lists its load on
  an "On your back:" line, and it cannot put that down itself. Its job is to
  drive to where an arm is waiting, which is the whole reason a task needs two
  of them.

DRONE -- flies, holds its load under a suction mount, and its base never locks:
it carries what it grasps by itself.
- What a drone may lift is limited. The drone cannot lift the notebook. A
  robot tagged [drone] can grasp and carry the die (die.n.01_1) but NOT the
  notebook (notebook.n.01_1): grasp or unload_from on it fails with
  CANNOT_LIFT, and getting closer does not change that. Only a robot with an
  arm can lift the notebook, so give that leg to an arm; this division of
  labour is what the task is built around.

THIS TEAM'S ROBOTS:
  - ridgeback_1: ARM, base LOCKS while holding (needs a carrier to move cargo)
  - jackal_1: CARRIER (no arm; navigate_to and wait only)
  - drone_1: DRONE (flies, carries what it holds; see the lift table)

WHO MAY LIFT WHAT (this activity):
  - die.n.01: arm, drone

## 4. COOPERATION MODE: INDIVIDUAL
Every team plans for itself. No team sends or receives messages; you learn
what the other teams are doing only from what your robots see (a teammate of
another team in the listing, an object held by one of its robots). Do not
wait for others to speak. When another team already holds the cargo, give
your robots something else or wait.
---------------------------------- PROMPT / USER ----------------------------------
=== STEP 4953 ===

## 6. OBSERVATIONS -- TEAM team_1 (3 robots)

THE TEAM'S TASK (the same for every robot), in the ids it is written in:
  Move die.n.01_1, in this order, onto: the cabinet in the child's room, the bookcase in the kitchen, the refrigerator in the kitchen, the armchair in the dining room, the breakfast table in the dining room, the coffee table in the living room, the cabinet in the living room, the cabinet in the bedroom, the bed in the bedroom, the bed in the child's room.
Route S1-M5, carry die.n.01_1 through these in order:
  done  C1  ontop(die.n.01_1, cabinet.n.01_1)
  done  C2  ontop(die.n.01_1, bookcase.n.01_1)
  done  C3  ontop(die.n.01_1, electric_refrigerator.n.01_1)
  done  C4  ontop(die.n.01_1, armchair.n.01_1)
  done  C5  ontop(die.n.01_1, breakfast_table.n.01_1)
  done  C6  ontop(die.n.01_1, coffee_table.n.01_1)
  done  C7  ontop(die.n.01_1, cabinet.n.01_2)
  done  C8  ontop(die.n.01_1, cabinet.n.01_3)
  NEXT  C9  ontop(die.n.01_1, bed.n.01_2)
        D   ontop(die.n.01_1, bed.n.01_1)
A support reached out of order does not count, and nothing is lost by it: progress resumes when the NEXT one holds.

=== ROBOT ridgeback_1 ===
Step 4953/8000 | you are ridgeback_1 in living_room_0 (a living room)
Rooms in this house (navigate_to any of them): bathroom_0, bedroom_0, childs_room_0, closet_0, closet_1, corridor_0, dining_room_0, empty_room_0, empty_room_1, kitchen_0, living_room_0, staircase_0
Holding: nothing

living_room_0:
  - cabinet.n.01_2  Open  -> unreachable, navigate_to  [2.6 m away]
  - coffee_table.n.01_1  -> grasp, navigate_to
  - drone_2  (teammate)  [drone]
  - drone_3  (teammate)  [drone]
  - jackal_1  (teammate)  [carrier, empty]  -> navigate_to
  - jackal_2  (teammate)  [carrier, empty]  -> navigate_to
  - jackal_3  (teammate)  [carrier, empty]  -> unreachable, navigate_to  [1.7 m away]
  - ridgeback_2  (teammate)  [base locks while holding]
  - ridgeback_3  (teammate)  [base locks while holding]

=== ROBOT jackal_1 ===
Step 4953/8000 | you are jackal_1 in living_room_0 (a living room)
Rooms in this house (navigate_to any of them): bathroom_0, bedroom_0, childs_room_0, closet_0, closet_1, corridor_0, dining_room_0, empty_room_0, empty_room_1, kitchen_0, living_room_0, staircase_0
Holding: nothing

living_room_0:
  - cabinet.n.01_2  Open  -> unreachable, navigate_to  [3.2 m away]
  - coffee_table.n.01_1  -> navigate_to
  - drone_2  (teammate)  [drone]
  - drone_3  (teammate)  [drone]
  - jackal_2  (teammate)  [carrier, empty]
  - jackal_3  (teammate)  [carrier, empty]
  - ridgeback_1  (teammate)  [base locks while holding]
  - ridgeback_2  (teammate)  [base locks while holding]
  - ridgeback_3  (teammate)  [base locks while holding]

=== ROBOT drone_1 ===
Step 4953/8000 | you are drone_1 (drone) in bedroom_0 (a bedroom)
Rooms in this house (navigate_to any of them): bathroom_0, bedroom_0, childs_room_0, closet_0, closet_1, corridor_0, dining_room_0, empty_room_0, empty_room_1, kitchen_0, living_room_0, staircase_0
Holding: nothing

bedroom_0:
  - bed.n.01_2  -> grasp, navigate_to
  - cabinet.n.01_3  -> grasp, navigate_to, open  [Open is False]
  - die.n.01_1  -> grasp, navigate_to

Relations:
  ontop(die.n.01_1, cabinet.n.01_3)

## 9. ACTION HISTORY AND FAILURES
--- ridgeback_1 ---
Its current plan: wait_for_team(team_1) [interrupted]
YOUR FINISHED PLANS (most recent last):
  #14 [DONE] ontop(die.n.01_1, cabinet.n.01_2)
      plan: wait(600)
      you chose it because: The die is currently held by ridgeback_3 from another team, so I wait instead of attempting a conflicting grasp or route.
  #16 [DONE] ontop(die.n.01_1, cabinet.n.01_2)
      plan: wait(600)
      you chose it because: The die is currently on ridgeback_3 from another team, so I wait rather than attempting a conflicting grasp.
  #18 [DONE] ontop(die.n.01_1, cabinet.n.01_3)
      plan: wait(600)
      you chose it because: The drone can carry the die directly without a locked-base carrier; I wait and avoid competing for the shared die.

--- jackal_1 ---
Its current plan: ontop(die.n.01_1, cabinet.n.01_3) [success]
YOUR FINISHED PLANS (most recent last):
  #9 [DONE] ontop(die.n.01_1, cabinet.n.01_2)
      plan: wait(600)
      you chose it because: The die is already being transported by ridgeback_3, and this carrier cannot act on it independently. I hold position.
  #11 [DONE] ontop(die.n.01_1, cabinet.n.01_2)
      plan: wait(600)
      you chose it because: As a carrier without an arm, I cannot independently handle the die; I wait while the other team transports it.
  #13 [DONE] ontop(die.n.01_1, cabinet.n.01_3)
      plan: wait(600)
      you chose it because: As a carrier without an arm, I am not needed for the drone's direct transport, so I wait.

--- drone_1 ---
Its current plan: wait_for_team(team_1) [interrupted]
YOUR FINISHED PLANS (most recent last):
  #12 [DONE] ontop(die.n.01_1, cabinet.n.01_2)
      plan: wait(600)
      you chose it because: The die is held by ridgeback_3, so I avoid a duplicate grasp attempt and wait for the current transport to finish.
  #13 [DONE] ontop(die.n.01_1, cabinet.n.01_2)
      plan: wait(600)
      you chose it because: The die is already held by ridgeback_3, so I avoid a duplicate grasp and wait for the current transport to finish.
  #14 [DONE] ontop(die.n.01_1, cabinet.n.01_3)
      plan: navigate_to(die.n.01_1) -> grasp(die.n.01_1) -> navigate_to(cabinet.n.01_3) -> place_on_top(cabinet.n.01_3)
      you chose it because: I alone retrieve the die from the completed cabinet.n.01_2 support and fly it to the NEXT support, cabinet.n.01_3, in the bedroom.

Return exactly 3 plans, one per robot, using each robot's own ids. Say in `reasoning` how you divided the work.
-------------------------------------- COMPLETION --------------------------------------
  plans:
    [1]
      agent_id: ridgeback_1
      task:
        task: Task.ONTOP
        object_type: die.n.01_1
        object_id: 1
        reference: bed.n.01_2
      actions:
        [1]
          action_type: wait
          ticks: 600
      reasoning: The drone is the only robot positioned to continue the die route, so I wait and avoid competing for the shared cargo.
    [2]
      agent_id: jackal_1
      task:
        task: Task.ONTOP
        object_type: die.n.01_1
        object_id: 1
        reference: bed.n.01_2
      actions:
        [1]
          action_type: wait
          ticks: 600
      reasoning: As a carrier without an arm, I cannot handle the die independently; I wait while the drone performs the next route leg.
    [3]
      agent_id: drone_1
      task:
        task: Task.ONTOP
        object_type: die.n.01_1
        object_id: 1
        reference: bed.n.01_2
      actions:
        [1]
          action_type: grasp
          target: die.n.01_1
        [2]
          action_type: navigate_to
          target: bed.n.01_2
        [3]
          action_type: place_on_top
          target: bed.n.01_2
      reasoning: I retrieve the die from the completed cabinet.n.01_3 support and fly it directly to the NEXT support, bed.n.01_2.
  reasoning: The drone continues the route because it is already in the bedroom and can carry the die directly. The base-locked arm and unarmed carrier have no useful cargo action during this leg, so they wait rather than duplicate the die transport.
====================================================================================================
#30  ridgeback_3  env_step 5120  t=472.941s  Team Plan Generation [team_3]
  usage: 7038 tokens (prompt 6162, completion 876)
---------------------------------- PROMPT / SYSTEM ----------------------------------
## 1. YOUR ROLE
You command TEAM 'team_3' -- 3 robots (ridgeback_3, jackal_3, drone_3) -- in a multi-agent
cooperative household task, alongside other teams doing the same. You are the
TEAM CONTROLLER: you are given all 3 robots' observations in one call and
answer with one plan per robot, in that same call.

- Divide the work. Two robots sent to the same object waste one of them: the
  loser burns the whole trip and its grasp fails with OBJECT_CLAIMED.
- Your robots start their plans together and you are not asked again until
  every one of them has finished. A robot that finishes early holds position
  and does nothing useful, so plans of wildly different lengths waste the
  short ones.
- Other teams are driven by their own controllers, not by you. You coordinate
  with them only through the messages quoted in this prompt.
- At the end of the prompt are each robot's last few plans, with their
  actions and how each ended, and the messages this team has sent and
  received. A plan that failed for a reason that still holds will fail the
  same way again, and a question you already asked has its answer in the
  record.

PLAN RESPONSE:
- Return a structured plan for EVERY robot listed above, one each, tagged with
  that robot's agent_id.
- Give each robot one task and at most 6 actions; 3-6 short
  executable actions are usually enough.
- Use exact item_id values from that robot's own section of the prompt.
- Say in the team-level `reasoning` how you divided the work between them.

## 2. ENVIRONMENT RULES
Your robots act through high-level primitives, not joint commands. Each one
takes many simulation steps: driving across a room costs 30 ticks per metre, so
distance is the main cost you control. None of them can see -- each is given a
symbolic description of the room it is standing in, and only that room, and
those descriptions are listed below one robot at a time.

Rules that decide whether an action succeeds:
- To grasp, place, open or toggle an object a robot must be closer to it than
  that object's own distance threshold; beyond it the action fails with TOO_FAR.
  Each object in a robot's room listing carries what that robot can do to it
  after "->", and a distance in metres ONLY when it is out of range -- no
  distance means that robot is already close enough to act on it now.
- An out-of-range object is marked "unreachable" and offers navigate_to and
  NOTHING else. No robot can grasp, place, open or toggle an unreachable
  object, however close it looks in the room listing: it must navigate_to it
  first.
- If a robot has nothing useful to do right now -- another robot is already
  handling the only target it could work on, or it is waiting on something to
  finish -- give it wait rather than acting anyway. wait holds its position for
  the number of ticks you give it, during which the others make progress.
- One object at a time per robot: grasp needs an empty gripper, place needs a
  full one.
- Objects are exclusive, including between your own robots. If anyone is
  holding something, a grasp for it fails with "held by <agent>". Sending two
  robots after one target costs the loser the whole trip for nothing.
- Some tasks are a route: THE TEAM'S TASK lists supports the cargo must rest on
  in order, marked done / NEXT. Only the NEXT support counts when the cargo is
  placed on it; a support reached out of order does not count and costs
  nothing -- progress resumes when NEXT holds. Progress is judged on where the
  cargo rests, not on what a robot intended.
- Every id in THE TEAM'S TASK is a valid navigate_to target for any robot from
  ANY room, even when it is not in that robot's listing: navigate_to(<that id>)
  drives it there, through the house, and its next listing shows that room.
  That is how a robot changes rooms. The cargo is where the task says it
  starts (or on the last support marked done) -- send a robot there; it will
  not be found where the robots stand.
- The line "Rooms in this house" names every room. navigate_to(<room name>)
  drives a robot to a free spot inside that room, so it can reach a room whose
  objects it cannot name yet, or go and look for something.
- Refer to objects only by the ids in that robot's own room listing, which are
  the objects in the room it is standing in. They look like apple.n.01_1. Never
  invent one, and never give one robot an id that appeared only under another
  robot -- it is in a room that robot cannot see.
- An entry marked "blocked" is in that room but currently unavailable -- the
  bracketed note says why.

When an action fails, that robot's plan is abandoned. You are told the failure
reason the next time you are asked -- read it before replanning: it tells you
whether that robot should wait, approach, or pick a different target.

## 3. ROBOT CAPABILITIES
Three kinds of robot. A robot's kind is on its own header ("(drone)") and on
its line in a teammate's listing ("[carrier, ...]", "[base locks while
holding]", "[drone]").

ARM -- a robot with a gripper: grasp, place_on_top, release, open/close,
toggle, load_onto, unload_from, navigate_to, wait.
- Some arms' bases LOCK while the gripper is loaded, and navigate_to then fails
  with BASE_LOCKED; such a robot cannot deliver what it picks up. Have it load
  the object onto a carrier robot with load_onto, let the carrier drive, and
  have an arm take it back at the far end with unload_from. Both actions name
  the *carrier* as their target and need the two robots within reach of each
  other. This is a division of labour, not a detour: it is why a task can need
  more than one of your robots.
- ONLY a robot marked [base locks while holding] needs a carrier. Any other
  robot that can grasp -- a drone, an unmarked arm -- carries what it holds by
  itself: grasp, navigate_to the support, place_on_top, done. A drone that can
  lift the cargo needs nobody: routing its cargo through a carrier and back is
  a detour that costs two extra actions and a round of waiting for nothing.
  Use the carrier for the base-locked robot's legs, and only for those.

CARRIER -- a robot with no arm: cargo rides on its back.
- A carrier and what it is carrying are ONE line in that robot's room listing:

    - agent_1  (teammate)  [carrier, carrying box.n.01_1]  -> unload_from

  The cargo has no line of its own and cannot be grasped where it sits.
  unload_from(agent_1) takes it off that carrier's back and into the acting
  robot's hand; load_onto(agent_1) puts what that robot holds onto it. Both
  name the carrier, both need the two robots within reach of each other, and
  unload_from is the only way to get cargo back.
- **A carrier has no arm**, so give it navigate_to and wait and nothing else:
  no grasp, no place, no release, no load_onto or unload_from -- those are done
  *to* it by a robot that does have a hand. Its own section lists its load on
  an "On your back:" line, and it cannot put that down itself. Its job is to
  drive to where an arm is waiting, which is the whole reason a task needs two
  of them.

DRONE -- flies, holds its load under a suction mount, and its base never locks:
it carries what it grasps by itself.
- What a drone may lift is limited. The drone cannot lift the notebook. A
  robot tagged [drone] can grasp and carry the die (die.n.01_1) but NOT the
  notebook (notebook.n.01_1): grasp or unload_from on it fails with
  CANNOT_LIFT, and getting closer does not change that. Only a robot with an
  arm can lift the notebook, so give that leg to an arm; this division of
  labour is what the task is built around.

THIS TEAM'S ROBOTS:
  - ridgeback_3: ARM, base LOCKS while holding (needs a carrier to move cargo)
  - jackal_3: CARRIER (no arm; navigate_to and wait only)
  - drone_3: DRONE (flies, carries what it holds; see the lift table)

WHO MAY LIFT WHAT (this activity):
  - die.n.01: arm, drone

## 4. COOPERATION MODE: INDIVIDUAL
Every team plans for itself. No team sends or receives messages; you learn
what the other teams are doing only from what your robots see (a teammate of
another team in the listing, an object held by one of its robots). Do not
wait for others to speak. When another team already holds the cargo, give
your robots something else or wait.
---------------------------------- PROMPT / USER ----------------------------------
=== STEP 5120 ===

## 6. OBSERVATIONS -- TEAM team_3 (3 robots)

THE TEAM'S TASK (the same for every robot), in the ids it is written in:
  Move die.n.01_1, in this order, onto: the cabinet in the child's room, the bookcase in the kitchen, the refrigerator in the kitchen, the armchair in the dining room, the breakfast table in the dining room, the coffee table in the living room, the cabinet in the living room, the cabinet in the bedroom, the bed in the bedroom, the bed in the child's room.
Route S1-M5, carry die.n.01_1 through these in order:
  done  C1  ontop(die.n.01_1, cabinet.n.01_1)
  done  C2  ontop(die.n.01_1, bookcase.n.01_1)
  done  C3  ontop(die.n.01_1, electric_refrigerator.n.01_1)
  done  C4  ontop(die.n.01_1, armchair.n.01_1)
  done  C5  ontop(die.n.01_1, breakfast_table.n.01_1)
  done  C6  ontop(die.n.01_1, coffee_table.n.01_1)
  done  C7  ontop(die.n.01_1, cabinet.n.01_2)
  done  C8  ontop(die.n.01_1, cabinet.n.01_3)
  done  C9  ontop(die.n.01_1, bed.n.01_2)
  NEXT  D   ontop(die.n.01_1, bed.n.01_1)
A support reached out of order does not count, and nothing is lost by it: progress resumes when the NEXT one holds.

=== ROBOT ridgeback_3 ===
Step 5120/8000 | you are ridgeback_3 in living_room_0 (a living room)
Rooms in this house (navigate_to any of them): bathroom_0, bedroom_0, childs_room_0, closet_0, closet_1, corridor_0, dining_room_0, empty_room_0, empty_room_1, kitchen_0, living_room_0, staircase_0
Holding: nothing

living_room_0:
  - cabinet.n.01_2  Open  -> unreachable, navigate_to  [2.8 m away]
  - coffee_table.n.01_1  -> unreachable, navigate_to  [2.0 m away]
  - drone_2  (teammate)  [drone]
  - drone_3  (teammate)  [drone]
  - jackal_1  (teammate)  [carrier, empty]  -> navigate_to
  - jackal_2  (teammate)  [carrier, empty]  -> navigate_to
  - jackal_3  (teammate)  [carrier, empty]  -> unreachable, navigate_to  [1.7 m away]
  - ridgeback_1  (teammate)  [base locks while holding]
  - ridgeback_2  (teammate)  [base locks while holding]

=== ROBOT jackal_3 ===
Step 5120/8000 | you are jackal_3 in living_room_0 (a living room)
Rooms in this house (navigate_to any of them): bathroom_0, bedroom_0, childs_room_0, closet_0, closet_1, corridor_0, dining_room_0, empty_room_0, empty_room_1, kitchen_0, living_room_0, staircase_0
Holding: nothing

living_room_0:
  - cabinet.n.01_2  Open  -> navigate_to
  - coffee_table.n.01_1  -> unreachable, navigate_to  [2.8 m away]
  - drone_2  (teammate)  [drone]
  - drone_3  (teammate)  [drone]
  - jackal_1  (teammate)  [carrier, empty]
  - jackal_2  (teammate)  [carrier, empty]
  - ridgeback_1  (teammate)  [base locks while holding]
  - ridgeback_2  (teammate)  [base locks while holding]
  - ridgeback_3  (teammate)  [base locks while holding]

=== ROBOT drone_3 ===
Step 5120/8000 | you are drone_3 (drone) in living_room_0 (a living room)
Rooms in this house (navigate_to any of them): bathroom_0, bedroom_0, childs_room_0, closet_0, closet_1, corridor_0, dining_room_0, empty_room_0, empty_room_1, kitchen_0, living_room_0, staircase_0
Holding: nothing

living_room_0:
  - cabinet.n.01_2  Open  -> close, grasp, navigate_to  [Open is True]
  - coffee_table.n.01_1  -> unreachable, navigate_to  [2.6 m away]
  - drone_2  (teammate)  [drone]
  - jackal_1  (teammate)  [carrier, empty]  -> unreachable, navigate_to  [2.3 m away]
  - jackal_2  (teammate)  [carrier, empty]  -> navigate_to
  - jackal_3  (teammate)  [carrier, empty]  -> navigate_to
  - ridgeback_1  (teammate)  [base locks while holding]
  - ridgeback_2  (teammate)  [base locks while holding]
  - ridgeback_3  (teammate)  [base locks while holding]

## 9. ACTION HISTORY AND FAILURES
--- ridgeback_3 ---
Its current plan: wait_for_team(team_3) [interrupted]
YOUR FINISHED PLANS (most recent last):
  #14 [DONE] ontop(die.n.01_1, cabinet.n.01_2)
      plan: release() -> wait(600)
      you chose it because: I cannot navigate while holding the die because my base is locked. I release it in the living room so drone_3 can independently carry it to the next support, then wait.
  #15 [DONE] ontop(die.n.01_1, cabinet.n.01_2)
      plan: wait(300)
      you chose it because: The drone already holds the die and can place it directly on the nearby NEXT cabinet. I avoid competing for the exclusive cargo.
  #17 [DONE] ontop(die.n.01_1, cabinet.n.01_3)
      plan: wait(600)
      you chose it because: The die is exclusively held by drone_1 from another team, so I avoid an unnecessary competing approach and wait.

--- jackal_3 ---
Its current plan: wait_for_team(team_3) [interrupted]
YOUR FINISHED PLANS (most recent last):
  #13 [DONE] ontop(die.n.01_1, cabinet.n.01_2)
      plan: wait(600)
      you chose it because: As an empty carrier with no arm, I cannot place the die. I wait while drone_3 retrieves and places it.
  #15 [DONE] ontop(die.n.01_1, cabinet.n.01_2)
      plan: wait(300)
      you chose it because: As an empty carrier with no arm, I cannot place the die. I wait while drone_3 completes the cabinet placement.
  #16 [DONE] ontop(die.n.01_1, cabinet.n.01_3)
      plan: wait(600)
      you chose it because: The cargo is already being handled by drone_1; as an empty carrier I wait rather than duplicate the transport.

--- drone_3 ---
Its current plan: ontop(die.n.01_1, cabinet.n.01_3) [success]
YOUR FINISHED PLANS (most recent last):
  #8 [FAILED] ontop(die.n.01_1, cabinet.n.01_2)
      plan: navigate_to(ridgeback_3) -> grasp(die.n.01_1) -> navigate_to(cabinet.n.01_2) -> close(cabinet.n.01_2) -> place_on_top(cabinet.n.01_2)
      you chose it because: After ridgeback_3 releases the die, I retrieve it directly, fly to the NEXT support cabinet.n.01_2, close the open cabinet if required, and place the die on top. This avoids the failed carrier handoff and uses the drone's ability to carry the die independently.
      it failed because: close: An error occurred during each attempt of this action. Attempt 0: PRE_CONDITION_ERROR: Cannot open or close an object while holding an object. Additional info: {'object in hand': 'dice_154'}
  #10 [DONE] ontop(die.n.01_1, cabinet.n.01_2)
      plan: place_on_top(cabinet.n.01_2)
      you chose it because: I already hold the die and am within reach of the NEXT support, cabinet.n.01_2. I place it directly; the cabinet is open but placing on top is available, and closing while holding would fail.
  #12 [DONE] ontop(die.n.01_1, cabinet.n.01_3)
      plan: wait(600)
      you chose it because: Another team's drone holds the exclusive die, so I wait and do not contest it.

Return exactly 3 plans, one per robot, using each robot's own ids. Say in `reasoning` how you divided the work.
-------------------------------------- COMPLETION --------------------------------------
  plans:
    [1]
      agent_id: ridgeback_3
      task:
        task: Task.ONTOP
        object_type: die.n.01_1
        object_id: 1
        reference: bed.n.01_2
      actions:
        [1]
          action_type: wait
          ticks: 600
      reasoning: Wait while drone_3 independently carries the die from the completed cabinet.n.01_3 route support to bed.n.01_2; my base locks while holding, so I should not duplicate the transport.
    [2]
      agent_id: jackal_3
      task:
        task: Task.ONTOP
        object_type: die.n.01_1
        object_id: 1
        reference: bed.n.01_2
      actions:
        [1]
          action_type: wait
          ticks: 600
      reasoning: Remain idle as an empty carrier; drone_3 can carry and place the die without a carrier, so no handoff is needed.
    [3]
      agent_id: drone_3
      task:
        task: Task.ONTOP
        object_type: die.n.01_1
        object_id: 1
        reference: bed.n.01_2
      actions:
        [1]
          action_type: navigate_to
          target: cabinet.n.01_3
        [2]
          action_type: grasp
          target: die.n.01_1
        [3]
          action_type: navigate_to
          target: bed.n.01_2
        [4]
          action_type: place_on_top
          target: bed.n.01_2
      reasoning: I assign drone_3 the active transport because it can lift and carry the die independently. It retrieves the die from the completed cabinet.n.01_3 support and places it on the NEXT support bed.n.01_2.
  reasoning: Drone_3 performs the full remaining cargo leg because it is an unrestricted die-carrying drone. Ridgeback_3 and jackal_3 wait rather than compete for the exclusive die or create an unnecessary carrier handoff.
====================================================================================================
#31  ridgeback_2  env_step 5131  t=482.38s  Team Plan Generation [team_2]
  usage: 6931 tokens (prompt 6031, completion 900)
---------------------------------- PROMPT / SYSTEM ----------------------------------
## 1. YOUR ROLE
You command TEAM 'team_2' -- 3 robots (ridgeback_2, jackal_2, drone_2) -- in a multi-agent
cooperative household task, alongside other teams doing the same. You are the
TEAM CONTROLLER: you are given all 3 robots' observations in one call and
answer with one plan per robot, in that same call.

- Divide the work. Two robots sent to the same object waste one of them: the
  loser burns the whole trip and its grasp fails with OBJECT_CLAIMED.
- Your robots start their plans together and you are not asked again until
  every one of them has finished. A robot that finishes early holds position
  and does nothing useful, so plans of wildly different lengths waste the
  short ones.
- Other teams are driven by their own controllers, not by you. You coordinate
  with them only through the messages quoted in this prompt.
- At the end of the prompt are each robot's last few plans, with their
  actions and how each ended, and the messages this team has sent and
  received. A plan that failed for a reason that still holds will fail the
  same way again, and a question you already asked has its answer in the
  record.

PLAN RESPONSE:
- Return a structured plan for EVERY robot listed above, one each, tagged with
  that robot's agent_id.
- Give each robot one task and at most 6 actions; 3-6 short
  executable actions are usually enough.
- Use exact item_id values from that robot's own section of the prompt.
- Say in the team-level `reasoning` how you divided the work between them.

## 2. ENVIRONMENT RULES
Your robots act through high-level primitives, not joint commands. Each one
takes many simulation steps: driving across a room costs 30 ticks per metre, so
distance is the main cost you control. None of them can see -- each is given a
symbolic description of the room it is standing in, and only that room, and
those descriptions are listed below one robot at a time.

Rules that decide whether an action succeeds:
- To grasp, place, open or toggle an object a robot must be closer to it than
  that object's own distance threshold; beyond it the action fails with TOO_FAR.
  Each object in a robot's room listing carries what that robot can do to it
  after "->", and a distance in metres ONLY when it is out of range -- no
  distance means that robot is already close enough to act on it now.
- An out-of-range object is marked "unreachable" and offers navigate_to and
  NOTHING else. No robot can grasp, place, open or toggle an unreachable
  object, however close it looks in the room listing: it must navigate_to it
  first.
- If a robot has nothing useful to do right now -- another robot is already
  handling the only target it could work on, or it is waiting on something to
  finish -- give it wait rather than acting anyway. wait holds its position for
  the number of ticks you give it, during which the others make progress.
- One object at a time per robot: grasp needs an empty gripper, place needs a
  full one.
- Objects are exclusive, including between your own robots. If anyone is
  holding something, a grasp for it fails with "held by <agent>". Sending two
  robots after one target costs the loser the whole trip for nothing.
- Some tasks are a route: THE TEAM'S TASK lists supports the cargo must rest on
  in order, marked done / NEXT. Only the NEXT support counts when the cargo is
  placed on it; a support reached out of order does not count and costs
  nothing -- progress resumes when NEXT holds. Progress is judged on where the
  cargo rests, not on what a robot intended.
- Every id in THE TEAM'S TASK is a valid navigate_to target for any robot from
  ANY room, even when it is not in that robot's listing: navigate_to(<that id>)
  drives it there, through the house, and its next listing shows that room.
  That is how a robot changes rooms. The cargo is where the task says it
  starts (or on the last support marked done) -- send a robot there; it will
  not be found where the robots stand.
- The line "Rooms in this house" names every room. navigate_to(<room name>)
  drives a robot to a free spot inside that room, so it can reach a room whose
  objects it cannot name yet, or go and look for something.
- Refer to objects only by the ids in that robot's own room listing, which are
  the objects in the room it is standing in. They look like apple.n.01_1. Never
  invent one, and never give one robot an id that appeared only under another
  robot -- it is in a room that robot cannot see.
- An entry marked "blocked" is in that room but currently unavailable -- the
  bracketed note says why.

When an action fails, that robot's plan is abandoned. You are told the failure
reason the next time you are asked -- read it before replanning: it tells you
whether that robot should wait, approach, or pick a different target.

## 3. ROBOT CAPABILITIES
Three kinds of robot. A robot's kind is on its own header ("(drone)") and on
its line in a teammate's listing ("[carrier, ...]", "[base locks while
holding]", "[drone]").

ARM -- a robot with a gripper: grasp, place_on_top, release, open/close,
toggle, load_onto, unload_from, navigate_to, wait.
- Some arms' bases LOCK while the gripper is loaded, and navigate_to then fails
  with BASE_LOCKED; such a robot cannot deliver what it picks up. Have it load
  the object onto a carrier robot with load_onto, let the carrier drive, and
  have an arm take it back at the far end with unload_from. Both actions name
  the *carrier* as their target and need the two robots within reach of each
  other. This is a division of labour, not a detour: it is why a task can need
  more than one of your robots.
- ONLY a robot marked [base locks while holding] needs a carrier. Any other
  robot that can grasp -- a drone, an unmarked arm -- carries what it holds by
  itself: grasp, navigate_to the support, place_on_top, done. A drone that can
  lift the cargo needs nobody: routing its cargo through a carrier and back is
  a detour that costs two extra actions and a round of waiting for nothing.
  Use the carrier for the base-locked robot's legs, and only for those.

CARRIER -- a robot with no arm: cargo rides on its back.
- A carrier and what it is carrying are ONE line in that robot's room listing:

    - agent_1  (teammate)  [carrier, carrying box.n.01_1]  -> unload_from

  The cargo has no line of its own and cannot be grasped where it sits.
  unload_from(agent_1) takes it off that carrier's back and into the acting
  robot's hand; load_onto(agent_1) puts what that robot holds onto it. Both
  name the carrier, both need the two robots within reach of each other, and
  unload_from is the only way to get cargo back.
- **A carrier has no arm**, so give it navigate_to and wait and nothing else:
  no grasp, no place, no release, no load_onto or unload_from -- those are done
  *to* it by a robot that does have a hand. Its own section lists its load on
  an "On your back:" line, and it cannot put that down itself. Its job is to
  drive to where an arm is waiting, which is the whole reason a task needs two
  of them.

DRONE -- flies, holds its load under a suction mount, and its base never locks:
it carries what it grasps by itself.
- What a drone may lift is limited. The drone cannot lift the notebook. A
  robot tagged [drone] can grasp and carry the die (die.n.01_1) but NOT the
  notebook (notebook.n.01_1): grasp or unload_from on it fails with
  CANNOT_LIFT, and getting closer does not change that. Only a robot with an
  arm can lift the notebook, so give that leg to an arm; this division of
  labour is what the task is built around.

THIS TEAM'S ROBOTS:
  - ridgeback_2: ARM, base LOCKS while holding (needs a carrier to move cargo)
  - jackal_2: CARRIER (no arm; navigate_to and wait only)
  - drone_2: DRONE (flies, carries what it holds; see the lift table)

WHO MAY LIFT WHAT (this activity):
  - die.n.01: arm, drone

## 4. COOPERATION MODE: INDIVIDUAL
Every team plans for itself. No team sends or receives messages; you learn
what the other teams are doing only from what your robots see (a teammate of
another team in the listing, an object held by one of its robots). Do not
wait for others to speak. When another team already holds the cargo, give
your robots something else or wait.
---------------------------------- PROMPT / USER ----------------------------------
=== STEP 5131 ===

## 6. OBSERVATIONS -- TEAM team_2 (3 robots)

THE TEAM'S TASK (the same for every robot), in the ids it is written in:
  Move die.n.01_1, in this order, onto: the cabinet in the child's room, the bookcase in the kitchen, the refrigerator in the kitchen, the armchair in the dining room, the breakfast table in the dining room, the coffee table in the living room, the cabinet in the living room, the cabinet in the bedroom, the bed in the bedroom, the bed in the child's room.
Route S1-M5, carry die.n.01_1 through these in order:
  done  C1  ontop(die.n.01_1, cabinet.n.01_1)
  done  C2  ontop(die.n.01_1, bookcase.n.01_1)
  done  C3  ontop(die.n.01_1, electric_refrigerator.n.01_1)
  done  C4  ontop(die.n.01_1, armchair.n.01_1)
  done  C5  ontop(die.n.01_1, breakfast_table.n.01_1)
  done  C6  ontop(die.n.01_1, coffee_table.n.01_1)
  done  C7  ontop(die.n.01_1, cabinet.n.01_2)
  done  C8  ontop(die.n.01_1, cabinet.n.01_3)
  done  C9  ontop(die.n.01_1, bed.n.01_2)
  NEXT  D   ontop(die.n.01_1, bed.n.01_1)
A support reached out of order does not count, and nothing is lost by it: progress resumes when the NEXT one holds.

=== ROBOT ridgeback_2 ===
Step 5131/8000 | you are ridgeback_2 in living_room_0 (a living room)
Rooms in this house (navigate_to any of them): bathroom_0, bedroom_0, childs_room_0, closet_0, closet_1, corridor_0, dining_room_0, empty_room_0, empty_room_1, kitchen_0, living_room_0, staircase_0
Holding: nothing

living_room_0:
  - cabinet.n.01_2  Open  -> unreachable, navigate_to  [2.1 m away]
  - coffee_table.n.01_1  -> grasp, navigate_to
  - drone_2  (teammate)  [drone]
  - drone_3  (teammate)  [drone]
  - jackal_1  (teammate)  [carrier, empty]  -> navigate_to
  - jackal_2  (teammate)  [carrier, empty]  -> navigate_to
  - jackal_3  (teammate)  [carrier, empty]  -> navigate_to
  - ridgeback_1  (teammate)  [base locks while holding]
  - ridgeback_3  (teammate)  [base locks while holding]

=== ROBOT jackal_2 ===
Step 5131/8000 | you are jackal_2 in living_room_0 (a living room)
Rooms in this house (navigate_to any of them): bathroom_0, bedroom_0, childs_room_0, closet_0, closet_1, corridor_0, dining_room_0, empty_room_0, empty_room_1, kitchen_0, living_room_0, staircase_0
Holding: nothing

living_room_0:
  - cabinet.n.01_2  Open  -> unreachable, navigate_to  [2.1 m away]
  - coffee_table.n.01_1  -> unreachable, navigate_to  [1.9 m away]
  - drone_2  (teammate)  [drone]
  - drone_3  (teammate)  [drone]
  - jackal_1  (teammate)  [carrier, empty]
  - jackal_3  (teammate)  [carrier, empty]
  - ridgeback_1  (teammate)  [base locks while holding]
  - ridgeback_2  (teammate)  [base locks while holding]
  - ridgeback_3  (teammate)  [base locks while holding]

=== ROBOT drone_2 ===
Step 5131/8000 | you are drone_2 (drone) in living_room_0 (a living room)
Rooms in this house (navigate_to any of them): bathroom_0, bedroom_0, childs_room_0, closet_0, closet_1, corridor_0, dining_room_0, empty_room_0, empty_room_1, kitchen_0, living_room_0, staircase_0
Holding: nothing

living_room_0:
  - cabinet.n.01_2  Open  -> unreachable, navigate_to  [4.0 m away]
  - coffee_table.n.01_1  -> grasp, navigate_to
  - drone_3  (teammate)  [drone]
  - jackal_1  (teammate)  [carrier, empty]  -> unreachable, navigate_to  [2.4 m away]
  - jackal_2  (teammate)  [carrier, empty]  -> unreachable, navigate_to  [2.9 m away]
  - jackal_3  (teammate)  [carrier, empty]  -> unreachable, navigate_to  [3.6 m away]
  - ridgeback_1  (teammate)  [base locks while holding]
  - ridgeback_2  (teammate)  [base locks while holding]
  - ridgeback_3  (teammate)  [base locks while holding]

## 9. ACTION HISTORY AND FAILURES
--- ridgeback_2 ---
Its current plan: wait_for_team(team_2) [interrupted]
YOUR FINISHED PLANS (most recent last):
  #16 [DONE] ontop(die.n.01_1, bed.n.01_2)
      plan: wait(600)
      you chose it because: The die is exclusively held by ridgeback_3 from another team, so I wait instead of competing or moving toward an unavailable object.
  #18 [DONE] ontop(die.n.01_1, cabinet.n.01_2)
      plan: wait(600)
      you chose it because: The die is exclusively held by drone_3, so I avoid a competing grasp and wait while the current team advances it.
  #20 [DONE] ontop(die.n.01_1, cabinet.n.01_3)
      plan: wait(600)
      you chose it because: The die is exclusively held by drone_1 from another team, so I wait rather than competing for it or making an ineffective approach.

--- jackal_2 ---
Its current plan: wait_for_team(team_2) [interrupted]
YOUR FINISHED PLANS (most recent last):
  #13 [DONE] ontop(die.n.01_1, bed.n.01_2)
      plan: wait(600)
      you chose it because: As the carrier, I cannot act while another team's ridgeback holds the die; I wait for that team's current transfer to finish.
  #15 [DONE] ontop(die.n.01_1, cabinet.n.01_2)
      plan: wait(600)
      you chose it because: As a carrier without an arm, I cannot act while drone_3 holds the die; I wait for the exclusive transfer to finish.
  #17 [DONE] ontop(die.n.01_1, cabinet.n.01_3)
      plan: wait(600)
      you chose it because: As the carrier without an arm, I cannot manipulate the die, which is currently held by drone_1; I wait for the other team to complete the next route transfer.

--- drone_2 ---
Its current plan: ontop(die.n.01_1, cabinet.n.01_3) [success]
YOUR FINISHED PLANS (most recent last):
  #11 [DONE] ontop(die.n.01_1, bed.n.01_2)
      plan: wait(600)
      you chose it because: The die is held by ridgeback_3, making a grasp guaranteed to fail with an exclusive-object error; I wait while the other team advances it.
  #12 [DONE] ontop(die.n.01_1, cabinet.n.01_2)
      plan: wait(600)
      you chose it because: Another team's drone currently holds the die, so attempting to grasp it would fail. I wait rather than duplicating their work.
  #13 [DONE] ontop(die.n.01_1, cabinet.n.01_3)
      plan: wait(600)
      you chose it because: The die is exclusively held by drone_1, so I avoid a guaranteed OBJECT_CLAIMED grasp and wait while that team advances the route.

Return exactly 3 plans, one per robot, using each robot's own ids. Say in `reasoning` how you divided the work.
-------------------------------------- COMPLETION --------------------------------------
  plans:
    [1]
      agent_id: ridgeback_2
      task:
        task: Task.ONTOP
        object_type: die.n.01_1
        object_id: 1
        reference: bed.n.01_2
      actions:
        [1]
          action_type: wait
          ticks: 600
      reasoning: The drone can lift and carry the die without a carrier; I wait to avoid competing for the exclusive cargo.
    [2]
      agent_id: jackal_2
      task:
        task: Task.ONTOP
        object_type: die.n.01_1
        object_id: 1
        reference: bed.n.01_2
      actions:
        [1]
          action_type: wait
          ticks: 600
      reasoning: As a carrier without an arm, I cannot manipulate the die independently, so I wait while the drone performs the next route leg.
    [3]
      agent_id: drone_2
      task:
        task: Task.ONTOP
        object_type: die.n.01_1
        object_id: 1
        reference: bed.n.01_2
      actions:
        [1]
          action_type: navigate_to
          target: cabinet.n.01_3
        [2]
          action_type: grasp
          target: die.n.01_1
        [3]
          action_type: navigate_to
          target: bed.n.01_2
        [4]
          action_type: place_on_top
          target: bed.n.01_2
      reasoning: The die has completed the cabinet.n.01_3 support and the next required support is bed.n.01_2. I alone can lift and carry the die without base-lock or carrier overhead.
  reasoning: I assign drone_2 the active route leg because it can grasp and carry the die autonomously. ridgeback_2 and jackal_2 wait rather than duplicating the exclusive cargo operation; the arm and carrier are not needed for this leg.
====================================================================================================
#32  ridgeback_1  env_step 5554  t=506.586s  Team Plan Generation [team_1]
  usage: 6393 tokens (prompt 5913, completion 480)
---------------------------------- PROMPT / SYSTEM ----------------------------------
## 1. YOUR ROLE
You command TEAM 'team_1' -- 3 robots (ridgeback_1, jackal_1, drone_1) -- in a multi-agent
cooperative household task, alongside other teams doing the same. You are the
TEAM CONTROLLER: you are given all 3 robots' observations in one call and
answer with one plan per robot, in that same call.

- Divide the work. Two robots sent to the same object waste one of them: the
  loser burns the whole trip and its grasp fails with OBJECT_CLAIMED.
- Your robots start their plans together and you are not asked again until
  every one of them has finished. A robot that finishes early holds position
  and does nothing useful, so plans of wildly different lengths waste the
  short ones.
- Other teams are driven by their own controllers, not by you. You coordinate
  with them only through the messages quoted in this prompt.
- At the end of the prompt are each robot's last few plans, with their
  actions and how each ended, and the messages this team has sent and
  received. A plan that failed for a reason that still holds will fail the
  same way again, and a question you already asked has its answer in the
  record.

PLAN RESPONSE:
- Return a structured plan for EVERY robot listed above, one each, tagged with
  that robot's agent_id.
- Give each robot one task and at most 6 actions; 3-6 short
  executable actions are usually enough.
- Use exact item_id values from that robot's own section of the prompt.
- Say in the team-level `reasoning` how you divided the work between them.

## 2. ENVIRONMENT RULES
Your robots act through high-level primitives, not joint commands. Each one
takes many simulation steps: driving across a room costs 30 ticks per metre, so
distance is the main cost you control. None of them can see -- each is given a
symbolic description of the room it is standing in, and only that room, and
those descriptions are listed below one robot at a time.

Rules that decide whether an action succeeds:
- To grasp, place, open or toggle an object a robot must be closer to it than
  that object's own distance threshold; beyond it the action fails with TOO_FAR.
  Each object in a robot's room listing carries what that robot can do to it
  after "->", and a distance in metres ONLY when it is out of range -- no
  distance means that robot is already close enough to act on it now.
- An out-of-range object is marked "unreachable" and offers navigate_to and
  NOTHING else. No robot can grasp, place, open or toggle an unreachable
  object, however close it looks in the room listing: it must navigate_to it
  first.
- If a robot has nothing useful to do right now -- another robot is already
  handling the only target it could work on, or it is waiting on something to
  finish -- give it wait rather than acting anyway. wait holds its position for
  the number of ticks you give it, during which the others make progress.
- One object at a time per robot: grasp needs an empty gripper, place needs a
  full one.
- Objects are exclusive, including between your own robots. If anyone is
  holding something, a grasp for it fails with "held by <agent>". Sending two
  robots after one target costs the loser the whole trip for nothing.
- Some tasks are a route: THE TEAM'S TASK lists supports the cargo must rest on
  in order, marked done / NEXT. Only the NEXT support counts when the cargo is
  placed on it; a support reached out of order does not count and costs
  nothing -- progress resumes when NEXT holds. Progress is judged on where the
  cargo rests, not on what a robot intended.
- Every id in THE TEAM'S TASK is a valid navigate_to target for any robot from
  ANY room, even when it is not in that robot's listing: navigate_to(<that id>)
  drives it there, through the house, and its next listing shows that room.
  That is how a robot changes rooms. The cargo is where the task says it
  starts (or on the last support marked done) -- send a robot there; it will
  not be found where the robots stand.
- The line "Rooms in this house" names every room. navigate_to(<room name>)
  drives a robot to a free spot inside that room, so it can reach a room whose
  objects it cannot name yet, or go and look for something.
- Refer to objects only by the ids in that robot's own room listing, which are
  the objects in the room it is standing in. They look like apple.n.01_1. Never
  invent one, and never give one robot an id that appeared only under another
  robot -- it is in a room that robot cannot see.
- An entry marked "blocked" is in that room but currently unavailable -- the
  bracketed note says why.

When an action fails, that robot's plan is abandoned. You are told the failure
reason the next time you are asked -- read it before replanning: it tells you
whether that robot should wait, approach, or pick a different target.

## 3. ROBOT CAPABILITIES
Three kinds of robot. A robot's kind is on its own header ("(drone)") and on
its line in a teammate's listing ("[carrier, ...]", "[base locks while
holding]", "[drone]").

ARM -- a robot with a gripper: grasp, place_on_top, release, open/close,
toggle, load_onto, unload_from, navigate_to, wait.
- Some arms' bases LOCK while the gripper is loaded, and navigate_to then fails
  with BASE_LOCKED; such a robot cannot deliver what it picks up. Have it load
  the object onto a carrier robot with load_onto, let the carrier drive, and
  have an arm take it back at the far end with unload_from. Both actions name
  the *carrier* as their target and need the two robots within reach of each
  other. This is a division of labour, not a detour: it is why a task can need
  more than one of your robots.
- ONLY a robot marked [base locks while holding] needs a carrier. Any other
  robot that can grasp -- a drone, an unmarked arm -- carries what it holds by
  itself: grasp, navigate_to the support, place_on_top, done. A drone that can
  lift the cargo needs nobody: routing its cargo through a carrier and back is
  a detour that costs two extra actions and a round of waiting for nothing.
  Use the carrier for the base-locked robot's legs, and only for those.

CARRIER -- a robot with no arm: cargo rides on its back.
- A carrier and what it is carrying are ONE line in that robot's room listing:

    - agent_1  (teammate)  [carrier, carrying box.n.01_1]  -> unload_from

  The cargo has no line of its own and cannot be grasped where it sits.
  unload_from(agent_1) takes it off that carrier's back and into the acting
  robot's hand; load_onto(agent_1) puts what that robot holds onto it. Both
  name the carrier, both need the two robots within reach of each other, and
  unload_from is the only way to get cargo back.
- **A carrier has no arm**, so give it navigate_to and wait and nothing else:
  no grasp, no place, no release, no load_onto or unload_from -- those are done
  *to* it by a robot that does have a hand. Its own section lists its load on
  an "On your back:" line, and it cannot put that down itself. Its job is to
  drive to where an arm is waiting, which is the whole reason a task needs two
  of them.

DRONE -- flies, holds its load under a suction mount, and its base never locks:
it carries what it grasps by itself.
- What a drone may lift is limited. The drone cannot lift the notebook. A
  robot tagged [drone] can grasp and carry the die (die.n.01_1) but NOT the
  notebook (notebook.n.01_1): grasp or unload_from on it fails with
  CANNOT_LIFT, and getting closer does not change that. Only a robot with an
  arm can lift the notebook, so give that leg to an arm; this division of
  labour is what the task is built around.

THIS TEAM'S ROBOTS:
  - ridgeback_1: ARM, base LOCKS while holding (needs a carrier to move cargo)
  - jackal_1: CARRIER (no arm; navigate_to and wait only)
  - drone_1: DRONE (flies, carries what it holds; see the lift table)

WHO MAY LIFT WHAT (this activity):
  - die.n.01: arm, drone

## 4. COOPERATION MODE: INDIVIDUAL
Every team plans for itself. No team sends or receives messages; you learn
what the other teams are doing only from what your robots see (a teammate of
another team in the listing, an object held by one of its robots). Do not
wait for others to speak. When another team already holds the cargo, give
your robots something else or wait.
---------------------------------- PROMPT / USER ----------------------------------
=== STEP 5554 ===

## 6. OBSERVATIONS -- TEAM team_1 (3 robots)

THE TEAM'S TASK (the same for every robot), in the ids it is written in:
  Move die.n.01_1, in this order, onto: the cabinet in the child's room, the bookcase in the kitchen, the refrigerator in the kitchen, the armchair in the dining room, the breakfast table in the dining room, the coffee table in the living room, the cabinet in the living room, the cabinet in the bedroom, the bed in the bedroom, the bed in the child's room.
Route S1-M5, carry die.n.01_1 through these in order:
  done  C1  ontop(die.n.01_1, cabinet.n.01_1)
  done  C2  ontop(die.n.01_1, bookcase.n.01_1)
  done  C3  ontop(die.n.01_1, electric_refrigerator.n.01_1)
  done  C4  ontop(die.n.01_1, armchair.n.01_1)
  done  C5  ontop(die.n.01_1, breakfast_table.n.01_1)
  done  C6  ontop(die.n.01_1, coffee_table.n.01_1)
  done  C7  ontop(die.n.01_1, cabinet.n.01_2)
  done  C8  ontop(die.n.01_1, cabinet.n.01_3)
  done  C9  ontop(die.n.01_1, bed.n.01_2)
  NEXT  D   ontop(die.n.01_1, bed.n.01_1)
A support reached out of order does not count, and nothing is lost by it: progress resumes when the NEXT one holds.

=== ROBOT ridgeback_1 ===
Step 5554/8000 | you are ridgeback_1 in living_room_0 (a living room)
Rooms in this house (navigate_to any of them): bathroom_0, bedroom_0, childs_room_0, closet_0, closet_1, corridor_0, dining_room_0, empty_room_0, empty_room_1, kitchen_0, living_room_0, staircase_0
Holding: nothing

living_room_0:
  - cabinet.n.01_2  Open  -> unreachable, navigate_to  [2.6 m away]
  - coffee_table.n.01_1  -> grasp, navigate_to
  - jackal_1  (teammate)  [carrier, empty]  -> navigate_to
  - jackal_2  (teammate)  [carrier, empty]  -> navigate_to
  - jackal_3  (teammate)  [carrier, empty]  -> unreachable, navigate_to  [1.7 m away]
  - ridgeback_2  (teammate)  [base locks while holding]
  - ridgeback_3  (teammate)  [base locks while holding]

=== ROBOT jackal_1 ===
Step 5554/8000 | you are jackal_1 in living_room_0 (a living room)
Rooms in this house (navigate_to any of them): bathroom_0, bedroom_0, childs_room_0, closet_0, closet_1, corridor_0, dining_room_0, empty_room_0, empty_room_1, kitchen_0, living_room_0, staircase_0
Holding: nothing

living_room_0:
  - cabinet.n.01_2  Open  -> unreachable, navigate_to  [3.2 m away]
  - coffee_table.n.01_1  -> navigate_to
  - jackal_2  (teammate)  [carrier, empty]
  - jackal_3  (teammate)  [carrier, empty]
  - ridgeback_1  (teammate)  [base locks while holding]
  - ridgeback_2  (teammate)  [base locks while holding]
  - ridgeback_3  (teammate)  [base locks while holding]

=== ROBOT drone_1 ===
Step 5554/8000 | you are drone_1 (drone) in bedroom_0 (a bedroom)
Rooms in this house (navigate_to any of them): bathroom_0, bedroom_0, childs_room_0, closet_0, closet_1, corridor_0, dining_room_0, empty_room_0, empty_room_1, kitchen_0, living_room_0, staircase_0
Holding: nothing

bedroom_0:
  - bed.n.01_2  -> grasp, navigate_to
  - cabinet.n.01_3  -> unreachable, navigate_to  [3.7 m away]
  - die.n.01_1  -> unreachable, navigate_to  [2.0 m away]
  - drone_2  (teammate)  [drone]
  - drone_3  (teammate)  [drone]

Relations:
  ontop(die.n.01_1, bed.n.01_2)

## 9. ACTION HISTORY AND FAILURES
--- ridgeback_1 ---
Its current plan: wait_for_team(team_1) [interrupted]
YOUR FINISHED PLANS (most recent last):
  #16 [DONE] ontop(die.n.01_1, cabinet.n.01_2)
      plan: wait(600)
      you chose it because: The die is currently on ridgeback_3 from another team, so I wait rather than attempting a conflicting grasp.
  #18 [DONE] ontop(die.n.01_1, cabinet.n.01_3)
      plan: wait(600)
      you chose it because: The drone can carry the die directly without a locked-base carrier; I wait and avoid competing for the shared die.
  #20 [DONE] ontop(die.n.01_1, bed.n.01_2)
      plan: wait(600)
      you chose it because: The drone is the only robot positioned to continue the die route, so I wait and avoid competing for the shared cargo.

--- jackal_1 ---
Its current plan: ontop(die.n.01_1, bed.n.01_2) [success]
YOUR FINISHED PLANS (most recent last):
  #11 [DONE] ontop(die.n.01_1, cabinet.n.01_2)
      plan: wait(600)
      you chose it because: As a carrier without an arm, I cannot independently handle the die; I wait while the other team transports it.
  #13 [DONE] ontop(die.n.01_1, cabinet.n.01_3)
      plan: wait(600)
      you chose it because: As a carrier without an arm, I am not needed for the drone's direct transport, so I wait.
  #14 [DONE] ontop(die.n.01_1, bed.n.01_2)
      plan: wait(600)
      you chose it because: As a carrier without an arm, I cannot handle the die independently; I wait while the drone performs the next route leg.

--- drone_1 ---
Its current plan: wait_for_team(team_1) [interrupted]
YOUR FINISHED PLANS (most recent last):
  #13 [DONE] ontop(die.n.01_1, cabinet.n.01_2)
      plan: wait(600)
      you chose it because: The die is already held by ridgeback_3, so I avoid a duplicate grasp and wait for the current transport to finish.
  #14 [DONE] ontop(die.n.01_1, cabinet.n.01_3)
      plan: navigate_to(die.n.01_1) -> grasp(die.n.01_1) -> navigate_to(cabinet.n.01_3) -> place_on_top(cabinet.n.01_3)
      you chose it because: I alone retrieve the die from the completed cabinet.n.01_2 support and fly it to the NEXT support, cabinet.n.01_3, in the bedroom.
  #16 [DONE] ontop(die.n.01_1, bed.n.01_2)
      plan: grasp(die.n.01_1) -> navigate_to(bed.n.01_2) -> place_on_top(bed.n.01_2)
      you chose it because: I retrieve the die from the completed cabinet.n.01_3 support and fly it directly to the NEXT support, bed.n.01_2.

Return exactly 3 plans, one per robot, using each robot's own ids. Say in `reasoning` how you divided the work.
-------------------------------------- COMPLETION --------------------------------------
  plans:
    [1]
      agent_id: ridgeback_1
      task:
        task: Task.ONTOP
        object_type: die.n.01_1
        object_id: 1
        reference: bed.n.01_1
      actions:
        [1]
          action_type: wait
          ticks: 600
      reasoning: The drone is already positioned in the bedroom and can carry the die directly; I wait to avoid competing for the shared cargo.
    [2]
      agent_id: jackal_1
      task:
        task: Task.ONTOP
        object_type: die.n.01_1
        object_id: 1
        reference: bed.n.01_1
      actions:
        [1]
          action_type: wait
          ticks: 600
      reasoning: As a carrier without an arm, I cannot manipulate the die, so I wait while the drone completes the final route leg.
    [3]
      agent_id: drone_1
      task:
        task: Task.ONTOP
        object_type: die.n.01_1
        object_id: 1
        reference: bed.n.01_1
      actions:
        [1]
          action_type: navigate_to
          target: die.n.01_1
        [2]
          action_type: grasp
          target: die.n.01_1
        [3]
          action_type: navigate_to
          target: bed.n.01_1
        [4]
          action_type: place_on_top
          target: bed.n.01_1
      reasoning: The die is on the completed bedroom bed.n.01_2, and I will retrieve it and fly it to the NEXT support, bed.n.01_1 in the child's room.
  reasoning: The drone performs the final die transfer because it can lift and carry without a locked base. The arm and carrier wait rather than duplicate the die claim.
====================================================================================================
#33  ridgeback_3  env_step 5721  t=519.975s  Team Plan Generation [team_3]
  usage: 6602 tokens (prompt 5942, completion 660)
---------------------------------- PROMPT / SYSTEM ----------------------------------
## 1. YOUR ROLE
You command TEAM 'team_3' -- 3 robots (ridgeback_3, jackal_3, drone_3) -- in a multi-agent
cooperative household task, alongside other teams doing the same. You are the
TEAM CONTROLLER: you are given all 3 robots' observations in one call and
answer with one plan per robot, in that same call.

- Divide the work. Two robots sent to the same object waste one of them: the
  loser burns the whole trip and its grasp fails with OBJECT_CLAIMED.
- Your robots start their plans together and you are not asked again until
  every one of them has finished. A robot that finishes early holds position
  and does nothing useful, so plans of wildly different lengths waste the
  short ones.
- Other teams are driven by their own controllers, not by you. You coordinate
  with them only through the messages quoted in this prompt.
- At the end of the prompt are each robot's last few plans, with their
  actions and how each ended, and the messages this team has sent and
  received. A plan that failed for a reason that still holds will fail the
  same way again, and a question you already asked has its answer in the
  record.

PLAN RESPONSE:
- Return a structured plan for EVERY robot listed above, one each, tagged with
  that robot's agent_id.
- Give each robot one task and at most 6 actions; 3-6 short
  executable actions are usually enough.
- Use exact item_id values from that robot's own section of the prompt.
- Say in the team-level `reasoning` how you divided the work between them.

## 2. ENVIRONMENT RULES
Your robots act through high-level primitives, not joint commands. Each one
takes many simulation steps: driving across a room costs 30 ticks per metre, so
distance is the main cost you control. None of them can see -- each is given a
symbolic description of the room it is standing in, and only that room, and
those descriptions are listed below one robot at a time.

Rules that decide whether an action succeeds:
- To grasp, place, open or toggle an object a robot must be closer to it than
  that object's own distance threshold; beyond it the action fails with TOO_FAR.
  Each object in a robot's room listing carries what that robot can do to it
  after "->", and a distance in metres ONLY when it is out of range -- no
  distance means that robot is already close enough to act on it now.
- An out-of-range object is marked "unreachable" and offers navigate_to and
  NOTHING else. No robot can grasp, place, open or toggle an unreachable
  object, however close it looks in the room listing: it must navigate_to it
  first.
- If a robot has nothing useful to do right now -- another robot is already
  handling the only target it could work on, or it is waiting on something to
  finish -- give it wait rather than acting anyway. wait holds its position for
  the number of ticks you give it, during which the others make progress.
- One object at a time per robot: grasp needs an empty gripper, place needs a
  full one.
- Objects are exclusive, including between your own robots. If anyone is
  holding something, a grasp for it fails with "held by <agent>". Sending two
  robots after one target costs the loser the whole trip for nothing.
- Some tasks are a route: THE TEAM'S TASK lists supports the cargo must rest on
  in order, marked done / NEXT. Only the NEXT support counts when the cargo is
  placed on it; a support reached out of order does not count and costs
  nothing -- progress resumes when NEXT holds. Progress is judged on where the
  cargo rests, not on what a robot intended.
- Every id in THE TEAM'S TASK is a valid navigate_to target for any robot from
  ANY room, even when it is not in that robot's listing: navigate_to(<that id>)
  drives it there, through the house, and its next listing shows that room.
  That is how a robot changes rooms. The cargo is where the task says it
  starts (or on the last support marked done) -- send a robot there; it will
  not be found where the robots stand.
- The line "Rooms in this house" names every room. navigate_to(<room name>)
  drives a robot to a free spot inside that room, so it can reach a room whose
  objects it cannot name yet, or go and look for something.
- Refer to objects only by the ids in that robot's own room listing, which are
  the objects in the room it is standing in. They look like apple.n.01_1. Never
  invent one, and never give one robot an id that appeared only under another
  robot -- it is in a room that robot cannot see.
- An entry marked "blocked" is in that room but currently unavailable -- the
  bracketed note says why.

When an action fails, that robot's plan is abandoned. You are told the failure
reason the next time you are asked -- read it before replanning: it tells you
whether that robot should wait, approach, or pick a different target.

## 3. ROBOT CAPABILITIES
Three kinds of robot. A robot's kind is on its own header ("(drone)") and on
its line in a teammate's listing ("[carrier, ...]", "[base locks while
holding]", "[drone]").

ARM -- a robot with a gripper: grasp, place_on_top, release, open/close,
toggle, load_onto, unload_from, navigate_to, wait.
- Some arms' bases LOCK while the gripper is loaded, and navigate_to then fails
  with BASE_LOCKED; such a robot cannot deliver what it picks up. Have it load
  the object onto a carrier robot with load_onto, let the carrier drive, and
  have an arm take it back at the far end with unload_from. Both actions name
  the *carrier* as their target and need the two robots within reach of each
  other. This is a division of labour, not a detour: it is why a task can need
  more than one of your robots.
- ONLY a robot marked [base locks while holding] needs a carrier. Any other
  robot that can grasp -- a drone, an unmarked arm -- carries what it holds by
  itself: grasp, navigate_to the support, place_on_top, done. A drone that can
  lift the cargo needs nobody: routing its cargo through a carrier and back is
  a detour that costs two extra actions and a round of waiting for nothing.
  Use the carrier for the base-locked robot's legs, and only for those.

CARRIER -- a robot with no arm: cargo rides on its back.
- A carrier and what it is carrying are ONE line in that robot's room listing:

    - agent_1  (teammate)  [carrier, carrying box.n.01_1]  -> unload_from

  The cargo has no line of its own and cannot be grasped where it sits.
  unload_from(agent_1) takes it off that carrier's back and into the acting
  robot's hand; load_onto(agent_1) puts what that robot holds onto it. Both
  name the carrier, both need the two robots within reach of each other, and
  unload_from is the only way to get cargo back.
- **A carrier has no arm**, so give it navigate_to and wait and nothing else:
  no grasp, no place, no release, no load_onto or unload_from -- those are done
  *to* it by a robot that does have a hand. Its own section lists its load on
  an "On your back:" line, and it cannot put that down itself. Its job is to
  drive to where an arm is waiting, which is the whole reason a task needs two
  of them.

DRONE -- flies, holds its load under a suction mount, and its base never locks:
it carries what it grasps by itself.
- What a drone may lift is limited. The drone cannot lift the notebook. A
  robot tagged [drone] can grasp and carry the die (die.n.01_1) but NOT the
  notebook (notebook.n.01_1): grasp or unload_from on it fails with
  CANNOT_LIFT, and getting closer does not change that. Only a robot with an
  arm can lift the notebook, so give that leg to an arm; this division of
  labour is what the task is built around.

THIS TEAM'S ROBOTS:
  - ridgeback_3: ARM, base LOCKS while holding (needs a carrier to move cargo)
  - jackal_3: CARRIER (no arm; navigate_to and wait only)
  - drone_3: DRONE (flies, carries what it holds; see the lift table)

WHO MAY LIFT WHAT (this activity):
  - die.n.01: arm, drone

## 4. COOPERATION MODE: INDIVIDUAL
Every team plans for itself. No team sends or receives messages; you learn
what the other teams are doing only from what your robots see (a teammate of
another team in the listing, an object held by one of its robots). Do not
wait for others to speak. When another team already holds the cargo, give
your robots something else or wait.
---------------------------------- PROMPT / USER ----------------------------------
=== STEP 5721 ===

## 6. OBSERVATIONS -- TEAM team_3 (3 robots)

THE TEAM'S TASK (the same for every robot), in the ids it is written in:
  Move die.n.01_1, in this order, onto: the cabinet in the child's room, the bookcase in the kitchen, the refrigerator in the kitchen, the armchair in the dining room, the breakfast table in the dining room, the coffee table in the living room, the cabinet in the living room, the cabinet in the bedroom, the bed in the bedroom, the bed in the child's room.
Route S1-M5, carry die.n.01_1 through these in order:
  done  C1  ontop(die.n.01_1, cabinet.n.01_1)
  done  C2  ontop(die.n.01_1, bookcase.n.01_1)
  done  C3  ontop(die.n.01_1, electric_refrigerator.n.01_1)
  done  C4  ontop(die.n.01_1, armchair.n.01_1)
  done  C5  ontop(die.n.01_1, breakfast_table.n.01_1)
  done  C6  ontop(die.n.01_1, coffee_table.n.01_1)
  done  C7  ontop(die.n.01_1, cabinet.n.01_2)
  done  C8  ontop(die.n.01_1, cabinet.n.01_3)
  done  C9  ontop(die.n.01_1, bed.n.01_2)
  NEXT  D   ontop(die.n.01_1, bed.n.01_1)
A support reached out of order does not count, and nothing is lost by it: progress resumes when the NEXT one holds.

=== ROBOT ridgeback_3 ===
Step 5721/8000 | you are ridgeback_3 in living_room_0 (a living room)
Rooms in this house (navigate_to any of them): bathroom_0, bedroom_0, childs_room_0, closet_0, closet_1, corridor_0, dining_room_0, empty_room_0, empty_room_1, kitchen_0, living_room_0, staircase_0
Holding: nothing

living_room_0:
  - cabinet.n.01_2  Open  -> unreachable, navigate_to  [2.8 m away]
  - coffee_table.n.01_1  -> unreachable, navigate_to  [2.0 m away]
  - jackal_1  (teammate)  [carrier, empty]  -> navigate_to
  - jackal_2  (teammate)  [carrier, empty]  -> navigate_to
  - jackal_3  (teammate)  [carrier, empty]  -> unreachable, navigate_to  [1.7 m away]
  - ridgeback_1  (teammate)  [base locks while holding]
  - ridgeback_2  (teammate)  [base locks while holding]

=== ROBOT jackal_3 ===
Step 5721/8000 | you are jackal_3 in living_room_0 (a living room)
Rooms in this house (navigate_to any of them): bathroom_0, bedroom_0, childs_room_0, closet_0, closet_1, corridor_0, dining_room_0, empty_room_0, empty_room_1, kitchen_0, living_room_0, staircase_0
Holding: nothing

living_room_0:
  - cabinet.n.01_2  Open  -> navigate_to
  - coffee_table.n.01_1  -> unreachable, navigate_to  [2.8 m away]
  - jackal_1  (teammate)  [carrier, empty]
  - jackal_2  (teammate)  [carrier, empty]
  - ridgeback_1  (teammate)  [base locks while holding]
  - ridgeback_2  (teammate)  [base locks while holding]
  - ridgeback_3  (teammate)  [base locks while holding]

=== ROBOT drone_3 ===
Step 5721/8000 | you are drone_3 (drone) in bedroom_0 (a bedroom)
Rooms in this house (navigate_to any of them): bathroom_0, bedroom_0, childs_room_0, closet_0, closet_1, corridor_0, dining_room_0, empty_room_0, empty_room_1, kitchen_0, living_room_0, staircase_0
Holding: nothing

bedroom_0:
  - bed.n.01_2  -> grasp, navigate_to
  - cabinet.n.01_3  -> grasp, navigate_to, open  [Open is False]
  - die.n.01_1  -> unreachable, navigate_to  [1.7 m away]
  - drone_1  (teammate)  [drone]
  - drone_2  (teammate)  [drone]

Relations:
  ontop(die.n.01_1, bed.n.01_2)

## 9. ACTION HISTORY AND FAILURES
--- ridgeback_3 ---
Its current plan: wait_for_team(team_3) [interrupted]
YOUR FINISHED PLANS (most recent last):
  #15 [DONE] ontop(die.n.01_1, cabinet.n.01_2)
      plan: wait(300)
      you chose it because: The drone already holds the die and can place it directly on the nearby NEXT cabinet. I avoid competing for the exclusive cargo.
  #17 [DONE] ontop(die.n.01_1, cabinet.n.01_3)
      plan: wait(600)
      you chose it because: The die is exclusively held by drone_1 from another team, so I avoid an unnecessary competing approach and wait.
  #19 [DONE] ontop(die.n.01_1, bed.n.01_2)
      plan: wait(600)
      you chose it because: Wait while drone_3 independently carries the die from the completed cabinet.n.01_3 route support to bed.n.01_2; my base locks while holding, so I should not duplicate the transport.

--- jackal_3 ---
Its current plan: ontop(die.n.01_1, bed.n.01_2) [success]
YOUR FINISHED PLANS (most recent last):
  #15 [DONE] ontop(die.n.01_1, cabinet.n.01_2)
      plan: wait(300)
      you chose it because: As an empty carrier with no arm, I cannot place the die. I wait while drone_3 completes the cabinet placement.
  #16 [DONE] ontop(die.n.01_1, cabinet.n.01_3)
      plan: wait(600)
      you chose it because: The cargo is already being handled by drone_1; as an empty carrier I wait rather than duplicate the transport.
  #18 [DONE] ontop(die.n.01_1, bed.n.01_2)
      plan: wait(600)
      you chose it because: Remain idle as an empty carrier; drone_3 can carry and place the die without a carrier, so no handoff is needed.

--- drone_3 ---
Its current plan: wait_for_team(team_3) [interrupted]
YOUR FINISHED PLANS (most recent last):
  #10 [DONE] ontop(die.n.01_1, cabinet.n.01_2)
      plan: place_on_top(cabinet.n.01_2)
      you chose it because: I already hold the die and am within reach of the NEXT support, cabinet.n.01_2. I place it directly; the cabinet is open but placing on top is available, and closing while holding would fail.
  #12 [DONE] ontop(die.n.01_1, cabinet.n.01_3)
      plan: wait(600)
      you chose it because: Another team's drone holds the exclusive die, so I wait and do not contest it.
  #13 [DONE] ontop(die.n.01_1, bed.n.01_2)
      plan: navigate_to(cabinet.n.01_3) -> grasp(die.n.01_1) -> navigate_to(bed.n.01_2) -> place_on_top(bed.n.01_2)
      you chose it because: I assign drone_3 the active transport because it can lift and carry the die independently. It retrieves the die from the completed cabinet.n.01_3 support and places it on the NEXT support bed.n.01_2.

Return exactly 3 plans, one per robot, using each robot's own ids. Say in `reasoning` how you divided the work.
-------------------------------------- COMPLETION --------------------------------------
  plans:
    [1]
      agent_id: ridgeback_3
      task:
        task: Task.ONTOP
        object_type: die.n.01_1
        object_id: 1
        reference: bed.n.01_1
      actions:
        [1]
          action_type: wait
          ticks: 600
      reasoning: The drone can independently carry the die, so I wait and avoid competing for the exclusive cargo.
    [2]
      agent_id: jackal_3
      task:
        task: Task.ONTOP
        object_type: die.n.01_1
        object_id: 1
        reference: bed.n.01_1
      actions:
        [1]
          action_type: wait
          ticks: 600
      reasoning: As an empty carrier without an arm, I cannot place the die; I wait while drone_3 completes the final transport.
    [3]
      agent_id: drone_3
      task:
        task: Task.ONTOP
        object_type: die.n.01_1
        object_id: 1
        reference: bed.n.01_1
      actions:
        [1]
          action_type: navigate_to
          target: die.n.01_1
        [2]
          action_type: grasp
          target: die.n.01_1
        [3]
          action_type: navigate_to
          target: bed.n.01_1
        [4]
          action_type: place_on_top
          target: bed.n.01_1
      reasoning: I assign the final leg to drone_3 because the die is on the nearby completed bed.n.01_2 and the drone can lift and carry it without a carrier. I retrieve it and place it on the NEXT support, bed.n.01_1 in the child's room.
  reasoning: Drone_3 performs the final die transport because it can carry the die autonomously. Ridgeback_3 and jackal_3 wait rather than duplicate the exclusive cargo; ridgeback_3 would also have a locked base while holding.
====================================================================================================
#34  ridgeback_2  env_step 5732  t=527.04s  Team Plan Generation [team_2]
  usage: 6590 tokens (prompt 5972, completion 618)
---------------------------------- PROMPT / SYSTEM ----------------------------------
## 1. YOUR ROLE
You command TEAM 'team_2' -- 3 robots (ridgeback_2, jackal_2, drone_2) -- in a multi-agent
cooperative household task, alongside other teams doing the same. You are the
TEAM CONTROLLER: you are given all 3 robots' observations in one call and
answer with one plan per robot, in that same call.

- Divide the work. Two robots sent to the same object waste one of them: the
  loser burns the whole trip and its grasp fails with OBJECT_CLAIMED.
- Your robots start their plans together and you are not asked again until
  every one of them has finished. A robot that finishes early holds position
  and does nothing useful, so plans of wildly different lengths waste the
  short ones.
- Other teams are driven by their own controllers, not by you. You coordinate
  with them only through the messages quoted in this prompt.
- At the end of the prompt are each robot's last few plans, with their
  actions and how each ended, and the messages this team has sent and
  received. A plan that failed for a reason that still holds will fail the
  same way again, and a question you already asked has its answer in the
  record.

PLAN RESPONSE:
- Return a structured plan for EVERY robot listed above, one each, tagged with
  that robot's agent_id.
- Give each robot one task and at most 6 actions; 3-6 short
  executable actions are usually enough.
- Use exact item_id values from that robot's own section of the prompt.
- Say in the team-level `reasoning` how you divided the work between them.

## 2. ENVIRONMENT RULES
Your robots act through high-level primitives, not joint commands. Each one
takes many simulation steps: driving across a room costs 30 ticks per metre, so
distance is the main cost you control. None of them can see -- each is given a
symbolic description of the room it is standing in, and only that room, and
those descriptions are listed below one robot at a time.

Rules that decide whether an action succeeds:
- To grasp, place, open or toggle an object a robot must be closer to it than
  that object's own distance threshold; beyond it the action fails with TOO_FAR.
  Each object in a robot's room listing carries what that robot can do to it
  after "->", and a distance in metres ONLY when it is out of range -- no
  distance means that robot is already close enough to act on it now.
- An out-of-range object is marked "unreachable" and offers navigate_to and
  NOTHING else. No robot can grasp, place, open or toggle an unreachable
  object, however close it looks in the room listing: it must navigate_to it
  first.
- If a robot has nothing useful to do right now -- another robot is already
  handling the only target it could work on, or it is waiting on something to
  finish -- give it wait rather than acting anyway. wait holds its position for
  the number of ticks you give it, during which the others make progress.
- One object at a time per robot: grasp needs an empty gripper, place needs a
  full one.
- Objects are exclusive, including between your own robots. If anyone is
  holding something, a grasp for it fails with "held by <agent>". Sending two
  robots after one target costs the loser the whole trip for nothing.
- Some tasks are a route: THE TEAM'S TASK lists supports the cargo must rest on
  in order, marked done / NEXT. Only the NEXT support counts when the cargo is
  placed on it; a support reached out of order does not count and costs
  nothing -- progress resumes when NEXT holds. Progress is judged on where the
  cargo rests, not on what a robot intended.
- Every id in THE TEAM'S TASK is a valid navigate_to target for any robot from
  ANY room, even when it is not in that robot's listing: navigate_to(<that id>)
  drives it there, through the house, and its next listing shows that room.
  That is how a robot changes rooms. The cargo is where the task says it
  starts (or on the last support marked done) -- send a robot there; it will
  not be found where the robots stand.
- The line "Rooms in this house" names every room. navigate_to(<room name>)
  drives a robot to a free spot inside that room, so it can reach a room whose
  objects it cannot name yet, or go and look for something.
- Refer to objects only by the ids in that robot's own room listing, which are
  the objects in the room it is standing in. They look like apple.n.01_1. Never
  invent one, and never give one robot an id that appeared only under another
  robot -- it is in a room that robot cannot see.
- An entry marked "blocked" is in that room but currently unavailable -- the
  bracketed note says why.

When an action fails, that robot's plan is abandoned. You are told the failure
reason the next time you are asked -- read it before replanning: it tells you
whether that robot should wait, approach, or pick a different target.

## 3. ROBOT CAPABILITIES
Three kinds of robot. A robot's kind is on its own header ("(drone)") and on
its line in a teammate's listing ("[carrier, ...]", "[base locks while
holding]", "[drone]").

ARM -- a robot with a gripper: grasp, place_on_top, release, open/close,
toggle, load_onto, unload_from, navigate_to, wait.
- Some arms' bases LOCK while the gripper is loaded, and navigate_to then fails
  with BASE_LOCKED; such a robot cannot deliver what it picks up. Have it load
  the object onto a carrier robot with load_onto, let the carrier drive, and
  have an arm take it back at the far end with unload_from. Both actions name
  the *carrier* as their target and need the two robots within reach of each
  other. This is a division of labour, not a detour: it is why a task can need
  more than one of your robots.
- ONLY a robot marked [base locks while holding] needs a carrier. Any other
  robot that can grasp -- a drone, an unmarked arm -- carries what it holds by
  itself: grasp, navigate_to the support, place_on_top, done. A drone that can
  lift the cargo needs nobody: routing its cargo through a carrier and back is
  a detour that costs two extra actions and a round of waiting for nothing.
  Use the carrier for the base-locked robot's legs, and only for those.

CARRIER -- a robot with no arm: cargo rides on its back.
- A carrier and what it is carrying are ONE line in that robot's room listing:

    - agent_1  (teammate)  [carrier, carrying box.n.01_1]  -> unload_from

  The cargo has no line of its own and cannot be grasped where it sits.
  unload_from(agent_1) takes it off that carrier's back and into the acting
  robot's hand; load_onto(agent_1) puts what that robot holds onto it. Both
  name the carrier, both need the two robots within reach of each other, and
  unload_from is the only way to get cargo back.
- **A carrier has no arm**, so give it navigate_to and wait and nothing else:
  no grasp, no place, no release, no load_onto or unload_from -- those are done
  *to* it by a robot that does have a hand. Its own section lists its load on
  an "On your back:" line, and it cannot put that down itself. Its job is to
  drive to where an arm is waiting, which is the whole reason a task needs two
  of them.

DRONE -- flies, holds its load under a suction mount, and its base never locks:
it carries what it grasps by itself.
- What a drone may lift is limited. The drone cannot lift the notebook. A
  robot tagged [drone] can grasp and carry the die (die.n.01_1) but NOT the
  notebook (notebook.n.01_1): grasp or unload_from on it fails with
  CANNOT_LIFT, and getting closer does not change that. Only a robot with an
  arm can lift the notebook, so give that leg to an arm; this division of
  labour is what the task is built around.

THIS TEAM'S ROBOTS:
  - ridgeback_2: ARM, base LOCKS while holding (needs a carrier to move cargo)
  - jackal_2: CARRIER (no arm; navigate_to and wait only)
  - drone_2: DRONE (flies, carries what it holds; see the lift table)

WHO MAY LIFT WHAT (this activity):
  - die.n.01: arm, drone

## 4. COOPERATION MODE: INDIVIDUAL
Every team plans for itself. No team sends or receives messages; you learn
what the other teams are doing only from what your robots see (a teammate of
another team in the listing, an object held by one of its robots). Do not
wait for others to speak. When another team already holds the cargo, give
your robots something else or wait.
---------------------------------- PROMPT / USER ----------------------------------
=== STEP 5732 ===

## 6. OBSERVATIONS -- TEAM team_2 (3 robots)

THE TEAM'S TASK (the same for every robot), in the ids it is written in:
  Move die.n.01_1, in this order, onto: the cabinet in the child's room, the bookcase in the kitchen, the refrigerator in the kitchen, the armchair in the dining room, the breakfast table in the dining room, the coffee table in the living room, the cabinet in the living room, the cabinet in the bedroom, the bed in the bedroom, the bed in the child's room.
Route S1-M5, carry die.n.01_1 through these in order:
  done  C1  ontop(die.n.01_1, cabinet.n.01_1)
  done  C2  ontop(die.n.01_1, bookcase.n.01_1)
  done  C3  ontop(die.n.01_1, electric_refrigerator.n.01_1)
  done  C4  ontop(die.n.01_1, armchair.n.01_1)
  done  C5  ontop(die.n.01_1, breakfast_table.n.01_1)
  done  C6  ontop(die.n.01_1, coffee_table.n.01_1)
  done  C7  ontop(die.n.01_1, cabinet.n.01_2)
  done  C8  ontop(die.n.01_1, cabinet.n.01_3)
  done  C9  ontop(die.n.01_1, bed.n.01_2)
  NEXT  D   ontop(die.n.01_1, bed.n.01_1)
A support reached out of order does not count, and nothing is lost by it: progress resumes when the NEXT one holds.

=== ROBOT ridgeback_2 ===
Step 5732/8000 | you are ridgeback_2 in living_room_0 (a living room)
Rooms in this house (navigate_to any of them): bathroom_0, bedroom_0, childs_room_0, closet_0, closet_1, corridor_0, dining_room_0, empty_room_0, empty_room_1, kitchen_0, living_room_0, staircase_0
Holding: nothing

living_room_0:
  - cabinet.n.01_2  Open  -> unreachable, navigate_to  [2.1 m away]
  - coffee_table.n.01_1  -> grasp, navigate_to
  - jackal_1  (teammate)  [carrier, empty]  -> navigate_to
  - jackal_2  (teammate)  [carrier, empty]  -> navigate_to
  - jackal_3  (teammate)  [carrier, empty]  -> navigate_to
  - ridgeback_1  (teammate)  [base locks while holding]
  - ridgeback_3  (teammate)  [base locks while holding]

=== ROBOT jackal_2 ===
Step 5732/8000 | you are jackal_2 in living_room_0 (a living room)
Rooms in this house (navigate_to any of them): bathroom_0, bedroom_0, childs_room_0, closet_0, closet_1, corridor_0, dining_room_0, empty_room_0, empty_room_1, kitchen_0, living_room_0, staircase_0
Holding: nothing

living_room_0:
  - cabinet.n.01_2  Open  -> unreachable, navigate_to  [2.1 m away]
  - coffee_table.n.01_1  -> unreachable, navigate_to  [1.9 m away]
  - jackal_1  (teammate)  [carrier, empty]
  - jackal_3  (teammate)  [carrier, empty]
  - ridgeback_1  (teammate)  [base locks while holding]
  - ridgeback_2  (teammate)  [base locks while holding]
  - ridgeback_3  (teammate)  [base locks while holding]

=== ROBOT drone_2 ===
Step 5732/8000 | you are drone_2 (drone) in bedroom_0 (a bedroom)
Rooms in this house (navigate_to any of them): bathroom_0, bedroom_0, childs_room_0, closet_0, closet_1, corridor_0, dining_room_0, empty_room_0, empty_room_1, kitchen_0, living_room_0, staircase_0
Holding: nothing

bedroom_0:
  - bed.n.01_2  -> grasp, navigate_to
  - cabinet.n.01_3  -> grasp, navigate_to, open  [Open is False]
  - die.n.01_1  -> unreachable, navigate_to  [1.3 m away]
  - drone_1  (teammate)  [drone]
  - drone_3  (teammate)  [drone]

Relations:
  ontop(die.n.01_1, bed.n.01_2)

## 9. ACTION HISTORY AND FAILURES
--- ridgeback_2 ---
Its current plan: wait_for_team(team_2) [interrupted]
YOUR FINISHED PLANS (most recent last):
  #18 [DONE] ontop(die.n.01_1, cabinet.n.01_2)
      plan: wait(600)
      you chose it because: The die is exclusively held by drone_3, so I avoid a competing grasp and wait while the current team advances it.
  #20 [DONE] ontop(die.n.01_1, cabinet.n.01_3)
      plan: wait(600)
      you chose it because: The die is exclusively held by drone_1 from another team, so I wait rather than competing for it or making an ineffective approach.
  #22 [DONE] ontop(die.n.01_1, bed.n.01_2)
      plan: wait(600)
      you chose it because: The drone can lift and carry the die without a carrier; I wait to avoid competing for the exclusive cargo.

--- jackal_2 ---
Its current plan: ontop(die.n.01_1, bed.n.01_2) [success]
YOUR FINISHED PLANS (most recent last):
  #15 [DONE] ontop(die.n.01_1, cabinet.n.01_2)
      plan: wait(600)
      you chose it because: As a carrier without an arm, I cannot act while drone_3 holds the die; I wait for the exclusive transfer to finish.
  #17 [DONE] ontop(die.n.01_1, cabinet.n.01_3)
      plan: wait(600)
      you chose it because: As the carrier without an arm, I cannot manipulate the die, which is currently held by drone_1; I wait for the other team to complete the next route transfer.
  #19 [DONE] ontop(die.n.01_1, bed.n.01_2)
      plan: wait(600)
      you chose it because: As a carrier without an arm, I cannot manipulate the die independently, so I wait while the drone performs the next route leg.

--- drone_2 ---
Its current plan: wait_for_team(team_2) [interrupted]
YOUR FINISHED PLANS (most recent last):
  #12 [DONE] ontop(die.n.01_1, cabinet.n.01_2)
      plan: wait(600)
      you chose it because: Another team's drone currently holds the die, so attempting to grasp it would fail. I wait rather than duplicating their work.
  #13 [DONE] ontop(die.n.01_1, cabinet.n.01_3)
      plan: wait(600)
      you chose it because: The die is exclusively held by drone_1, so I avoid a guaranteed OBJECT_CLAIMED grasp and wait while that team advances the route.
  #14 [FAILED] ontop(die.n.01_1, bed.n.01_2)
      plan: navigate_to(cabinet.n.01_3) -> grasp(die.n.01_1) -> navigate_to(bed.n.01_2) -> place_on_top(bed.n.01_2)
      you chose it because: The die has completed the cabinet.n.01_3 support and the next required support is bed.n.01_2. I alone can lift and carry the die without base-lock or carrier overhead.
      it failed because: grasp: An error occurred during each attempt of this action. Attempt 0: PRE_CONDITION_ERROR: You are 1.08 m from dice_154, too far to grasp it (you must be within 0.90 m). Navigate to it first.. Ad...

Return exactly 3 plans, one per robot, using each robot's own ids. Say in `reasoning` how you divided the work.
-------------------------------------- COMPLETION --------------------------------------
  plans:
    [1]
      agent_id: ridgeback_2
      task:
        task: Task.ONTOP
        object_type: die.n.01_1
        object_id: 1
        reference: bed.n.01_1
      actions:
        [1]
          action_type: wait
          ticks: 600
      reasoning: The drone can carry the die independently, so I wait and avoid competing for the exclusive cargo.
    [2]
      agent_id: jackal_2
      task:
        task: Task.ONTOP
        object_type: die.n.01_1
        object_id: 1
        reference: bed.n.01_1
      actions:
        [1]
          action_type: wait
          ticks: 600
      reasoning: As a carrier without an arm, I cannot manipulate the die; I wait while the drone completes the final route leg.
    [3]
      agent_id: drone_2
      task:
        task: Task.ONTOP
        object_type: die.n.01_1
        object_id: 1
        reference: bed.n.01_1
      actions:
        [1]
          action_type: navigate_to
          target: die.n.01_1
        [2]
          action_type: grasp
          target: die.n.01_1
        [3]
          action_type: navigate_to
          target: bed.n.01_1
        [4]
          action_type: place_on_top
          target: bed.n.01_1
      reasoning: I am the available robot that can lift and carry the die without a carrier. I first approach the die to satisfy its 0.90 m grasp range, then carry it from the bedroom to the next required support, the bed in the child's room.
  reasoning: The die is exclusively on the completed bed.n.01_2 support and the next required support is bed.n.01_1. drone_2 handles the entire final carry because drones can lift and move the die without base-locking; ridgeback_2 and jackal_2 wait rather than duplicate the exclusive cargo task.
====================================================================================================
#35  ridgeback_1  env_step 6155  t=549.021s  Team Plan Generation [team_1]
  usage: 6667 tokens (prompt 6028, completion 639)
---------------------------------- PROMPT / SYSTEM ----------------------------------
## 1. YOUR ROLE
You command TEAM 'team_1' -- 3 robots (ridgeback_1, jackal_1, drone_1) -- in a multi-agent
cooperative household task, alongside other teams doing the same. You are the
TEAM CONTROLLER: you are given all 3 robots' observations in one call and
answer with one plan per robot, in that same call.

- Divide the work. Two robots sent to the same object waste one of them: the
  loser burns the whole trip and its grasp fails with OBJECT_CLAIMED.
- Your robots start their plans together and you are not asked again until
  every one of them has finished. A robot that finishes early holds position
  and does nothing useful, so plans of wildly different lengths waste the
  short ones.
- Other teams are driven by their own controllers, not by you. You coordinate
  with them only through the messages quoted in this prompt.
- At the end of the prompt are each robot's last few plans, with their
  actions and how each ended, and the messages this team has sent and
  received. A plan that failed for a reason that still holds will fail the
  same way again, and a question you already asked has its answer in the
  record.

PLAN RESPONSE:
- Return a structured plan for EVERY robot listed above, one each, tagged with
  that robot's agent_id.
- Give each robot one task and at most 6 actions; 3-6 short
  executable actions are usually enough.
- Use exact item_id values from that robot's own section of the prompt.
- Say in the team-level `reasoning` how you divided the work between them.

## 2. ENVIRONMENT RULES
Your robots act through high-level primitives, not joint commands. Each one
takes many simulation steps: driving across a room costs 30 ticks per metre, so
distance is the main cost you control. None of them can see -- each is given a
symbolic description of the room it is standing in, and only that room, and
those descriptions are listed below one robot at a time.

Rules that decide whether an action succeeds:
- To grasp, place, open or toggle an object a robot must be closer to it than
  that object's own distance threshold; beyond it the action fails with TOO_FAR.
  Each object in a robot's room listing carries what that robot can do to it
  after "->", and a distance in metres ONLY when it is out of range -- no
  distance means that robot is already close enough to act on it now.
- An out-of-range object is marked "unreachable" and offers navigate_to and
  NOTHING else. No robot can grasp, place, open or toggle an unreachable
  object, however close it looks in the room listing: it must navigate_to it
  first.
- If a robot has nothing useful to do right now -- another robot is already
  handling the only target it could work on, or it is waiting on something to
  finish -- give it wait rather than acting anyway. wait holds its position for
  the number of ticks you give it, during which the others make progress.
- One object at a time per robot: grasp needs an empty gripper, place needs a
  full one.
- Objects are exclusive, including between your own robots. If anyone is
  holding something, a grasp for it fails with "held by <agent>". Sending two
  robots after one target costs the loser the whole trip for nothing.
- Some tasks are a route: THE TEAM'S TASK lists supports the cargo must rest on
  in order, marked done / NEXT. Only the NEXT support counts when the cargo is
  placed on it; a support reached out of order does not count and costs
  nothing -- progress resumes when NEXT holds. Progress is judged on where the
  cargo rests, not on what a robot intended.
- Every id in THE TEAM'S TASK is a valid navigate_to target for any robot from
  ANY room, even when it is not in that robot's listing: navigate_to(<that id>)
  drives it there, through the house, and its next listing shows that room.
  That is how a robot changes rooms. The cargo is where the task says it
  starts (or on the last support marked done) -- send a robot there; it will
  not be found where the robots stand.
- The line "Rooms in this house" names every room. navigate_to(<room name>)
  drives a robot to a free spot inside that room, so it can reach a room whose
  objects it cannot name yet, or go and look for something.
- Refer to objects only by the ids in that robot's own room listing, which are
  the objects in the room it is standing in. They look like apple.n.01_1. Never
  invent one, and never give one robot an id that appeared only under another
  robot -- it is in a room that robot cannot see.
- An entry marked "blocked" is in that room but currently unavailable -- the
  bracketed note says why.

When an action fails, that robot's plan is abandoned. You are told the failure
reason the next time you are asked -- read it before replanning: it tells you
whether that robot should wait, approach, or pick a different target.

## 3. ROBOT CAPABILITIES
Three kinds of robot. A robot's kind is on its own header ("(drone)") and on
its line in a teammate's listing ("[carrier, ...]", "[base locks while
holding]", "[drone]").

ARM -- a robot with a gripper: grasp, place_on_top, release, open/close,
toggle, load_onto, unload_from, navigate_to, wait.
- Some arms' bases LOCK while the gripper is loaded, and navigate_to then fails
  with BASE_LOCKED; such a robot cannot deliver what it picks up. Have it load
  the object onto a carrier robot with load_onto, let the carrier drive, and
  have an arm take it back at the far end with unload_from. Both actions name
  the *carrier* as their target and need the two robots within reach of each
  other. This is a division of labour, not a detour: it is why a task can need
  more than one of your robots.
- ONLY a robot marked [base locks while holding] needs a carrier. Any other
  robot that can grasp -- a drone, an unmarked arm -- carries what it holds by
  itself: grasp, navigate_to the support, place_on_top, done. A drone that can
  lift the cargo needs nobody: routing its cargo through a carrier and back is
  a detour that costs two extra actions and a round of waiting for nothing.
  Use the carrier for the base-locked robot's legs, and only for those.

CARRIER -- a robot with no arm: cargo rides on its back.
- A carrier and what it is carrying are ONE line in that robot's room listing:

    - agent_1  (teammate)  [carrier, carrying box.n.01_1]  -> unload_from

  The cargo has no line of its own and cannot be grasped where it sits.
  unload_from(agent_1) takes it off that carrier's back and into the acting
  robot's hand; load_onto(agent_1) puts what that robot holds onto it. Both
  name the carrier, both need the two robots within reach of each other, and
  unload_from is the only way to get cargo back.
- **A carrier has no arm**, so give it navigate_to and wait and nothing else:
  no grasp, no place, no release, no load_onto or unload_from -- those are done
  *to* it by a robot that does have a hand. Its own section lists its load on
  an "On your back:" line, and it cannot put that down itself. Its job is to
  drive to where an arm is waiting, which is the whole reason a task needs two
  of them.

DRONE -- flies, holds its load under a suction mount, and its base never locks:
it carries what it grasps by itself.
- What a drone may lift is limited. The drone cannot lift the notebook. A
  robot tagged [drone] can grasp and carry the die (die.n.01_1) but NOT the
  notebook (notebook.n.01_1): grasp or unload_from on it fails with
  CANNOT_LIFT, and getting closer does not change that. Only a robot with an
  arm can lift the notebook, so give that leg to an arm; this division of
  labour is what the task is built around.

THIS TEAM'S ROBOTS:
  - ridgeback_1: ARM, base LOCKS while holding (needs a carrier to move cargo)
  - jackal_1: CARRIER (no arm; navigate_to and wait only)
  - drone_1: DRONE (flies, carries what it holds; see the lift table)

WHO MAY LIFT WHAT (this activity):
  - die.n.01: arm, drone

## 4. COOPERATION MODE: INDIVIDUAL
Every team plans for itself. No team sends or receives messages; you learn
what the other teams are doing only from what your robots see (a teammate of
another team in the listing, an object held by one of its robots). Do not
wait for others to speak. When another team already holds the cargo, give
your robots something else or wait.
---------------------------------- PROMPT / USER ----------------------------------
=== STEP 6155 ===

## 6. OBSERVATIONS -- TEAM team_1 (3 robots)

THE TEAM'S TASK (the same for every robot), in the ids it is written in:
  Move die.n.01_1, in this order, onto: the cabinet in the child's room, the bookcase in the kitchen, the refrigerator in the kitchen, the armchair in the dining room, the breakfast table in the dining room, the coffee table in the living room, the cabinet in the living room, the cabinet in the bedroom, the bed in the bedroom, the bed in the child's room.
Route S1-M5, carry die.n.01_1 through these in order:
  done  C1  ontop(die.n.01_1, cabinet.n.01_1)
  done  C2  ontop(die.n.01_1, bookcase.n.01_1)
  done  C3  ontop(die.n.01_1, electric_refrigerator.n.01_1)
  done  C4  ontop(die.n.01_1, armchair.n.01_1)
  done  C5  ontop(die.n.01_1, breakfast_table.n.01_1)
  done  C6  ontop(die.n.01_1, coffee_table.n.01_1)
  done  C7  ontop(die.n.01_1, cabinet.n.01_2)
  done  C8  ontop(die.n.01_1, cabinet.n.01_3)
  done  C9  ontop(die.n.01_1, bed.n.01_2)
  NEXT  D   ontop(die.n.01_1, bed.n.01_1)
A support reached out of order does not count, and nothing is lost by it: progress resumes when the NEXT one holds.

=== ROBOT ridgeback_1 ===
Step 6155/8000 | you are ridgeback_1 in living_room_0 (a living room)
Rooms in this house (navigate_to any of them): bathroom_0, bedroom_0, childs_room_0, closet_0, closet_1, corridor_0, dining_room_0, empty_room_0, empty_room_1, kitchen_0, living_room_0, staircase_0
Holding: nothing

living_room_0:
  - cabinet.n.01_2  Open  -> unreachable, navigate_to  [2.6 m away]
  - coffee_table.n.01_1  -> grasp, navigate_to
  - jackal_1  (teammate)  [carrier, empty]  -> navigate_to
  - jackal_2  (teammate)  [carrier, empty]  -> navigate_to
  - jackal_3  (teammate)  [carrier, empty]  -> unreachable, navigate_to  [1.7 m away]
  - ridgeback_2  (teammate)  [base locks while holding]
  - ridgeback_3  (teammate)  [base locks while holding]

=== ROBOT jackal_1 ===
Step 6155/8000 | you are jackal_1 in living_room_0 (a living room)
Rooms in this house (navigate_to any of them): bathroom_0, bedroom_0, childs_room_0, closet_0, closet_1, corridor_0, dining_room_0, empty_room_0, empty_room_1, kitchen_0, living_room_0, staircase_0
Holding: nothing

living_room_0:
  - cabinet.n.01_2  Open  -> unreachable, navigate_to  [3.2 m away]
  - coffee_table.n.01_1  -> navigate_to
  - jackal_2  (teammate)  [carrier, empty]
  - jackal_3  (teammate)  [carrier, empty]
  - ridgeback_1  (teammate)  [base locks while holding]
  - ridgeback_2  (teammate)  [base locks while holding]
  - ridgeback_3  (teammate)  [base locks while holding]

=== ROBOT drone_1 ===
Step 6155/8000 | you are drone_1 (drone) in bedroom_0 (a bedroom)
Rooms in this house (navigate_to any of them): bathroom_0, bedroom_0, childs_room_0, closet_0, closet_1, corridor_0, dining_room_0, empty_room_0, empty_room_1, kitchen_0, living_room_0, staircase_0
Holding: nothing

bedroom_0:
  - bed.n.01_2  -> grasp, navigate_to
  - cabinet.n.01_3  -> unreachable, navigate_to  [3.7 m away]
  - die.n.01_1  -> unreachable, navigate_to  [2.0 m away]
  - drone_2  (teammate)  [drone]
  - drone_3  (teammate)  [drone]

Relations:
  ontop(die.n.01_1, bed.n.01_2)

## 9. ACTION HISTORY AND FAILURES
--- ridgeback_1 ---
Its current plan: wait_for_team(team_1) [interrupted]
YOUR FINISHED PLANS (most recent last):
  #18 [DONE] ontop(die.n.01_1, cabinet.n.01_3)
      plan: wait(600)
      you chose it because: The drone can carry the die directly without a locked-base carrier; I wait and avoid competing for the shared die.
  #20 [DONE] ontop(die.n.01_1, bed.n.01_2)
      plan: wait(600)
      you chose it because: The drone is the only robot positioned to continue the die route, so I wait and avoid competing for the shared cargo.
  #22 [DONE] ontop(die.n.01_1, bed.n.01_1)
      plan: wait(600)
      you chose it because: The drone is already positioned in the bedroom and can carry the die directly; I wait to avoid competing for the shared cargo.

--- jackal_1 ---
Its current plan: ontop(die.n.01_1, bed.n.01_1) [success]
YOUR FINISHED PLANS (most recent last):
  #13 [DONE] ontop(die.n.01_1, cabinet.n.01_3)
      plan: wait(600)
      you chose it because: As a carrier without an arm, I am not needed for the drone's direct transport, so I wait.
  #14 [DONE] ontop(die.n.01_1, bed.n.01_2)
      plan: wait(600)
      you chose it because: As a carrier without an arm, I cannot handle the die independently; I wait while the drone performs the next route leg.
  #15 [DONE] ontop(die.n.01_1, bed.n.01_1)
      plan: wait(600)
      you chose it because: As a carrier without an arm, I cannot manipulate the die, so I wait while the drone completes the final route leg.

--- drone_1 ---
Its current plan: wait_for_team(team_1) [interrupted]
YOUR FINISHED PLANS (most recent last):
  #14 [DONE] ontop(die.n.01_1, cabinet.n.01_3)
      plan: navigate_to(die.n.01_1) -> grasp(die.n.01_1) -> navigate_to(cabinet.n.01_3) -> place_on_top(cabinet.n.01_3)
      you chose it because: I alone retrieve the die from the completed cabinet.n.01_2 support and fly it to the NEXT support, cabinet.n.01_3, in the bedroom.
  #16 [DONE] ontop(die.n.01_1, bed.n.01_2)
      plan: grasp(die.n.01_1) -> navigate_to(bed.n.01_2) -> place_on_top(bed.n.01_2)
      you chose it because: I retrieve the die from the completed cabinet.n.01_3 support and fly it directly to the NEXT support, bed.n.01_2.
  #18 [FAILED] ontop(die.n.01_1, bed.n.01_1)
      plan: navigate_to(die.n.01_1) -> grasp(die.n.01_1) -> navigate_to(bed.n.01_1) -> place_on_top(bed.n.01_1)
      you chose it because: The die is on the completed bedroom bed.n.01_2, and I will retrieve it and fly it to the NEXT support, bed.n.01_1 in the child's room.
      it failed because: navigate_to: An error occurred during each attempt of this action. Attempt 0: PLANNING_ERROR: Cannot reach dice_154: there is no free floor space around it to stand on (need a spot 0.2-0.8 m away, ...

Return exactly 3 plans, one per robot, using each robot's own ids. Say in `reasoning` how you divided the work.
-------------------------------------- COMPLETION --------------------------------------
  plans:
    [1]
      agent_id: ridgeback_1
      task:
        task: Task.ONTOP
        object_type: die.n.01_1
        object_id: 1
        reference: bed.n.01_1
      actions:
        [1]
          action_type: wait
          ticks: 600
      reasoning: The drone is the only team member able to directly carry the die through the final leg; I wait and avoid competing for the cargo.
    [2]
      agent_id: jackal_1
      task:
        task: Task.ONTOP
        object_type: die.n.01_1
        object_id: 1
        reference: bed.n.01_1
      actions:
        [1]
          action_type: wait
          ticks: 600
      reasoning: As a carrier without an arm, I cannot manipulate the die, so I wait while the drone completes the final route leg.
    [3]
      agent_id: drone_1
      task:
        task: Task.ONTOP
        object_type: die.n.01_1
        object_id: 1
        reference: bed.n.01_1
      actions:
        [1]
          action_type: navigate_to
          target: bed.n.01_2
        [2]
          action_type: grasp
          target: die.n.01_1
        [3]
          action_type: navigate_to
          target: bed.n.01_1
        [4]
          action_type: place_on_top
          target: bed.n.01_1
      reasoning: The die is resting on bed.n.01_2, but navigating directly to it failed because there was no free standing space. I first approach the bed, grasp the die from that reachable position, then fly to the NEXT support, bed.n.01_1, and place it there.
  reasoning: The drone handles the final die transfer because it can carry the die independently and the locked-base arm and carrier cannot manipulate it. The arm and carrier wait so they do not contest the exclusive cargo.
====================================================================================================
#36  ridgeback_3  env_step 6322  t=562.517s  Team Plan Generation [team_3]
  usage: 6704 tokens (prompt 6040, completion 664)
---------------------------------- PROMPT / SYSTEM ----------------------------------
## 1. YOUR ROLE
You command TEAM 'team_3' -- 3 robots (ridgeback_3, jackal_3, drone_3) -- in a multi-agent
cooperative household task, alongside other teams doing the same. You are the
TEAM CONTROLLER: you are given all 3 robots' observations in one call and
answer with one plan per robot, in that same call.

- Divide the work. Two robots sent to the same object waste one of them: the
  loser burns the whole trip and its grasp fails with OBJECT_CLAIMED.
- Your robots start their plans together and you are not asked again until
  every one of them has finished. A robot that finishes early holds position
  and does nothing useful, so plans of wildly different lengths waste the
  short ones.
- Other teams are driven by their own controllers, not by you. You coordinate
  with them only through the messages quoted in this prompt.
- At the end of the prompt are each robot's last few plans, with their
  actions and how each ended, and the messages this team has sent and
  received. A plan that failed for a reason that still holds will fail the
  same way again, and a question you already asked has its answer in the
  record.

PLAN RESPONSE:
- Return a structured plan for EVERY robot listed above, one each, tagged with
  that robot's agent_id.
- Give each robot one task and at most 6 actions; 3-6 short
  executable actions are usually enough.
- Use exact item_id values from that robot's own section of the prompt.
- Say in the team-level `reasoning` how you divided the work between them.

## 2. ENVIRONMENT RULES
Your robots act through high-level primitives, not joint commands. Each one
takes many simulation steps: driving across a room costs 30 ticks per metre, so
distance is the main cost you control. None of them can see -- each is given a
symbolic description of the room it is standing in, and only that room, and
those descriptions are listed below one robot at a time.

Rules that decide whether an action succeeds:
- To grasp, place, open or toggle an object a robot must be closer to it than
  that object's own distance threshold; beyond it the action fails with TOO_FAR.
  Each object in a robot's room listing carries what that robot can do to it
  after "->", and a distance in metres ONLY when it is out of range -- no
  distance means that robot is already close enough to act on it now.
- An out-of-range object is marked "unreachable" and offers navigate_to and
  NOTHING else. No robot can grasp, place, open or toggle an unreachable
  object, however close it looks in the room listing: it must navigate_to it
  first.
- If a robot has nothing useful to do right now -- another robot is already
  handling the only target it could work on, or it is waiting on something to
  finish -- give it wait rather than acting anyway. wait holds its position for
  the number of ticks you give it, during which the others make progress.
- One object at a time per robot: grasp needs an empty gripper, place needs a
  full one.
- Objects are exclusive, including between your own robots. If anyone is
  holding something, a grasp for it fails with "held by <agent>". Sending two
  robots after one target costs the loser the whole trip for nothing.
- Some tasks are a route: THE TEAM'S TASK lists supports the cargo must rest on
  in order, marked done / NEXT. Only the NEXT support counts when the cargo is
  placed on it; a support reached out of order does not count and costs
  nothing -- progress resumes when NEXT holds. Progress is judged on where the
  cargo rests, not on what a robot intended.
- Every id in THE TEAM'S TASK is a valid navigate_to target for any robot from
  ANY room, even when it is not in that robot's listing: navigate_to(<that id>)
  drives it there, through the house, and its next listing shows that room.
  That is how a robot changes rooms. The cargo is where the task says it
  starts (or on the last support marked done) -- send a robot there; it will
  not be found where the robots stand.
- The line "Rooms in this house" names every room. navigate_to(<room name>)
  drives a robot to a free spot inside that room, so it can reach a room whose
  objects it cannot name yet, or go and look for something.
- Refer to objects only by the ids in that robot's own room listing, which are
  the objects in the room it is standing in. They look like apple.n.01_1. Never
  invent one, and never give one robot an id that appeared only under another
  robot -- it is in a room that robot cannot see.
- An entry marked "blocked" is in that room but currently unavailable -- the
  bracketed note says why.

When an action fails, that robot's plan is abandoned. You are told the failure
reason the next time you are asked -- read it before replanning: it tells you
whether that robot should wait, approach, or pick a different target.

## 3. ROBOT CAPABILITIES
Three kinds of robot. A robot's kind is on its own header ("(drone)") and on
its line in a teammate's listing ("[carrier, ...]", "[base locks while
holding]", "[drone]").

ARM -- a robot with a gripper: grasp, place_on_top, release, open/close,
toggle, load_onto, unload_from, navigate_to, wait.
- Some arms' bases LOCK while the gripper is loaded, and navigate_to then fails
  with BASE_LOCKED; such a robot cannot deliver what it picks up. Have it load
  the object onto a carrier robot with load_onto, let the carrier drive, and
  have an arm take it back at the far end with unload_from. Both actions name
  the *carrier* as their target and need the two robots within reach of each
  other. This is a division of labour, not a detour: it is why a task can need
  more than one of your robots.
- ONLY a robot marked [base locks while holding] needs a carrier. Any other
  robot that can grasp -- a drone, an unmarked arm -- carries what it holds by
  itself: grasp, navigate_to the support, place_on_top, done. A drone that can
  lift the cargo needs nobody: routing its cargo through a carrier and back is
  a detour that costs two extra actions and a round of waiting for nothing.
  Use the carrier for the base-locked robot's legs, and only for those.

CARRIER -- a robot with no arm: cargo rides on its back.
- A carrier and what it is carrying are ONE line in that robot's room listing:

    - agent_1  (teammate)  [carrier, carrying box.n.01_1]  -> unload_from

  The cargo has no line of its own and cannot be grasped where it sits.
  unload_from(agent_1) takes it off that carrier's back and into the acting
  robot's hand; load_onto(agent_1) puts what that robot holds onto it. Both
  name the carrier, both need the two robots within reach of each other, and
  unload_from is the only way to get cargo back.
- **A carrier has no arm**, so give it navigate_to and wait and nothing else:
  no grasp, no place, no release, no load_onto or unload_from -- those are done
  *to* it by a robot that does have a hand. Its own section lists its load on
  an "On your back:" line, and it cannot put that down itself. Its job is to
  drive to where an arm is waiting, which is the whole reason a task needs two
  of them.

DRONE -- flies, holds its load under a suction mount, and its base never locks:
it carries what it grasps by itself.
- What a drone may lift is limited. The drone cannot lift the notebook. A
  robot tagged [drone] can grasp and carry the die (die.n.01_1) but NOT the
  notebook (notebook.n.01_1): grasp or unload_from on it fails with
  CANNOT_LIFT, and getting closer does not change that. Only a robot with an
  arm can lift the notebook, so give that leg to an arm; this division of
  labour is what the task is built around.

THIS TEAM'S ROBOTS:
  - ridgeback_3: ARM, base LOCKS while holding (needs a carrier to move cargo)
  - jackal_3: CARRIER (no arm; navigate_to and wait only)
  - drone_3: DRONE (flies, carries what it holds; see the lift table)

WHO MAY LIFT WHAT (this activity):
  - die.n.01: arm, drone

## 4. COOPERATION MODE: INDIVIDUAL
Every team plans for itself. No team sends or receives messages; you learn
what the other teams are doing only from what your robots see (a teammate of
another team in the listing, an object held by one of its robots). Do not
wait for others to speak. When another team already holds the cargo, give
your robots something else or wait.
---------------------------------- PROMPT / USER ----------------------------------
=== STEP 6322 ===

## 6. OBSERVATIONS -- TEAM team_3 (3 robots)

THE TEAM'S TASK (the same for every robot), in the ids it is written in:
  Move die.n.01_1, in this order, onto: the cabinet in the child's room, the bookcase in the kitchen, the refrigerator in the kitchen, the armchair in the dining room, the breakfast table in the dining room, the coffee table in the living room, the cabinet in the living room, the cabinet in the bedroom, the bed in the bedroom, the bed in the child's room.
Route S1-M5, carry die.n.01_1 through these in order:
  done  C1  ontop(die.n.01_1, cabinet.n.01_1)
  done  C2  ontop(die.n.01_1, bookcase.n.01_1)
  done  C3  ontop(die.n.01_1, electric_refrigerator.n.01_1)
  done  C4  ontop(die.n.01_1, armchair.n.01_1)
  done  C5  ontop(die.n.01_1, breakfast_table.n.01_1)
  done  C6  ontop(die.n.01_1, coffee_table.n.01_1)
  done  C7  ontop(die.n.01_1, cabinet.n.01_2)
  done  C8  ontop(die.n.01_1, cabinet.n.01_3)
  done  C9  ontop(die.n.01_1, bed.n.01_2)
  NEXT  D   ontop(die.n.01_1, bed.n.01_1)
A support reached out of order does not count, and nothing is lost by it: progress resumes when the NEXT one holds.

=== ROBOT ridgeback_3 ===
Step 6322/8000 | you are ridgeback_3 in living_room_0 (a living room)
Rooms in this house (navigate_to any of them): bathroom_0, bedroom_0, childs_room_0, closet_0, closet_1, corridor_0, dining_room_0, empty_room_0, empty_room_1, kitchen_0, living_room_0, staircase_0
Holding: nothing

living_room_0:
  - cabinet.n.01_2  Open  -> unreachable, navigate_to  [2.8 m away]
  - coffee_table.n.01_1  -> unreachable, navigate_to  [2.0 m away]
  - jackal_1  (teammate)  [carrier, empty]  -> navigate_to
  - jackal_2  (teammate)  [carrier, empty]  -> navigate_to
  - jackal_3  (teammate)  [carrier, empty]  -> unreachable, navigate_to  [1.7 m away]
  - ridgeback_1  (teammate)  [base locks while holding]
  - ridgeback_2  (teammate)  [base locks while holding]

=== ROBOT jackal_3 ===
Step 6322/8000 | you are jackal_3 in living_room_0 (a living room)
Rooms in this house (navigate_to any of them): bathroom_0, bedroom_0, childs_room_0, closet_0, closet_1, corridor_0, dining_room_0, empty_room_0, empty_room_1, kitchen_0, living_room_0, staircase_0
Holding: nothing

living_room_0:
  - cabinet.n.01_2  Open  -> navigate_to
  - coffee_table.n.01_1  -> unreachable, navigate_to  [2.8 m away]
  - jackal_1  (teammate)  [carrier, empty]
  - jackal_2  (teammate)  [carrier, empty]
  - ridgeback_1  (teammate)  [base locks while holding]
  - ridgeback_2  (teammate)  [base locks while holding]
  - ridgeback_3  (teammate)  [base locks while holding]

=== ROBOT drone_3 ===
Step 6322/8000 | you are drone_3 (drone) in bedroom_0 (a bedroom)
Rooms in this house (navigate_to any of them): bathroom_0, bedroom_0, childs_room_0, closet_0, closet_1, corridor_0, dining_room_0, empty_room_0, empty_room_1, kitchen_0, living_room_0, staircase_0
Holding: nothing

bedroom_0:
  - bed.n.01_2  -> grasp, navigate_to
  - cabinet.n.01_3  -> grasp, navigate_to, open  [Open is False]
  - die.n.01_1  -> unreachable, navigate_to  [1.7 m away]
  - drone_1  (teammate)  [drone]
  - drone_2  (teammate)  [drone]

Relations:
  ontop(die.n.01_1, bed.n.01_2)

## 9. ACTION HISTORY AND FAILURES
--- ridgeback_3 ---
Its current plan: wait_for_team(team_3) [interrupted]
YOUR FINISHED PLANS (most recent last):
  #17 [DONE] ontop(die.n.01_1, cabinet.n.01_3)
      plan: wait(600)
      you chose it because: The die is exclusively held by drone_1 from another team, so I avoid an unnecessary competing approach and wait.
  #19 [DONE] ontop(die.n.01_1, bed.n.01_2)
      plan: wait(600)
      you chose it because: Wait while drone_3 independently carries the die from the completed cabinet.n.01_3 route support to bed.n.01_2; my base locks while holding, so I should not duplicate the transport.
  #21 [DONE] ontop(die.n.01_1, bed.n.01_1)
      plan: wait(600)
      you chose it because: The drone can independently carry the die, so I wait and avoid competing for the exclusive cargo.

--- jackal_3 ---
Its current plan: ontop(die.n.01_1, bed.n.01_1) [success]
YOUR FINISHED PLANS (most recent last):
  #16 [DONE] ontop(die.n.01_1, cabinet.n.01_3)
      plan: wait(600)
      you chose it because: The cargo is already being handled by drone_1; as an empty carrier I wait rather than duplicate the transport.
  #18 [DONE] ontop(die.n.01_1, bed.n.01_2)
      plan: wait(600)
      you chose it because: Remain idle as an empty carrier; drone_3 can carry and place the die without a carrier, so no handoff is needed.
  #19 [DONE] ontop(die.n.01_1, bed.n.01_1)
      plan: wait(600)
      you chose it because: As an empty carrier without an arm, I cannot place the die; I wait while drone_3 completes the final transport.

--- drone_3 ---
Its current plan: wait_for_team(team_3) [interrupted]
YOUR FINISHED PLANS (most recent last):
  #12 [DONE] ontop(die.n.01_1, cabinet.n.01_3)
      plan: wait(600)
      you chose it because: Another team's drone holds the exclusive die, so I wait and do not contest it.
  #13 [DONE] ontop(die.n.01_1, bed.n.01_2)
      plan: navigate_to(cabinet.n.01_3) -> grasp(die.n.01_1) -> navigate_to(bed.n.01_2) -> place_on_top(bed.n.01_2)
      you chose it because: I assign drone_3 the active transport because it can lift and carry the die independently. It retrieves the die from the completed cabinet.n.01_3 support and places it on the NEXT support bed.n.01_2.
  #15 [FAILED] ontop(die.n.01_1, bed.n.01_1)
      plan: navigate_to(die.n.01_1) -> grasp(die.n.01_1) -> navigate_to(bed.n.01_1) -> place_on_top(bed.n.01_1)
      you chose it because: I assign the final leg to drone_3 because the die is on the nearby completed bed.n.01_2 and the drone can lift and carry it without a carrier. I retrieve it and place it on the NEXT support, bed.n.01_1 in the child's room.
      it failed because: navigate_to: An error occurred during each attempt of this action. Attempt 0: PLANNING_ERROR: Cannot reach dice_154: there is no free floor space around it to stand on (need a spot 0.2-0.8 m away, ...

Return exactly 3 plans, one per robot, using each robot's own ids. Say in `reasoning` how you divided the work.
-------------------------------------- COMPLETION --------------------------------------
  plans:
    [1]
      agent_id: ridgeback_3
      task:
        task: Task.ONTOP
        object_type: die.n.01_1
        object_id: 1
        reference: bed.n.01_1
      actions:
        [1]
          action_type: wait
          ticks: 600
      reasoning: The drone can carry the die independently, while my base locks when holding; I wait and avoid competing for the exclusive cargo.
    [2]
      agent_id: jackal_3
      task:
        task: Task.ONTOP
        object_type: die.n.01_1
        object_id: 1
        reference: bed.n.01_1
      actions:
        [1]
          action_type: wait
          ticks: 600
      reasoning: As an empty carrier without an arm, I cannot place the die. I wait while drone_3 performs the final leg.
    [3]
      agent_id: drone_3
      task:
        task: Task.ONTOP
        object_type: die.n.01_1
        object_id: 1
        reference: bed.n.01_1
      actions:
        [1]
          action_type: navigate_to
          target: bed.n.01_2
        [2]
          action_type: grasp
          target: die.n.01_1
        [3]
          action_type: navigate_to
          target: bed.n.01_1
        [4]
          action_type: place_on_top
          target: bed.n.01_1
      reasoning: The die is already on bed.n.01_2, which is reachable for grasping from the bedroom. I retrieve it from that support, then navigate directly to the final bed in the child's room and place it there.
  reasoning: drone_3 performs the active final transport because it can lift and carry the die without a carrier. ridgeback_3 and jackal_3 remain waiting so they do not duplicate the exclusive cargo or waste a carrier trip.
====================================================================================================
#37  ridgeback_2  env_step 6333  t=571.299s  Team Plan Generation [team_2]
  usage: 7009 tokens (prompt 6088, completion 921)
---------------------------------- PROMPT / SYSTEM ----------------------------------
## 1. YOUR ROLE
You command TEAM 'team_2' -- 3 robots (ridgeback_2, jackal_2, drone_2) -- in a multi-agent
cooperative household task, alongside other teams doing the same. You are the
TEAM CONTROLLER: you are given all 3 robots' observations in one call and
answer with one plan per robot, in that same call.

- Divide the work. Two robots sent to the same object waste one of them: the
  loser burns the whole trip and its grasp fails with OBJECT_CLAIMED.
- Your robots start their plans together and you are not asked again until
  every one of them has finished. A robot that finishes early holds position
  and does nothing useful, so plans of wildly different lengths waste the
  short ones.
- Other teams are driven by their own controllers, not by you. You coordinate
  with them only through the messages quoted in this prompt.
- At the end of the prompt are each robot's last few plans, with their
  actions and how each ended, and the messages this team has sent and
  received. A plan that failed for a reason that still holds will fail the
  same way again, and a question you already asked has its answer in the
  record.

PLAN RESPONSE:
- Return a structured plan for EVERY robot listed above, one each, tagged with
  that robot's agent_id.
- Give each robot one task and at most 6 actions; 3-6 short
  executable actions are usually enough.
- Use exact item_id values from that robot's own section of the prompt.
- Say in the team-level `reasoning` how you divided the work between them.

## 2. ENVIRONMENT RULES
Your robots act through high-level primitives, not joint commands. Each one
takes many simulation steps: driving across a room costs 30 ticks per metre, so
distance is the main cost you control. None of them can see -- each is given a
symbolic description of the room it is standing in, and only that room, and
those descriptions are listed below one robot at a time.

Rules that decide whether an action succeeds:
- To grasp, place, open or toggle an object a robot must be closer to it than
  that object's own distance threshold; beyond it the action fails with TOO_FAR.
  Each object in a robot's room listing carries what that robot can do to it
  after "->", and a distance in metres ONLY when it is out of range -- no
  distance means that robot is already close enough to act on it now.
- An out-of-range object is marked "unreachable" and offers navigate_to and
  NOTHING else. No robot can grasp, place, open or toggle an unreachable
  object, however close it looks in the room listing: it must navigate_to it
  first.
- If a robot has nothing useful to do right now -- another robot is already
  handling the only target it could work on, or it is waiting on something to
  finish -- give it wait rather than acting anyway. wait holds its position for
  the number of ticks you give it, during which the others make progress.
- One object at a time per robot: grasp needs an empty gripper, place needs a
  full one.
- Objects are exclusive, including between your own robots. If anyone is
  holding something, a grasp for it fails with "held by <agent>". Sending two
  robots after one target costs the loser the whole trip for nothing.
- Some tasks are a route: THE TEAM'S TASK lists supports the cargo must rest on
  in order, marked done / NEXT. Only the NEXT support counts when the cargo is
  placed on it; a support reached out of order does not count and costs
  nothing -- progress resumes when NEXT holds. Progress is judged on where the
  cargo rests, not on what a robot intended.
- Every id in THE TEAM'S TASK is a valid navigate_to target for any robot from
  ANY room, even when it is not in that robot's listing: navigate_to(<that id>)
  drives it there, through the house, and its next listing shows that room.
  That is how a robot changes rooms. The cargo is where the task says it
  starts (or on the last support marked done) -- send a robot there; it will
  not be found where the robots stand.
- The line "Rooms in this house" names every room. navigate_to(<room name>)
  drives a robot to a free spot inside that room, so it can reach a room whose
  objects it cannot name yet, or go and look for something.
- Refer to objects only by the ids in that robot's own room listing, which are
  the objects in the room it is standing in. They look like apple.n.01_1. Never
  invent one, and never give one robot an id that appeared only under another
  robot -- it is in a room that robot cannot see.
- An entry marked "blocked" is in that room but currently unavailable -- the
  bracketed note says why.

When an action fails, that robot's plan is abandoned. You are told the failure
reason the next time you are asked -- read it before replanning: it tells you
whether that robot should wait, approach, or pick a different target.

## 3. ROBOT CAPABILITIES
Three kinds of robot. A robot's kind is on its own header ("(drone)") and on
its line in a teammate's listing ("[carrier, ...]", "[base locks while
holding]", "[drone]").

ARM -- a robot with a gripper: grasp, place_on_top, release, open/close,
toggle, load_onto, unload_from, navigate_to, wait.
- Some arms' bases LOCK while the gripper is loaded, and navigate_to then fails
  with BASE_LOCKED; such a robot cannot deliver what it picks up. Have it load
  the object onto a carrier robot with load_onto, let the carrier drive, and
  have an arm take it back at the far end with unload_from. Both actions name
  the *carrier* as their target and need the two robots within reach of each
  other. This is a division of labour, not a detour: it is why a task can need
  more than one of your robots.
- ONLY a robot marked [base locks while holding] needs a carrier. Any other
  robot that can grasp -- a drone, an unmarked arm -- carries what it holds by
  itself: grasp, navigate_to the support, place_on_top, done. A drone that can
  lift the cargo needs nobody: routing its cargo through a carrier and back is
  a detour that costs two extra actions and a round of waiting for nothing.
  Use the carrier for the base-locked robot's legs, and only for those.

CARRIER -- a robot with no arm: cargo rides on its back.
- A carrier and what it is carrying are ONE line in that robot's room listing:

    - agent_1  (teammate)  [carrier, carrying box.n.01_1]  -> unload_from

  The cargo has no line of its own and cannot be grasped where it sits.
  unload_from(agent_1) takes it off that carrier's back and into the acting
  robot's hand; load_onto(agent_1) puts what that robot holds onto it. Both
  name the carrier, both need the two robots within reach of each other, and
  unload_from is the only way to get cargo back.
- **A carrier has no arm**, so give it navigate_to and wait and nothing else:
  no grasp, no place, no release, no load_onto or unload_from -- those are done
  *to* it by a robot that does have a hand. Its own section lists its load on
  an "On your back:" line, and it cannot put that down itself. Its job is to
  drive to where an arm is waiting, which is the whole reason a task needs two
  of them.

DRONE -- flies, holds its load under a suction mount, and its base never locks:
it carries what it grasps by itself.
- What a drone may lift is limited. The drone cannot lift the notebook. A
  robot tagged [drone] can grasp and carry the die (die.n.01_1) but NOT the
  notebook (notebook.n.01_1): grasp or unload_from on it fails with
  CANNOT_LIFT, and getting closer does not change that. Only a robot with an
  arm can lift the notebook, so give that leg to an arm; this division of
  labour is what the task is built around.

THIS TEAM'S ROBOTS:
  - ridgeback_2: ARM, base LOCKS while holding (needs a carrier to move cargo)
  - jackal_2: CARRIER (no arm; navigate_to and wait only)
  - drone_2: DRONE (flies, carries what it holds; see the lift table)

WHO MAY LIFT WHAT (this activity):
  - die.n.01: arm, drone

## 4. COOPERATION MODE: INDIVIDUAL
Every team plans for itself. No team sends or receives messages; you learn
what the other teams are doing only from what your robots see (a teammate of
another team in the listing, an object held by one of its robots). Do not
wait for others to speak. When another team already holds the cargo, give
your robots something else or wait.
---------------------------------- PROMPT / USER ----------------------------------
=== STEP 6333 ===

## 6. OBSERVATIONS -- TEAM team_2 (3 robots)

THE TEAM'S TASK (the same for every robot), in the ids it is written in:
  Move die.n.01_1, in this order, onto: the cabinet in the child's room, the bookcase in the kitchen, the refrigerator in the kitchen, the armchair in the dining room, the breakfast table in the dining room, the coffee table in the living room, the cabinet in the living room, the cabinet in the bedroom, the bed in the bedroom, the bed in the child's room.
Route S1-M5, carry die.n.01_1 through these in order:
  done  C1  ontop(die.n.01_1, cabinet.n.01_1)
  done  C2  ontop(die.n.01_1, bookcase.n.01_1)
  done  C3  ontop(die.n.01_1, electric_refrigerator.n.01_1)
  done  C4  ontop(die.n.01_1, armchair.n.01_1)
  done  C5  ontop(die.n.01_1, breakfast_table.n.01_1)
  done  C6  ontop(die.n.01_1, coffee_table.n.01_1)
  done  C7  ontop(die.n.01_1, cabinet.n.01_2)
  done  C8  ontop(die.n.01_1, cabinet.n.01_3)
  done  C9  ontop(die.n.01_1, bed.n.01_2)
  NEXT  D   ontop(die.n.01_1, bed.n.01_1)
A support reached out of order does not count, and nothing is lost by it: progress resumes when the NEXT one holds.

=== ROBOT ridgeback_2 ===
Step 6333/8000 | you are ridgeback_2 in living_room_0 (a living room)
Rooms in this house (navigate_to any of them): bathroom_0, bedroom_0, childs_room_0, closet_0, closet_1, corridor_0, dining_room_0, empty_room_0, empty_room_1, kitchen_0, living_room_0, staircase_0
Holding: nothing

living_room_0:
  - cabinet.n.01_2  Open  -> unreachable, navigate_to  [2.1 m away]
  - coffee_table.n.01_1  -> grasp, navigate_to
  - jackal_1  (teammate)  [carrier, empty]  -> navigate_to
  - jackal_2  (teammate)  [carrier, empty]  -> navigate_to
  - jackal_3  (teammate)  [carrier, empty]  -> navigate_to
  - ridgeback_1  (teammate)  [base locks while holding]
  - ridgeback_3  (teammate)  [base locks while holding]

=== ROBOT jackal_2 ===
Step 6333/8000 | you are jackal_2 in living_room_0 (a living room)
Rooms in this house (navigate_to any of them): bathroom_0, bedroom_0, childs_room_0, closet_0, closet_1, corridor_0, dining_room_0, empty_room_0, empty_room_1, kitchen_0, living_room_0, staircase_0
Holding: nothing

living_room_0:
  - cabinet.n.01_2  Open  -> unreachable, navigate_to  [2.1 m away]
  - coffee_table.n.01_1  -> unreachable, navigate_to  [1.9 m away]
  - jackal_1  (teammate)  [carrier, empty]
  - jackal_3  (teammate)  [carrier, empty]
  - ridgeback_1  (teammate)  [base locks while holding]
  - ridgeback_2  (teammate)  [base locks while holding]
  - ridgeback_3  (teammate)  [base locks while holding]

=== ROBOT drone_2 ===
Step 6333/8000 | you are drone_2 (drone) in bedroom_0 (a bedroom)
Rooms in this house (navigate_to any of them): bathroom_0, bedroom_0, childs_room_0, closet_0, closet_1, corridor_0, dining_room_0, empty_room_0, empty_room_1, kitchen_0, living_room_0, staircase_0
Holding: nothing

bedroom_0:
  - bed.n.01_2  -> grasp, navigate_to
  - cabinet.n.01_3  -> grasp, navigate_to, open  [Open is False]
  - die.n.01_1  -> unreachable, navigate_to  [1.3 m away]
  - drone_1  (teammate)  [drone]
  - drone_3  (teammate)  [drone]

Relations:
  ontop(die.n.01_1, bed.n.01_2)

## 9. ACTION HISTORY AND FAILURES
--- ridgeback_2 ---
Its current plan: wait_for_team(team_2) [interrupted]
YOUR FINISHED PLANS (most recent last):
  #20 [DONE] ontop(die.n.01_1, cabinet.n.01_3)
      plan: wait(600)
      you chose it because: The die is exclusively held by drone_1 from another team, so I wait rather than competing for it or making an ineffective approach.
  #22 [DONE] ontop(die.n.01_1, bed.n.01_2)
      plan: wait(600)
      you chose it because: The drone can lift and carry the die without a carrier; I wait to avoid competing for the exclusive cargo.
  #24 [DONE] ontop(die.n.01_1, bed.n.01_1)
      plan: wait(600)
      you chose it because: The drone can carry the die independently, so I wait and avoid competing for the exclusive cargo.

--- jackal_2 ---
Its current plan: ontop(die.n.01_1, bed.n.01_1) [success]
YOUR FINISHED PLANS (most recent last):
  #17 [DONE] ontop(die.n.01_1, cabinet.n.01_3)
      plan: wait(600)
      you chose it because: As the carrier without an arm, I cannot manipulate the die, which is currently held by drone_1; I wait for the other team to complete the next route transfer.
  #19 [DONE] ontop(die.n.01_1, bed.n.01_2)
      plan: wait(600)
      you chose it because: As a carrier without an arm, I cannot manipulate the die independently, so I wait while the drone performs the next route leg.
  #20 [DONE] ontop(die.n.01_1, bed.n.01_1)
      plan: wait(600)
      you chose it because: As a carrier without an arm, I cannot manipulate the die; I wait while the drone completes the final route leg.

--- drone_2 ---
Its current plan: wait_for_team(team_2) [interrupted]
YOUR FINISHED PLANS (most recent last):
  #13 [DONE] ontop(die.n.01_1, cabinet.n.01_3)
      plan: wait(600)
      you chose it because: The die is exclusively held by drone_1, so I avoid a guaranteed OBJECT_CLAIMED grasp and wait while that team advances the route.
  #14 [FAILED] ontop(die.n.01_1, bed.n.01_2)
      plan: navigate_to(cabinet.n.01_3) -> grasp(die.n.01_1) -> navigate_to(bed.n.01_2) -> place_on_top(bed.n.01_2)
      you chose it because: The die has completed the cabinet.n.01_3 support and the next required support is bed.n.01_2. I alone can lift and carry the die without base-lock or carrier overhead.
      it failed because: grasp: An error occurred during each attempt of this action. Attempt 0: PRE_CONDITION_ERROR: You are 1.08 m from dice_154, too far to grasp it (you must be within 0.90 m). Navigate to it first.. Ad...
  #16 [FAILED] ontop(die.n.01_1, bed.n.01_1)
      plan: navigate_to(die.n.01_1) -> grasp(die.n.01_1) -> navigate_to(bed.n.01_1) -> place_on_top(bed.n.01_1)
      you chose it because: I am the available robot that can lift and carry the die without a carrier. I first approach the die to satisfy its 0.90 m grasp range, then carry it from the bedroom to the next required support, the bed in the child's room.
      it failed because: navigate_to: An error occurred during each attempt of this action. Attempt 0: PLANNING_ERROR: Cannot reach dice_154: there is no free floor space around it to stand on (need a spot 0.2-0.8 m away, ...

Return exactly 3 plans, one per robot, using each robot's own ids. Say in `reasoning` how you divided the work.
-------------------------------------- COMPLETION --------------------------------------
  plans:
    [1]
      agent_id: ridgeback_2
      task:
        task: Task.ONTOP
        object_type: die.n.01_1
        object_id: 1
        reference: bed.n.01_01
      actions:
        [1]
          action_type: wait
          ticks: 100
      reasoning: The drone can carry the die without a carrier; I stay idle to avoid competing for the exclusive cargo.
    [2]
      agent_id: jackal_2
      task:
        task: Task.ONTOP
        object_type: die.n.01_1
        object_id: 1
        reference: bed.n.01_1
      actions:
        [1]
          action_type: wait
          ticks: 100
      reasoning: As a carrier without an arm, I cannot manipulate the die, so I wait while drone_2 performs the final route leg.
    [3]
      agent_id: drone_2
      task:
        task: Task.ONTOP
        object_type: die.n.01_1
        object_id: 1
        reference: bed.n.01_1
      actions:
        [1]
          action_type: navigate_to
          target: bed.n.01_2
        [2]
          action_type: grasp
          target: die.n.01_1
        [3]
          action_type: navigate_to
          target: bed.n.01_1
        [4]
          action_type: place_on_top
          target: bed.n.01_1
      reasoning: The die is currently on bed.n.01_2, the completed support, and the next support is bed.n.01_1. I first approach the bed to get close enough to grasp the die despite the prior obstructed direct approach, then fly directly to the child's-room bed and place it.
  reasoning: drone_2 performs the final die transfer because it can lift and carry the die independently. ridgeback_2 and jackal_2 wait rather than competing for the exclusive cargo; the arm-and-carrier division is unnecessary for this drone-capable die.
====================================================================================================
#38  ridgeback_2  env_step 6434  t=592.907s  Team Plan Generation [team_2]
  usage: 8032 tokens (prompt 6204, completion 1828)
---------------------------------- PROMPT / SYSTEM ----------------------------------
## 1. YOUR ROLE
You command TEAM 'team_2' -- 3 robots (ridgeback_2, jackal_2, drone_2) -- in a multi-agent
cooperative household task, alongside other teams doing the same. You are the
TEAM CONTROLLER: you are given all 3 robots' observations in one call and
answer with one plan per robot, in that same call.

- Divide the work. Two robots sent to the same object waste one of them: the
  loser burns the whole trip and its grasp fails with OBJECT_CLAIMED.
- Your robots start their plans together and you are not asked again until
  every one of them has finished. A robot that finishes early holds position
  and does nothing useful, so plans of wildly different lengths waste the
  short ones.
- Other teams are driven by their own controllers, not by you. You coordinate
  with them only through the messages quoted in this prompt.
- At the end of the prompt are each robot's last few plans, with their
  actions and how each ended, and the messages this team has sent and
  received. A plan that failed for a reason that still holds will fail the
  same way again, and a question you already asked has its answer in the
  record.

PLAN RESPONSE:
- Return a structured plan for EVERY robot listed above, one each, tagged with
  that robot's agent_id.
- Give each robot one task and at most 6 actions; 3-6 short
  executable actions are usually enough.
- Use exact item_id values from that robot's own section of the prompt.
- Say in the team-level `reasoning` how you divided the work between them.

## 2. ENVIRONMENT RULES
Your robots act through high-level primitives, not joint commands. Each one
takes many simulation steps: driving across a room costs 30 ticks per metre, so
distance is the main cost you control. None of them can see -- each is given a
symbolic description of the room it is standing in, and only that room, and
those descriptions are listed below one robot at a time.

Rules that decide whether an action succeeds:
- To grasp, place, open or toggle an object a robot must be closer to it than
  that object's own distance threshold; beyond it the action fails with TOO_FAR.
  Each object in a robot's room listing carries what that robot can do to it
  after "->", and a distance in metres ONLY when it is out of range -- no
  distance means that robot is already close enough to act on it now.
- An out-of-range object is marked "unreachable" and offers navigate_to and
  NOTHING else. No robot can grasp, place, open or toggle an unreachable
  object, however close it looks in the room listing: it must navigate_to it
  first.
- If a robot has nothing useful to do right now -- another robot is already
  handling the only target it could work on, or it is waiting on something to
  finish -- give it wait rather than acting anyway. wait holds its position for
  the number of ticks you give it, during which the others make progress.
- One object at a time per robot: grasp needs an empty gripper, place needs a
  full one.
- Objects are exclusive, including between your own robots. If anyone is
  holding something, a grasp for it fails with "held by <agent>". Sending two
  robots after one target costs the loser the whole trip for nothing.
- Some tasks are a route: THE TEAM'S TASK lists supports the cargo must rest on
  in order, marked done / NEXT. Only the NEXT support counts when the cargo is
  placed on it; a support reached out of order does not count and costs
  nothing -- progress resumes when NEXT holds. Progress is judged on where the
  cargo rests, not on what a robot intended.
- Every id in THE TEAM'S TASK is a valid navigate_to target for any robot from
  ANY room, even when it is not in that robot's listing: navigate_to(<that id>)
  drives it there, through the house, and its next listing shows that room.
  That is how a robot changes rooms. The cargo is where the task says it
  starts (or on the last support marked done) -- send a robot there; it will
  not be found where the robots stand.
- The line "Rooms in this house" names every room. navigate_to(<room name>)
  drives a robot to a free spot inside that room, so it can reach a room whose
  objects it cannot name yet, or go and look for something.
- Refer to objects only by the ids in that robot's own room listing, which are
  the objects in the room it is standing in. They look like apple.n.01_1. Never
  invent one, and never give one robot an id that appeared only under another
  robot -- it is in a room that robot cannot see.
- An entry marked "blocked" is in that room but currently unavailable -- the
  bracketed note says why.

When an action fails, that robot's plan is abandoned. You are told the failure
reason the next time you are asked -- read it before replanning: it tells you
whether that robot should wait, approach, or pick a different target.

## 3. ROBOT CAPABILITIES
Three kinds of robot. A robot's kind is on its own header ("(drone)") and on
its line in a teammate's listing ("[carrier, ...]", "[base locks while
holding]", "[drone]").

ARM -- a robot with a gripper: grasp, place_on_top, release, open/close,
toggle, load_onto, unload_from, navigate_to, wait.
- Some arms' bases LOCK while the gripper is loaded, and navigate_to then fails
  with BASE_LOCKED; such a robot cannot deliver what it picks up. Have it load
  the object onto a carrier robot with load_onto, let the carrier drive, and
  have an arm take it back at the far end with unload_from. Both actions name
  the *carrier* as their target and need the two robots within reach of each
  other. This is a division of labour, not a detour: it is why a task can need
  more than one of your robots.
- ONLY a robot marked [base locks while holding] needs a carrier. Any other
  robot that can grasp -- a drone, an unmarked arm -- carries what it holds by
  itself: grasp, navigate_to the support, place_on_top, done. A drone that can
  lift the cargo needs nobody: routing its cargo through a carrier and back is
  a detour that costs two extra actions and a round of waiting for nothing.
  Use the carrier for the base-locked robot's legs, and only for those.

CARRIER -- a robot with no arm: cargo rides on its back.
- A carrier and what it is carrying are ONE line in that robot's room listing:

    - agent_1  (teammate)  [carrier, carrying box.n.01_1]  -> unload_from

  The cargo has no line of its own and cannot be grasped where it sits.
  unload_from(agent_1) takes it off that carrier's back and into the acting
  robot's hand; load_onto(agent_1) puts what that robot holds onto it. Both
  name the carrier, both need the two robots within reach of each other, and
  unload_from is the only way to get cargo back.
- **A carrier has no arm**, so give it navigate_to and wait and nothing else:
  no grasp, no place, no release, no load_onto or unload_from -- those are done
  *to* it by a robot that does have a hand. Its own section lists its load on
  an "On your back:" line, and it cannot put that down itself. Its job is to
  drive to where an arm is waiting, which is the whole reason a task needs two
  of them.

DRONE -- flies, holds its load under a suction mount, and its base never locks:
it carries what it grasps by itself.
- What a drone may lift is limited. The drone cannot lift the notebook. A
  robot tagged [drone] can grasp and carry the die (die.n.01_1) but NOT the
  notebook (notebook.n.01_1): grasp or unload_from on it fails with
  CANNOT_LIFT, and getting closer does not change that. Only a robot with an
  arm can lift the notebook, so give that leg to an arm; this division of
  labour is what the task is built around.

THIS TEAM'S ROBOTS:
  - ridgeback_2: ARM, base LOCKS while holding (needs a carrier to move cargo)
  - jackal_2: CARRIER (no arm; navigate_to and wait only)
  - drone_2: DRONE (flies, carries what it holds; see the lift table)

WHO MAY LIFT WHAT (this activity):
  - die.n.01: arm, drone

## 4. COOPERATION MODE: INDIVIDUAL
Every team plans for itself. No team sends or receives messages; you learn
what the other teams are doing only from what your robots see (a teammate of
another team in the listing, an object held by one of its robots). Do not
wait for others to speak. When another team already holds the cargo, give
your robots something else or wait.
---------------------------------- PROMPT / USER ----------------------------------
=== STEP 6434 ===

## 6. OBSERVATIONS -- TEAM team_2 (3 robots)

THE TEAM'S TASK (the same for every robot), in the ids it is written in:
  Move die.n.01_1, in this order, onto: the cabinet in the child's room, the bookcase in the kitchen, the refrigerator in the kitchen, the armchair in the dining room, the breakfast table in the dining room, the coffee table in the living room, the cabinet in the living room, the cabinet in the bedroom, the bed in the bedroom, the bed in the child's room.
Route S1-M5, carry die.n.01_1 through these in order:
  done  C1  ontop(die.n.01_1, cabinet.n.01_1)
  done  C2  ontop(die.n.01_1, bookcase.n.01_1)
  done  C3  ontop(die.n.01_1, electric_refrigerator.n.01_1)
  done  C4  ontop(die.n.01_1, armchair.n.01_1)
  done  C5  ontop(die.n.01_1, breakfast_table.n.01_1)
  done  C6  ontop(die.n.01_1, coffee_table.n.01_1)
  done  C7  ontop(die.n.01_1, cabinet.n.01_2)
  done  C8  ontop(die.n.01_1, cabinet.n.01_3)
  done  C9  ontop(die.n.01_1, bed.n.01_2)
  NEXT  D   ontop(die.n.01_1, bed.n.01_1)
A support reached out of order does not count, and nothing is lost by it: progress resumes when the NEXT one holds.

=== ROBOT ridgeback_2 ===
Step 6434/8000 | you are ridgeback_2 in living_room_0 (a living room)
Rooms in this house (navigate_to any of them): bathroom_0, bedroom_0, childs_room_0, closet_0, closet_1, corridor_0, dining_room_0, empty_room_0, empty_room_1, kitchen_0, living_room_0, staircase_0
Holding: nothing

living_room_0:
  - cabinet.n.01_2  Open  -> unreachable, navigate_to  [2.1 m away]
  - coffee_table.n.01_1  -> grasp, navigate_to
  - jackal_1  (teammate)  [carrier, empty]  -> navigate_to
  - jackal_2  (teammate)  [carrier, empty]  -> navigate_to
  - jackal_3  (teammate)  [carrier, empty]  -> navigate_to
  - ridgeback_1  (teammate)  [base locks while holding]
  - ridgeback_3  (teammate)  [base locks while holding]

=== ROBOT jackal_2 ===
Step 6434/8000 | you are jackal_2 in living_room_0 (a living room)
Rooms in this house (navigate_to any of them): bathroom_0, bedroom_0, childs_room_0, closet_0, closet_1, corridor_0, dining_room_0, empty_room_0, empty_room_1, kitchen_0, living_room_0, staircase_0
Holding: nothing

living_room_0:
  - cabinet.n.01_2  Open  -> unreachable, navigate_to  [2.1 m away]
  - coffee_table.n.01_1  -> unreachable, navigate_to  [1.9 m away]
  - jackal_1  (teammate)  [carrier, empty]
  - jackal_3  (teammate)  [carrier, empty]
  - ridgeback_1  (teammate)  [base locks while holding]
  - ridgeback_2  (teammate)  [base locks while holding]
  - ridgeback_3  (teammate)  [base locks while holding]

=== ROBOT drone_2 ===
Step 6434/8000 | you are drone_2 (drone) in bedroom_0 (a bedroom)
Rooms in this house (navigate_to any of them): bathroom_0, bedroom_0, childs_room_0, closet_0, closet_1, corridor_0, dining_room_0, empty_room_0, empty_room_1, kitchen_0, living_room_0, staircase_0
Holding: nothing

bedroom_0:
  - bed.n.01_2  -> grasp, navigate_to
  - cabinet.n.01_3  -> unreachable, navigate_to  [2.6 m away]
  - die.n.01_1  -> unreachable, navigate_to  [1.2 m away]
  - drone_1  (teammate)  [drone]
  - drone_3  (teammate)  [drone]

Relations:
  ontop(die.n.01_1, bed.n.01_2)

## 9. ACTION HISTORY AND FAILURES
--- ridgeback_2 ---
Its current plan: wait_for_team(team_2) [interrupted]
YOUR FINISHED PLANS (most recent last):
  #22 [DONE] ontop(die.n.01_1, bed.n.01_2)
      plan: wait(600)
      you chose it because: The drone can lift and carry the die without a carrier; I wait to avoid competing for the exclusive cargo.
  #24 [DONE] ontop(die.n.01_1, bed.n.01_1)
      plan: wait(600)
      you chose it because: The drone can carry the die independently, so I wait and avoid competing for the exclusive cargo.
  #26 [DONE] ontop(die.n.01_1, bed.n.01_01)
      plan: wait(100)
      you chose it because: The drone can carry the die without a carrier; I stay idle to avoid competing for the exclusive cargo.

--- jackal_2 ---
Its current plan: ontop(die.n.01_1, bed.n.01_1) [success]
YOUR FINISHED PLANS (most recent last):
  #19 [DONE] ontop(die.n.01_1, bed.n.01_2)
      plan: wait(600)
      you chose it because: As a carrier without an arm, I cannot manipulate the die independently, so I wait while the drone performs the next route leg.
  #20 [DONE] ontop(die.n.01_1, bed.n.01_1)
      plan: wait(600)
      you chose it because: As a carrier without an arm, I cannot manipulate the die; I wait while the drone completes the final route leg.
  #21 [DONE] ontop(die.n.01_1, bed.n.01_1)
      plan: wait(100)
      you chose it because: As a carrier without an arm, I cannot manipulate the die, so I wait while drone_2 performs the final route leg.

--- drone_2 ---
Its current plan: wait_for_team(team_2) [interrupted]
YOUR FINISHED PLANS (most recent last):
  #14 [FAILED] ontop(die.n.01_1, bed.n.01_2)
      plan: navigate_to(cabinet.n.01_3) -> grasp(die.n.01_1) -> navigate_to(bed.n.01_2) -> place_on_top(bed.n.01_2)
      you chose it because: The die has completed the cabinet.n.01_3 support and the next required support is bed.n.01_2. I alone can lift and carry the die without base-lock or carrier overhead.
      it failed because: grasp: An error occurred during each attempt of this action. Attempt 0: PRE_CONDITION_ERROR: You are 1.08 m from dice_154, too far to grasp it (you must be within 0.90 m). Navigate to it first.. Ad...
  #16 [FAILED] ontop(die.n.01_1, bed.n.01_1)
      plan: navigate_to(die.n.01_1) -> grasp(die.n.01_1) -> navigate_to(bed.n.01_1) -> place_on_top(bed.n.01_1)
      you chose it because: I am the available robot that can lift and carry the die without a carrier. I first approach the die to satisfy its 0.90 m grasp range, then carry it from the bedroom to the next required support, the bed in the child's room.
      it failed because: navigate_to: An error occurred during each attempt of this action. Attempt 0: PLANNING_ERROR: Cannot reach dice_154: there is no free floor space around it to stand on (need a spot 0.2-0.8 m away, ...
  #18 [FAILED] ontop(die.n.01_1, bed.n.01_1)
      plan: navigate_to(bed.n.01_2) -> grasp(die.n.01_1) -> navigate_to(bed.n.01_1) -> place_on_top(bed.n.01_1)
      you chose it because: The die is currently on bed.n.01_2, the completed support, and the next support is bed.n.01_1. I first approach the bed to get close enough to grasp the die despite the prior obstructed direct approach, then fly directly to the child's-room bed and place it.
      it failed because: grasp: An error occurred during each attempt of this action. Attempt 0: PRE_CONDITION_ERROR: You are 1.16 m from dice_154, too far to grasp it (you must be within 0.90 m). Navigate to it first.. Ad...

Return exactly 3 plans, one per robot, using each robot's own ids. Say in `reasoning` how you divided the work.
-------------------------------------- COMPLETION --------------------------------------
  plans:
    [1]
      agent_id: ridgeback_2
      task:
        task: Task.ONTOP
        object_type: die.n.01_1
        object_id: 1
        reference: bed.n.01_1
      actions:
        [1]
          action_type: wait
          ticks: 600
      reasoning: The drone is the only robot able to carry the die independently; I remain idle to avoid competing for the exclusive cargo.
    [2]
      agent_id: jackal_2
      task:
        task: Task.ONTOP
        object_type: die.n.01_1
        object_id: 1
        reference: bed.n.01_1
      actions:
        [1]
          action_type: wait
          ticks: 600
      reasoning: As a carrier without an arm, I cannot manipulate the die. I wait while drone_2 completes the final route leg.
    [3]
      agent_id: drone_2
      task:
        task: Task.ONTOP
        object_type: die.n.01_1
        object_id: 1
        reference: bed.n.01_1
      actions:
        [1]
          action_type: navigate_to
          target: bed.n.01_2
        [2]
          action_type: navigate_to
          target: cabinet.n.01_3
        [3]
          action_type: grasp
          target: die.n.01_1
        [4]
          action_type: navigate_to
          target: bed.n.01_1
        [5]
          action_type: place_on_top
          target: bed.n.01_1
      reasoning: I handle the final die transfer. I reposition first through the two reachable bedroom supports to approach the die, then carry it directly to the child's-room bed, the current NEXT support.
  reasoning: The drone alone can lift and carry the die, while ridgeback_2 and jackal_2 wait rather than duplicate the exclusive cargo task. The drone uses bedroom repositioning before attempting the final grasp.
====================================================================================================
#39  ridgeback_1  env_step 6756  t=624.142s  Team Plan Generation [team_1]
  usage: 8139 tokens (prompt 6119, completion 2020)
---------------------------------- PROMPT / SYSTEM ----------------------------------
## 1. YOUR ROLE
You command TEAM 'team_1' -- 3 robots (ridgeback_1, jackal_1, drone_1) -- in a multi-agent
cooperative household task, alongside other teams doing the same. You are the
TEAM CONTROLLER: you are given all 3 robots' observations in one call and
answer with one plan per robot, in that same call.

- Divide the work. Two robots sent to the same object waste one of them: the
  loser burns the whole trip and its grasp fails with OBJECT_CLAIMED.
- Your robots start their plans together and you are not asked again until
  every one of them has finished. A robot that finishes early holds position
  and does nothing useful, so plans of wildly different lengths waste the
  short ones.
- Other teams are driven by their own controllers, not by you. You coordinate
  with them only through the messages quoted in this prompt.
- At the end of the prompt are each robot's last few plans, with their
  actions and how each ended, and the messages this team has sent and
  received. A plan that failed for a reason that still holds will fail the
  same way again, and a question you already asked has its answer in the
  record.

PLAN RESPONSE:
- Return a structured plan for EVERY robot listed above, one each, tagged with
  that robot's agent_id.
- Give each robot one task and at most 6 actions; 3-6 short
  executable actions are usually enough.
- Use exact item_id values from that robot's own section of the prompt.
- Say in the team-level `reasoning` how you divided the work between them.

## 2. ENVIRONMENT RULES
Your robots act through high-level primitives, not joint commands. Each one
takes many simulation steps: driving across a room costs 30 ticks per metre, so
distance is the main cost you control. None of them can see -- each is given a
symbolic description of the room it is standing in, and only that room, and
those descriptions are listed below one robot at a time.

Rules that decide whether an action succeeds:
- To grasp, place, open or toggle an object a robot must be closer to it than
  that object's own distance threshold; beyond it the action fails with TOO_FAR.
  Each object in a robot's room listing carries what that robot can do to it
  after "->", and a distance in metres ONLY when it is out of range -- no
  distance means that robot is already close enough to act on it now.
- An out-of-range object is marked "unreachable" and offers navigate_to and
  NOTHING else. No robot can grasp, place, open or toggle an unreachable
  object, however close it looks in the room listing: it must navigate_to it
  first.
- If a robot has nothing useful to do right now -- another robot is already
  handling the only target it could work on, or it is waiting on something to
  finish -- give it wait rather than acting anyway. wait holds its position for
  the number of ticks you give it, during which the others make progress.
- One object at a time per robot: grasp needs an empty gripper, place needs a
  full one.
- Objects are exclusive, including between your own robots. If anyone is
  holding something, a grasp for it fails with "held by <agent>". Sending two
  robots after one target costs the loser the whole trip for nothing.
- Some tasks are a route: THE TEAM'S TASK lists supports the cargo must rest on
  in order, marked done / NEXT. Only the NEXT support counts when the cargo is
  placed on it; a support reached out of order does not count and costs
  nothing -- progress resumes when NEXT holds. Progress is judged on where the
  cargo rests, not on what a robot intended.
- Every id in THE TEAM'S TASK is a valid navigate_to target for any robot from
  ANY room, even when it is not in that robot's listing: navigate_to(<that id>)
  drives it there, through the house, and its next listing shows that room.
  That is how a robot changes rooms. The cargo is where the task says it
  starts (or on the last support marked done) -- send a robot there; it will
  not be found where the robots stand.
- The line "Rooms in this house" names every room. navigate_to(<room name>)
  drives a robot to a free spot inside that room, so it can reach a room whose
  objects it cannot name yet, or go and look for something.
- Refer to objects only by the ids in that robot's own room listing, which are
  the objects in the room it is standing in. They look like apple.n.01_1. Never
  invent one, and never give one robot an id that appeared only under another
  robot -- it is in a room that robot cannot see.
- An entry marked "blocked" is in that room but currently unavailable -- the
  bracketed note says why.

When an action fails, that robot's plan is abandoned. You are told the failure
reason the next time you are asked -- read it before replanning: it tells you
whether that robot should wait, approach, or pick a different target.

## 3. ROBOT CAPABILITIES
Three kinds of robot. A robot's kind is on its own header ("(drone)") and on
its line in a teammate's listing ("[carrier, ...]", "[base locks while
holding]", "[drone]").

ARM -- a robot with a gripper: grasp, place_on_top, release, open/close,
toggle, load_onto, unload_from, navigate_to, wait.
- Some arms' bases LOCK while the gripper is loaded, and navigate_to then fails
  with BASE_LOCKED; such a robot cannot deliver what it picks up. Have it load
  the object onto a carrier robot with load_onto, let the carrier drive, and
  have an arm take it back at the far end with unload_from. Both actions name
  the *carrier* as their target and need the two robots within reach of each
  other. This is a division of labour, not a detour: it is why a task can need
  more than one of your robots.
- ONLY a robot marked [base locks while holding] needs a carrier. Any other
  robot that can grasp -- a drone, an unmarked arm -- carries what it holds by
  itself: grasp, navigate_to the support, place_on_top, done. A drone that can
  lift the cargo needs nobody: routing its cargo through a carrier and back is
  a detour that costs two extra actions and a round of waiting for nothing.
  Use the carrier for the base-locked robot's legs, and only for those.

CARRIER -- a robot with no arm: cargo rides on its back.
- A carrier and what it is carrying are ONE line in that robot's room listing:

    - agent_1  (teammate)  [carrier, carrying box.n.01_1]  -> unload_from

  The cargo has no line of its own and cannot be grasped where it sits.
  unload_from(agent_1) takes it off that carrier's back and into the acting
  robot's hand; load_onto(agent_1) puts what that robot holds onto it. Both
  name the carrier, both need the two robots within reach of each other, and
  unload_from is the only way to get cargo back.
- **A carrier has no arm**, so give it navigate_to and wait and nothing else:
  no grasp, no place, no release, no load_onto or unload_from -- those are done
  *to* it by a robot that does have a hand. Its own section lists its load on
  an "On your back:" line, and it cannot put that down itself. Its job is to
  drive to where an arm is waiting, which is the whole reason a task needs two
  of them.

DRONE -- flies, holds its load under a suction mount, and its base never locks:
it carries what it grasps by itself.
- What a drone may lift is limited. The drone cannot lift the notebook. A
  robot tagged [drone] can grasp and carry the die (die.n.01_1) but NOT the
  notebook (notebook.n.01_1): grasp or unload_from on it fails with
  CANNOT_LIFT, and getting closer does not change that. Only a robot with an
  arm can lift the notebook, so give that leg to an arm; this division of
  labour is what the task is built around.

THIS TEAM'S ROBOTS:
  - ridgeback_1: ARM, base LOCKS while holding (needs a carrier to move cargo)
  - jackal_1: CARRIER (no arm; navigate_to and wait only)
  - drone_1: DRONE (flies, carries what it holds; see the lift table)

WHO MAY LIFT WHAT (this activity):
  - die.n.01: arm, drone

## 4. COOPERATION MODE: INDIVIDUAL
Every team plans for itself. No team sends or receives messages; you learn
what the other teams are doing only from what your robots see (a teammate of
another team in the listing, an object held by one of its robots). Do not
wait for others to speak. When another team already holds the cargo, give
your robots something else or wait.
---------------------------------- PROMPT / USER ----------------------------------
=== STEP 6756 ===

## 6. OBSERVATIONS -- TEAM team_1 (3 robots)

THE TEAM'S TASK (the same for every robot), in the ids it is written in:
  Move die.n.01_1, in this order, onto: the cabinet in the child's room, the bookcase in the kitchen, the refrigerator in the kitchen, the armchair in the dining room, the breakfast table in the dining room, the coffee table in the living room, the cabinet in the living room, the cabinet in the bedroom, the bed in the bedroom, the bed in the child's room.
Route S1-M5, carry die.n.01_1 through these in order:
  done  C1  ontop(die.n.01_1, cabinet.n.01_1)
  done  C2  ontop(die.n.01_1, bookcase.n.01_1)
  done  C3  ontop(die.n.01_1, electric_refrigerator.n.01_1)
  done  C4  ontop(die.n.01_1, armchair.n.01_1)
  done  C5  ontop(die.n.01_1, breakfast_table.n.01_1)
  done  C6  ontop(die.n.01_1, coffee_table.n.01_1)
  done  C7  ontop(die.n.01_1, cabinet.n.01_2)
  done  C8  ontop(die.n.01_1, cabinet.n.01_3)
  done  C9  ontop(die.n.01_1, bed.n.01_2)
  NEXT  D   ontop(die.n.01_1, bed.n.01_1)
A support reached out of order does not count, and nothing is lost by it: progress resumes when the NEXT one holds.

=== ROBOT ridgeback_1 ===
Step 6756/8000 | you are ridgeback_1 in living_room_0 (a living room)
Rooms in this house (navigate_to any of them): bathroom_0, bedroom_0, childs_room_0, closet_0, closet_1, corridor_0, dining_room_0, empty_room_0, empty_room_1, kitchen_0, living_room_0, staircase_0
Holding: nothing

living_room_0:
  - cabinet.n.01_2  Open  -> unreachable, navigate_to  [2.6 m away]
  - coffee_table.n.01_1  -> grasp, navigate_to
  - jackal_1  (teammate)  [carrier, empty]  -> navigate_to
  - jackal_2  (teammate)  [carrier, empty]  -> navigate_to
  - jackal_3  (teammate)  [carrier, empty]  -> unreachable, navigate_to  [1.7 m away]
  - ridgeback_2  (teammate)  [base locks while holding]
  - ridgeback_3  (teammate)  [base locks while holding]

=== ROBOT jackal_1 ===
Step 6756/8000 | you are jackal_1 in living_room_0 (a living room)
Rooms in this house (navigate_to any of them): bathroom_0, bedroom_0, childs_room_0, closet_0, closet_1, corridor_0, dining_room_0, empty_room_0, empty_room_1, kitchen_0, living_room_0, staircase_0
Holding: nothing

living_room_0:
  - cabinet.n.01_2  Open  -> unreachable, navigate_to  [3.2 m away]
  - coffee_table.n.01_1  -> navigate_to
  - jackal_2  (teammate)  [carrier, empty]
  - jackal_3  (teammate)  [carrier, empty]
  - ridgeback_1  (teammate)  [base locks while holding]
  - ridgeback_2  (teammate)  [base locks while holding]
  - ridgeback_3  (teammate)  [base locks while holding]

=== ROBOT drone_1 ===
Step 6756/8000 | you are drone_1 (drone) in bedroom_0 (a bedroom)
Rooms in this house (navigate_to any of them): bathroom_0, bedroom_0, childs_room_0, closet_0, closet_1, corridor_0, dining_room_0, empty_room_0, empty_room_1, kitchen_0, living_room_0, staircase_0
Holding: nothing

bedroom_0:
  - bed.n.01_2  -> grasp, navigate_to
  - cabinet.n.01_3  -> grasp, navigate_to, open  [Open is False]
  - die.n.01_1  -> unreachable, navigate_to  [1.3 m away]
  - drone_2  (teammate)  [drone]
  - drone_3  (teammate)  [drone]

Relations:
  ontop(die.n.01_1, bed.n.01_2)

## 9. ACTION HISTORY AND FAILURES
--- ridgeback_1 ---
Its current plan: wait_for_team(team_1) [interrupted]
YOUR FINISHED PLANS (most recent last):
  #20 [DONE] ontop(die.n.01_1, bed.n.01_2)
      plan: wait(600)
      you chose it because: The drone is the only robot positioned to continue the die route, so I wait and avoid competing for the shared cargo.
  #22 [DONE] ontop(die.n.01_1, bed.n.01_1)
      plan: wait(600)
      you chose it because: The drone is already positioned in the bedroom and can carry the die directly; I wait to avoid competing for the shared cargo.
  #24 [DONE] ontop(die.n.01_1, bed.n.01_1)
      plan: wait(600)
      you chose it because: The drone is the only team member able to directly carry the die through the final leg; I wait and avoid competing for the cargo.

--- jackal_1 ---
Its current plan: ontop(die.n.01_1, bed.n.01_1) [success]
YOUR FINISHED PLANS (most recent last):
  #14 [DONE] ontop(die.n.01_1, bed.n.01_2)
      plan: wait(600)
      you chose it because: As a carrier without an arm, I cannot handle the die independently; I wait while the drone performs the next route leg.
  #15 [DONE] ontop(die.n.01_1, bed.n.01_1)
      plan: wait(600)
      you chose it because: As a carrier without an arm, I cannot manipulate the die, so I wait while the drone completes the final route leg.
  #16 [DONE] ontop(die.n.01_1, bed.n.01_1)
      plan: wait(600)
      you chose it because: As a carrier without an arm, I cannot manipulate the die, so I wait while the drone completes the final route leg.

--- drone_1 ---
Its current plan: wait_for_team(team_1) [interrupted]
YOUR FINISHED PLANS (most recent last):
  #16 [DONE] ontop(die.n.01_1, bed.n.01_2)
      plan: grasp(die.n.01_1) -> navigate_to(bed.n.01_2) -> place_on_top(bed.n.01_2)
      you chose it because: I retrieve the die from the completed cabinet.n.01_3 support and fly it directly to the NEXT support, bed.n.01_2.
  #18 [FAILED] ontop(die.n.01_1, bed.n.01_1)
      plan: navigate_to(die.n.01_1) -> grasp(die.n.01_1) -> navigate_to(bed.n.01_1) -> place_on_top(bed.n.01_1)
      you chose it because: The die is on the completed bedroom bed.n.01_2, and I will retrieve it and fly it to the NEXT support, bed.n.01_1 in the child's room.
      it failed because: navigate_to: An error occurred during each attempt of this action. Attempt 0: PLANNING_ERROR: Cannot reach dice_154: there is no free floor space around it to stand on (need a spot 0.2-0.8 m away, ...
  #20 [FAILED] ontop(die.n.01_1, bed.n.01_1)
      plan: navigate_to(bed.n.01_2) -> grasp(die.n.01_1) -> navigate_to(bed.n.01_1) -> place_on_top(bed.n.01_1)
      you chose it because: The die is resting on bed.n.01_2, but navigating directly to it failed because there was no free standing space. I first approach the bed, grasp the die from that reachable position, then fly to the NEXT support, bed.n.01_1, and place it there.
      it failed because: grasp: An error occurred during each attempt of this action. Attempt 0: PRE_CONDITION_ERROR: You are 1.25 m from dice_154, too far to grasp it (you must be within 0.90 m). Navigate to it first.. Ad...

Return exactly 3 plans, one per robot, using each robot's own ids. Say in `reasoning` how you divided the work.
-------------------------------------- COMPLETION --------------------------------------
  plans:
    [1]
      agent_id: ridgeback_1
      task:
        task: Task.ONTOP
        object_type: die.n.01_1
        object_id: 1
        reference: bed.n.01_1
      actions:
        [1]
          action_type: navigate_to
          target: bed.n.01_2
        [2]
          action_type: grasp
          target: die.n.01_1
        [3]
          action_type: load_onto
          target: jackal_1
        [4]
          action_type: wait
          ticks: 600
      reasoning: I retrieve the die from bed.n.01_2 with the arm, then transfer it to jackal_1 because my base locks while holding cargo.
    [2]
      agent_id: jackal_1
      task:
        task: Task.ONTOP
        object_type: die.n.01_1
        object_id: 1
        reference: bed.n.01_1
      actions:
        [1]
          action_type: navigate_to
          target: bed.n.01_2
        [2]
          action_type: wait
          ticks: 600
        [3]
          action_type: navigate_to
          target: bed.n.01_1
        [4]
          action_type: wait
          ticks: 500
      reasoning: I position near the bedroom bed for ridgeback_1 to load the die, wait for that transfer, then carry it to the final bed in the child's room.
    [3]
      agent_id: drone_1
      task:
        task: Task.ONTOP
        object_type: die.n.01_1
        object_id: 1
        reference: bed.n.01_1
      actions:
        [1]
          action_type: wait
          ticks: 120
        [2]
          action_type: navigate_to
          target: bed.n.01_1
        [3]
          action_type: unload_from
          target: jackal_1
        [4]
          action_type: place_on_top
          target: bed.n.01_1
      reasoning: I wait for jackal_1 to transport the die, then take it from the carrier at bed.n.01_1 and place it on the final support.
  reasoning: The drone previously could not reach the die on bed.n.01_2, so ridgeback_1 uses its arm to retrieve it. jackal_1 provides the required transport for the base-locked arm, and drone_1 performs the final unload and placement.
====================================================================================================
#40  ridgeback_3  env_step 6923  t=645.193s  Team Plan Generation [team_3]
  usage: 7747 tokens (prompt 6172, completion 1575)
---------------------------------- PROMPT / SYSTEM ----------------------------------
## 1. YOUR ROLE
You command TEAM 'team_3' -- 3 robots (ridgeback_3, jackal_3, drone_3) -- in a multi-agent
cooperative household task, alongside other teams doing the same. You are the
TEAM CONTROLLER: you are given all 3 robots' observations in one call and
answer with one plan per robot, in that same call.

- Divide the work. Two robots sent to the same object waste one of them: the
  loser burns the whole trip and its grasp fails with OBJECT_CLAIMED.
- Your robots start their plans together and you are not asked again until
  every one of them has finished. A robot that finishes early holds position
  and does nothing useful, so plans of wildly different lengths waste the
  short ones.
- Other teams are driven by their own controllers, not by you. You coordinate
  with them only through the messages quoted in this prompt.
- At the end of the prompt are each robot's last few plans, with their
  actions and how each ended, and the messages this team has sent and
  received. A plan that failed for a reason that still holds will fail the
  same way again, and a question you already asked has its answer in the
  record.

PLAN RESPONSE:
- Return a structured plan for EVERY robot listed above, one each, tagged with
  that robot's agent_id.
- Give each robot one task and at most 6 actions; 3-6 short
  executable actions are usually enough.
- Use exact item_id values from that robot's own section of the prompt.
- Say in the team-level `reasoning` how you divided the work between them.

## 2. ENVIRONMENT RULES
Your robots act through high-level primitives, not joint commands. Each one
takes many simulation steps: driving across a room costs 30 ticks per metre, so
distance is the main cost you control. None of them can see -- each is given a
symbolic description of the room it is standing in, and only that room, and
those descriptions are listed below one robot at a time.

Rules that decide whether an action succeeds:
- To grasp, place, open or toggle an object a robot must be closer to it than
  that object's own distance threshold; beyond it the action fails with TOO_FAR.
  Each object in a robot's room listing carries what that robot can do to it
  after "->", and a distance in metres ONLY when it is out of range -- no
  distance means that robot is already close enough to act on it now.
- An out-of-range object is marked "unreachable" and offers navigate_to and
  NOTHING else. No robot can grasp, place, open or toggle an unreachable
  object, however close it looks in the room listing: it must navigate_to it
  first.
- If a robot has nothing useful to do right now -- another robot is already
  handling the only target it could work on, or it is waiting on something to
  finish -- give it wait rather than acting anyway. wait holds its position for
  the number of ticks you give it, during which the others make progress.
- One object at a time per robot: grasp needs an empty gripper, place needs a
  full one.
- Objects are exclusive, including between your own robots. If anyone is
  holding something, a grasp for it fails with "held by <agent>". Sending two
  robots after one target costs the loser the whole trip for nothing.
- Some tasks are a route: THE TEAM'S TASK lists supports the cargo must rest on
  in order, marked done / NEXT. Only the NEXT support counts when the cargo is
  placed on it; a support reached out of order does not count and costs
  nothing -- progress resumes when NEXT holds. Progress is judged on where the
  cargo rests, not on what a robot intended.
- Every id in THE TEAM'S TASK is a valid navigate_to target for any robot from
  ANY room, even when it is not in that robot's listing: navigate_to(<that id>)
  drives it there, through the house, and its next listing shows that room.
  That is how a robot changes rooms. The cargo is where the task says it
  starts (or on the last support marked done) -- send a robot there; it will
  not be found where the robots stand.
- The line "Rooms in this house" names every room. navigate_to(<room name>)
  drives a robot to a free spot inside that room, so it can reach a room whose
  objects it cannot name yet, or go and look for something.
- Refer to objects only by the ids in that robot's own room listing, which are
  the objects in the room it is standing in. They look like apple.n.01_1. Never
  invent one, and never give one robot an id that appeared only under another
  robot -- it is in a room that robot cannot see.
- An entry marked "blocked" is in that room but currently unavailable -- the
  bracketed note says why.

When an action fails, that robot's plan is abandoned. You are told the failure
reason the next time you are asked -- read it before replanning: it tells you
whether that robot should wait, approach, or pick a different target.

## 3. ROBOT CAPABILITIES
Three kinds of robot. A robot's kind is on its own header ("(drone)") and on
its line in a teammate's listing ("[carrier, ...]", "[base locks while
holding]", "[drone]").

ARM -- a robot with a gripper: grasp, place_on_top, release, open/close,
toggle, load_onto, unload_from, navigate_to, wait.
- Some arms' bases LOCK while the gripper is loaded, and navigate_to then fails
  with BASE_LOCKED; such a robot cannot deliver what it picks up. Have it load
  the object onto a carrier robot with load_onto, let the carrier drive, and
  have an arm take it back at the far end with unload_from. Both actions name
  the *carrier* as their target and need the two robots within reach of each
  other. This is a division of labour, not a detour: it is why a task can need
  more than one of your robots.
- ONLY a robot marked [base locks while holding] needs a carrier. Any other
  robot that can grasp -- a drone, an unmarked arm -- carries what it holds by
  itself: grasp, navigate_to the support, place_on_top, done. A drone that can
  lift the cargo needs nobody: routing its cargo through a carrier and back is
  a detour that costs two extra actions and a round of waiting for nothing.
  Use the carrier for the base-locked robot's legs, and only for those.

CARRIER -- a robot with no arm: cargo rides on its back.
- A carrier and what it is carrying are ONE line in that robot's room listing:

    - agent_1  (teammate)  [carrier, carrying box.n.01_1]  -> unload_from

  The cargo has no line of its own and cannot be grasped where it sits.
  unload_from(agent_1) takes it off that carrier's back and into the acting
  robot's hand; load_onto(agent_1) puts what that robot holds onto it. Both
  name the carrier, both need the two robots within reach of each other, and
  unload_from is the only way to get cargo back.
- **A carrier has no arm**, so give it navigate_to and wait and nothing else:
  no grasp, no place, no release, no load_onto or unload_from -- those are done
  *to* it by a robot that does have a hand. Its own section lists its load on
  an "On your back:" line, and it cannot put that down itself. Its job is to
  drive to where an arm is waiting, which is the whole reason a task needs two
  of them.

DRONE -- flies, holds its load under a suction mount, and its base never locks:
it carries what it grasps by itself.
- What a drone may lift is limited. The drone cannot lift the notebook. A
  robot tagged [drone] can grasp and carry the die (die.n.01_1) but NOT the
  notebook (notebook.n.01_1): grasp or unload_from on it fails with
  CANNOT_LIFT, and getting closer does not change that. Only a robot with an
  arm can lift the notebook, so give that leg to an arm; this division of
  labour is what the task is built around.

THIS TEAM'S ROBOTS:
  - ridgeback_3: ARM, base LOCKS while holding (needs a carrier to move cargo)
  - jackal_3: CARRIER (no arm; navigate_to and wait only)
  - drone_3: DRONE (flies, carries what it holds; see the lift table)

WHO MAY LIFT WHAT (this activity):
  - die.n.01: arm, drone

## 4. COOPERATION MODE: INDIVIDUAL
Every team plans for itself. No team sends or receives messages; you learn
what the other teams are doing only from what your robots see (a teammate of
another team in the listing, an object held by one of its robots). Do not
wait for others to speak. When another team already holds the cargo, give
your robots something else or wait.
---------------------------------- PROMPT / USER ----------------------------------
=== STEP 6923 ===

## 6. OBSERVATIONS -- TEAM team_3 (3 robots)

THE TEAM'S TASK (the same for every robot), in the ids it is written in:
  Move die.n.01_1, in this order, onto: the cabinet in the child's room, the bookcase in the kitchen, the refrigerator in the kitchen, the armchair in the dining room, the breakfast table in the dining room, the coffee table in the living room, the cabinet in the living room, the cabinet in the bedroom, the bed in the bedroom, the bed in the child's room.
Route S1-M5, carry die.n.01_1 through these in order:
  done  C1  ontop(die.n.01_1, cabinet.n.01_1)
  done  C2  ontop(die.n.01_1, bookcase.n.01_1)
  done  C3  ontop(die.n.01_1, electric_refrigerator.n.01_1)
  done  C4  ontop(die.n.01_1, armchair.n.01_1)
  done  C5  ontop(die.n.01_1, breakfast_table.n.01_1)
  done  C6  ontop(die.n.01_1, coffee_table.n.01_1)
  done  C7  ontop(die.n.01_1, cabinet.n.01_2)
  done  C8  ontop(die.n.01_1, cabinet.n.01_3)
  done  C9  ontop(die.n.01_1, bed.n.01_2)
  NEXT  D   ontop(die.n.01_1, bed.n.01_1)
A support reached out of order does not count, and nothing is lost by it: progress resumes when the NEXT one holds.

=== ROBOT ridgeback_3 ===
Step 6923/8000 | you are ridgeback_3 in living_room_0 (a living room)
Rooms in this house (navigate_to any of them): bathroom_0, bedroom_0, childs_room_0, closet_0, closet_1, corridor_0, dining_room_0, empty_room_0, empty_room_1, kitchen_0, living_room_0, staircase_0
Holding: nothing

living_room_0:
  - cabinet.n.01_2  Open  -> unreachable, navigate_to  [2.8 m away]
  - coffee_table.n.01_1  -> unreachable, navigate_to  [2.0 m away]
  - jackal_1  (teammate)  [carrier, empty]  -> navigate_to
  - jackal_2  (teammate)  [carrier, empty]  -> navigate_to
  - jackal_3  (teammate)  [carrier, empty]  -> unreachable, navigate_to  [1.7 m away]
  - ridgeback_1  (teammate)  [base locks while holding]
  - ridgeback_2  (teammate)  [base locks while holding]

=== ROBOT jackal_3 ===
Step 6923/8000 | you are jackal_3 in living_room_0 (a living room)
Rooms in this house (navigate_to any of them): bathroom_0, bedroom_0, childs_room_0, closet_0, closet_1, corridor_0, dining_room_0, empty_room_0, empty_room_1, kitchen_0, living_room_0, staircase_0
Holding: nothing

living_room_0:
  - cabinet.n.01_2  Open  -> navigate_to
  - coffee_table.n.01_1  -> unreachable, navigate_to  [2.8 m away]
  - jackal_1  (teammate)  [carrier, empty]
  - jackal_2  (teammate)  [carrier, empty]
  - ridgeback_1  (teammate)  [base locks while holding]
  - ridgeback_2  (teammate)  [base locks while holding]
  - ridgeback_3  (teammate)  [base locks while holding]

=== ROBOT drone_3 ===
Step 6923/8000 | you are drone_3 (drone) in bedroom_0 (a bedroom)
Rooms in this house (navigate_to any of them): bathroom_0, bedroom_0, childs_room_0, closet_0, closet_1, corridor_0, dining_room_0, empty_room_0, empty_room_1, kitchen_0, living_room_0, staircase_0
Holding: nothing

bedroom_0:
  - bed.n.01_2  -> grasp, navigate_to
  - cabinet.n.01_3  -> grasp, navigate_to, open  [Open is False]
  - die.n.01_1  -> unreachable, navigate_to  [1.5 m away]
  - drone_1  (teammate)  [drone]
  - drone_2  (teammate)  [drone]

Relations:
  ontop(die.n.01_1, bed.n.01_2)

## 9. ACTION HISTORY AND FAILURES
--- ridgeback_3 ---
Its current plan: wait_for_team(team_3) [interrupted]
YOUR FINISHED PLANS (most recent last):
  #19 [DONE] ontop(die.n.01_1, bed.n.01_2)
      plan: wait(600)
      you chose it because: Wait while drone_3 independently carries the die from the completed cabinet.n.01_3 route support to bed.n.01_2; my base locks while holding, so I should not duplicate the transport.
  #21 [DONE] ontop(die.n.01_1, bed.n.01_1)
      plan: wait(600)
      you chose it because: The drone can independently carry the die, so I wait and avoid competing for the exclusive cargo.
  #23 [DONE] ontop(die.n.01_1, bed.n.01_1)
      plan: wait(600)
      you chose it because: The drone can carry the die independently, while my base locks when holding; I wait and avoid competing for the exclusive cargo.

--- jackal_3 ---
Its current plan: ontop(die.n.01_1, bed.n.01_1) [success]
YOUR FINISHED PLANS (most recent last):
  #18 [DONE] ontop(die.n.01_1, bed.n.01_2)
      plan: wait(600)
      you chose it because: Remain idle as an empty carrier; drone_3 can carry and place the die without a carrier, so no handoff is needed.
  #19 [DONE] ontop(die.n.01_1, bed.n.01_1)
      plan: wait(600)
      you chose it because: As an empty carrier without an arm, I cannot place the die; I wait while drone_3 completes the final transport.
  #20 [DONE] ontop(die.n.01_1, bed.n.01_1)
      plan: wait(600)
      you chose it because: As an empty carrier without an arm, I cannot place the die. I wait while drone_3 performs the final leg.

--- drone_3 ---
Its current plan: wait_for_team(team_3) [interrupted]
YOUR FINISHED PLANS (most recent last):
  #13 [DONE] ontop(die.n.01_1, bed.n.01_2)
      plan: navigate_to(cabinet.n.01_3) -> grasp(die.n.01_1) -> navigate_to(bed.n.01_2) -> place_on_top(bed.n.01_2)
      you chose it because: I assign drone_3 the active transport because it can lift and carry the die independently. It retrieves the die from the completed cabinet.n.01_3 support and places it on the NEXT support bed.n.01_2.
  #15 [FAILED] ontop(die.n.01_1, bed.n.01_1)
      plan: navigate_to(die.n.01_1) -> grasp(die.n.01_1) -> navigate_to(bed.n.01_1) -> place_on_top(bed.n.01_1)
      you chose it because: I assign the final leg to drone_3 because the die is on the nearby completed bed.n.01_2 and the drone can lift and carry it without a carrier. I retrieve it and place it on the NEXT support, bed.n.01_1 in the child's room.
      it failed because: navigate_to: An error occurred during each attempt of this action. Attempt 0: PLANNING_ERROR: Cannot reach dice_154: there is no free floor space around it to stand on (need a spot 0.2-0.8 m away, ...
  #17 [FAILED] ontop(die.n.01_1, bed.n.01_1)
      plan: navigate_to(bed.n.01_2) -> grasp(die.n.01_1) -> navigate_to(bed.n.01_1) -> place_on_top(bed.n.01_1)
      you chose it because: The die is already on bed.n.01_2, which is reachable for grasping from the bedroom. I retrieve it from that support, then navigate directly to the final bed in the child's room and place it there.
      it failed because: grasp: An error occurred during each attempt of this action. Attempt 0: PRE_CONDITION_ERROR: You are 1.50 m from dice_154, too far to grasp it (you must be within 0.90 m). Navigate to it first.. Ad...

Return exactly 3 plans, one per robot, using each robot's own ids. Say in `reasoning` how you divided the work.
-------------------------------------- COMPLETION --------------------------------------
  plans:
    [1]
      agent_id: ridgeback_3
      task:
        task: Task.ONTOP
        object_type: die.n.01_1
        object_id: 1
        reference: bed.n.01_1
      actions:
        [1]
          action_type: wait
          ticks: 600
      reasoning: The drone can carry the die independently; I remain idle because my base locks while holding and competing for the die would waste the trip.
    [2]
      agent_id: jackal_3
      task:
        task: Task.ONTOP
        object_type: die.n.01_1
        object_id: 1
        reference: bed.n.01_1
      actions:
        [1]
          action_type: wait
          ticks: 600
      reasoning: I am an empty carrier with no arm, and the drone does not need transport assistance for this die. I wait while it completes the final leg.
    [3]
      agent_id: drone_3
      task:
        task: Task.ONTOP
        object_type: die.n.01_1
        object_id: 1
        reference: bed.n.01_1
      actions:
        [1]
          action_type: navigate_to
          target: cabinet.n.01_3
        [2]
          action_type: grasp
          target: die.n.01_1
        [3]
          action_type: navigate_to
          target: bed.n.01_1
        [4]
          action_type: place_on_top
          target: bed.n.01_1
      reasoning: I assign the final transport to the drone because it can lift and carry the die without a carrier. Approaching cabinet.n.01_3 provides a better standable position than the obstructed bed approach, then I carry the die directly to the final bed in the child's room.
  reasoning: The die is already on the completed bed.n.01_2 support. drone_3 performs the only useful work: retrieve it using a standable approach near cabinet.n.01_3 and place it on the NEXT support bed.n.01_1. ridgeback_3 waits because its loaded base locks, and jackal_3 waits because it has no arm and is unnecessary for the drone's independent carry.
====================================================================================================
#41  ridgeback_2  env_step 7035  t=678.982s  Team Plan Generation [team_2]
  usage: 8923 tokens (prompt 6159, completion 2764)
---------------------------------- PROMPT / SYSTEM ----------------------------------
## 1. YOUR ROLE
You command TEAM 'team_2' -- 3 robots (ridgeback_2, jackal_2, drone_2) -- in a multi-agent
cooperative household task, alongside other teams doing the same. You are the
TEAM CONTROLLER: you are given all 3 robots' observations in one call and
answer with one plan per robot, in that same call.

- Divide the work. Two robots sent to the same object waste one of them: the
  loser burns the whole trip and its grasp fails with OBJECT_CLAIMED.
- Your robots start their plans together and you are not asked again until
  every one of them has finished. A robot that finishes early holds position
  and does nothing useful, so plans of wildly different lengths waste the
  short ones.
- Other teams are driven by their own controllers, not by you. You coordinate
  with them only through the messages quoted in this prompt.
- At the end of the prompt are each robot's last few plans, with their
  actions and how each ended, and the messages this team has sent and
  received. A plan that failed for a reason that still holds will fail the
  same way again, and a question you already asked has its answer in the
  record.

PLAN RESPONSE:
- Return a structured plan for EVERY robot listed above, one each, tagged with
  that robot's agent_id.
- Give each robot one task and at most 6 actions; 3-6 short
  executable actions are usually enough.
- Use exact item_id values from that robot's own section of the prompt.
- Say in the team-level `reasoning` how you divided the work between them.

## 2. ENVIRONMENT RULES
Your robots act through high-level primitives, not joint commands. Each one
takes many simulation steps: driving across a room costs 30 ticks per metre, so
distance is the main cost you control. None of them can see -- each is given a
symbolic description of the room it is standing in, and only that room, and
those descriptions are listed below one robot at a time.

Rules that decide whether an action succeeds:
- To grasp, place, open or toggle an object a robot must be closer to it than
  that object's own distance threshold; beyond it the action fails with TOO_FAR.
  Each object in a robot's room listing carries what that robot can do to it
  after "->", and a distance in metres ONLY when it is out of range -- no
  distance means that robot is already close enough to act on it now.
- An out-of-range object is marked "unreachable" and offers navigate_to and
  NOTHING else. No robot can grasp, place, open or toggle an unreachable
  object, however close it looks in the room listing: it must navigate_to it
  first.
- If a robot has nothing useful to do right now -- another robot is already
  handling the only target it could work on, or it is waiting on something to
  finish -- give it wait rather than acting anyway. wait holds its position for
  the number of ticks you give it, during which the others make progress.
- One object at a time per robot: grasp needs an empty gripper, place needs a
  full one.
- Objects are exclusive, including between your own robots. If anyone is
  holding something, a grasp for it fails with "held by <agent>". Sending two
  robots after one target costs the loser the whole trip for nothing.
- Some tasks are a route: THE TEAM'S TASK lists supports the cargo must rest on
  in order, marked done / NEXT. Only the NEXT support counts when the cargo is
  placed on it; a support reached out of order does not count and costs
  nothing -- progress resumes when NEXT holds. Progress is judged on where the
  cargo rests, not on what a robot intended.
- Every id in THE TEAM'S TASK is a valid navigate_to target for any robot from
  ANY room, even when it is not in that robot's listing: navigate_to(<that id>)
  drives it there, through the house, and its next listing shows that room.
  That is how a robot changes rooms. The cargo is where the task says it
  starts (or on the last support marked done) -- send a robot there; it will
  not be found where the robots stand.
- The line "Rooms in this house" names every room. navigate_to(<room name>)
  drives a robot to a free spot inside that room, so it can reach a room whose
  objects it cannot name yet, or go and look for something.
- Refer to objects only by the ids in that robot's own room listing, which are
  the objects in the room it is standing in. They look like apple.n.01_1. Never
  invent one, and never give one robot an id that appeared only under another
  robot -- it is in a room that robot cannot see.
- An entry marked "blocked" is in that room but currently unavailable -- the
  bracketed note says why.

When an action fails, that robot's plan is abandoned. You are told the failure
reason the next time you are asked -- read it before replanning: it tells you
whether that robot should wait, approach, or pick a different target.

## 3. ROBOT CAPABILITIES
Three kinds of robot. A robot's kind is on its own header ("(drone)") and on
its line in a teammate's listing ("[carrier, ...]", "[base locks while
holding]", "[drone]").

ARM -- a robot with a gripper: grasp, place_on_top, release, open/close,
toggle, load_onto, unload_from, navigate_to, wait.
- Some arms' bases LOCK while the gripper is loaded, and navigate_to then fails
  with BASE_LOCKED; such a robot cannot deliver what it picks up. Have it load
  the object onto a carrier robot with load_onto, let the carrier drive, and
  have an arm take it back at the far end with unload_from. Both actions name
  the *carrier* as their target and need the two robots within reach of each
  other. This is a division of labour, not a detour: it is why a task can need
  more than one of your robots.
- ONLY a robot marked [base locks while holding] needs a carrier. Any other
  robot that can grasp -- a drone, an unmarked arm -- carries what it holds by
  itself: grasp, navigate_to the support, place_on_top, done. A drone that can
  lift the cargo needs nobody: routing its cargo through a carrier and back is
  a detour that costs two extra actions and a round of waiting for nothing.
  Use the carrier for the base-locked robot's legs, and only for those.

CARRIER -- a robot with no arm: cargo rides on its back.
- A carrier and what it is carrying are ONE line in that robot's room listing:

    - agent_1  (teammate)  [carrier, carrying box.n.01_1]  -> unload_from

  The cargo has no line of its own and cannot be grasped where it sits.
  unload_from(agent_1) takes it off that carrier's back and into the acting
  robot's hand; load_onto(agent_1) puts what that robot holds onto it. Both
  name the carrier, both need the two robots within reach of each other, and
  unload_from is the only way to get cargo back.
- **A carrier has no arm**, so give it navigate_to and wait and nothing else:
  no grasp, no place, no release, no load_onto or unload_from -- those are done
  *to* it by a robot that does have a hand. Its own section lists its load on
  an "On your back:" line, and it cannot put that down itself. Its job is to
  drive to where an arm is waiting, which is the whole reason a task needs two
  of them.

DRONE -- flies, holds its load under a suction mount, and its base never locks:
it carries what it grasps by itself.
- What a drone may lift is limited. The drone cannot lift the notebook. A
  robot tagged [drone] can grasp and carry the die (die.n.01_1) but NOT the
  notebook (notebook.n.01_1): grasp or unload_from on it fails with
  CANNOT_LIFT, and getting closer does not change that. Only a robot with an
  arm can lift the notebook, so give that leg to an arm; this division of
  labour is what the task is built around.

THIS TEAM'S ROBOTS:
  - ridgeback_2: ARM, base LOCKS while holding (needs a carrier to move cargo)
  - jackal_2: CARRIER (no arm; navigate_to and wait only)
  - drone_2: DRONE (flies, carries what it holds; see the lift table)

WHO MAY LIFT WHAT (this activity):
  - die.n.01: arm, drone

## 4. COOPERATION MODE: INDIVIDUAL
Every team plans for itself. No team sends or receives messages; you learn
what the other teams are doing only from what your robots see (a teammate of
another team in the listing, an object held by one of its robots). Do not
wait for others to speak. When another team already holds the cargo, give
your robots something else or wait.
---------------------------------- PROMPT / USER ----------------------------------
=== STEP 7035 ===

## 6. OBSERVATIONS -- TEAM team_2 (3 robots)

THE TEAM'S TASK (the same for every robot), in the ids it is written in:
  Move die.n.01_1, in this order, onto: the cabinet in the child's room, the bookcase in the kitchen, the refrigerator in the kitchen, the armchair in the dining room, the breakfast table in the dining room, the coffee table in the living room, the cabinet in the living room, the cabinet in the bedroom, the bed in the bedroom, the bed in the child's room.
Route S1-M5, carry die.n.01_1 through these in order:
  done  C1  ontop(die.n.01_1, cabinet.n.01_1)
  done  C2  ontop(die.n.01_1, bookcase.n.01_1)
  done  C3  ontop(die.n.01_1, electric_refrigerator.n.01_1)
  done  C4  ontop(die.n.01_1, armchair.n.01_1)
  done  C5  ontop(die.n.01_1, breakfast_table.n.01_1)
  done  C6  ontop(die.n.01_1, coffee_table.n.01_1)
  done  C7  ontop(die.n.01_1, cabinet.n.01_2)
  done  C8  ontop(die.n.01_1, cabinet.n.01_3)
  done  C9  ontop(die.n.01_1, bed.n.01_2)
  NEXT  D   ontop(die.n.01_1, bed.n.01_1)
A support reached out of order does not count, and nothing is lost by it: progress resumes when the NEXT one holds.

=== ROBOT ridgeback_2 ===
Step 7035/8000 | you are ridgeback_2 in living_room_0 (a living room)
Rooms in this house (navigate_to any of them): bathroom_0, bedroom_0, childs_room_0, closet_0, closet_1, corridor_0, dining_room_0, empty_room_0, empty_room_1, kitchen_0, living_room_0, staircase_0
Holding: nothing

living_room_0:
  - cabinet.n.01_2  Open  -> unreachable, navigate_to  [2.1 m away]
  - coffee_table.n.01_1  -> grasp, navigate_to
  - jackal_2  (teammate)  [carrier, empty]  -> navigate_to
  - jackal_3  (teammate)  [carrier, empty]  -> navigate_to
  - ridgeback_3  (teammate)  [base locks while holding]

=== ROBOT jackal_2 ===
Step 7035/8000 | you are jackal_2 in living_room_0 (a living room)
Rooms in this house (navigate_to any of them): bathroom_0, bedroom_0, childs_room_0, closet_0, closet_1, corridor_0, dining_room_0, empty_room_0, empty_room_1, kitchen_0, living_room_0, staircase_0
Holding: nothing

living_room_0:
  - cabinet.n.01_2  Open  -> unreachable, navigate_to  [2.1 m away]
  - coffee_table.n.01_1  -> unreachable, navigate_to  [1.9 m away]
  - jackal_3  (teammate)  [carrier, empty]
  - ridgeback_2  (teammate)  [base locks while holding]
  - ridgeback_3  (teammate)  [base locks while holding]

=== ROBOT drone_2 ===
Step 7035/8000 | you are drone_2 (drone) in bedroom_0 (a bedroom)
Rooms in this house (navigate_to any of them): bathroom_0, bedroom_0, childs_room_0, closet_0, closet_1, corridor_0, dining_room_0, empty_room_0, empty_room_1, kitchen_0, living_room_0, staircase_0
Holding: nothing

bedroom_0:
  - bed.n.01_2  -> grasp, navigate_to
  - cabinet.n.01_3  -> grasp, navigate_to, open  [Open is False]
  - die.n.01_1  -> unreachable, navigate_to  [1.0 m away]
  - drone_3  (teammate)  [drone]
  - jackal_1  (teammate)  [carrier, empty]  -> navigate_to
  - ridgeback_1  (teammate)  [base locks while holding]

Relations:
  ontop(die.n.01_1, bed.n.01_2)

## 9. ACTION HISTORY AND FAILURES
--- ridgeback_2 ---
Its current plan: wait_for_team(team_2) [interrupted]
YOUR FINISHED PLANS (most recent last):
  #24 [DONE] ontop(die.n.01_1, bed.n.01_1)
      plan: wait(600)
      you chose it because: The drone can carry the die independently, so I wait and avoid competing for the exclusive cargo.
  #26 [DONE] ontop(die.n.01_1, bed.n.01_01)
      plan: wait(100)
      you chose it because: The drone can carry the die without a carrier; I stay idle to avoid competing for the exclusive cargo.
  #28 [DONE] ontop(die.n.01_1, bed.n.01_1)
      plan: wait(600)
      you chose it because: The drone is the only robot able to carry the die independently; I remain idle to avoid competing for the exclusive cargo.

--- jackal_2 ---
Its current plan: ontop(die.n.01_1, bed.n.01_1) [success]
YOUR FINISHED PLANS (most recent last):
  #20 [DONE] ontop(die.n.01_1, bed.n.01_1)
      plan: wait(600)
      you chose it because: As a carrier without an arm, I cannot manipulate the die; I wait while the drone completes the final route leg.
  #21 [DONE] ontop(die.n.01_1, bed.n.01_1)
      plan: wait(100)
      you chose it because: As a carrier without an arm, I cannot manipulate the die, so I wait while drone_2 performs the final route leg.
  #22 [DONE] ontop(die.n.01_1, bed.n.01_1)
      plan: wait(600)
      you chose it because: As a carrier without an arm, I cannot manipulate the die. I wait while drone_2 completes the final route leg.

--- drone_2 ---
Its current plan: wait_for_team(team_2) [interrupted]
YOUR FINISHED PLANS (most recent last):
  #16 [FAILED] ontop(die.n.01_1, bed.n.01_1)
      plan: navigate_to(die.n.01_1) -> grasp(die.n.01_1) -> navigate_to(bed.n.01_1) -> place_on_top(bed.n.01_1)
      you chose it because: I am the available robot that can lift and carry the die without a carrier. I first approach the die to satisfy its 0.90 m grasp range, then carry it from the bedroom to the next required support, the bed in the child's room.
      it failed because: navigate_to: An error occurred during each attempt of this action. Attempt 0: PLANNING_ERROR: Cannot reach dice_154: there is no free floor space around it to stand on (need a spot 0.2-0.8 m away, ...
  #18 [FAILED] ontop(die.n.01_1, bed.n.01_1)
      plan: navigate_to(bed.n.01_2) -> grasp(die.n.01_1) -> navigate_to(bed.n.01_1) -> place_on_top(bed.n.01_1)
      you chose it because: The die is currently on bed.n.01_2, the completed support, and the next support is bed.n.01_1. I first approach the bed to get close enough to grasp the die despite the prior obstructed direct approach, then fly directly to the child's-room bed and place it.
      it failed because: grasp: An error occurred during each attempt of this action. Attempt 0: PRE_CONDITION_ERROR: You are 1.16 m from dice_154, too far to grasp it (you must be within 0.90 m). Navigate to it first.. Ad...
  #20 [FAILED] ontop(die.n.01_1, bed.n.01_1)
      plan: navigate_to(bed.n.01_2) -> navigate_to(cabinet.n.01_3) -> grasp(die.n.01_1) -> navigate_to(bed.n.01_1) -> place_on_top(bed.n.01_1)
      you chose it because: I handle the final die transfer. I reposition first through the two reachable bedroom supports to approach the die, then carry it directly to the child's-room bed, the current NEXT support.
      it failed because: grasp: An error occurred during each attempt of this action. Attempt 0: PRE_CONDITION_ERROR: You are 0.98 m from dice_154, too far to grasp it (you must be within 0.90 m). Navigate to it first.. Ad...

Return exactly 3 plans, one per robot, using each robot's own ids. Say in `reasoning` how you divided the work.
-------------------------------------- COMPLETION --------------------------------------
  plans:
    [1]
      agent_id: ridgeback_2
      task:
        task: Task.ONTOP
        object_type: die.n.01_1
        object_id: 1
        reference: bed.n.01_1
      actions:
        [1]
          action_type: navigate_to
          target: bed.n.01_2
        [2]
          action_type: grasp
          target: die.n.01_1
        [3]
          action_type: load_onto
          target: jackal_2
        [4]
          action_type: navigate_to
          target: bed.n.01_1
        [5]
          action_type: unload_from
          target: jackal_2
        [6]
          action_type: place_on_top
          target: bed.n.01_1
      reasoning: I will approach the die from the bedroom, load it onto the base-unlocked carrier, then meet the carrier at the child's-room bed and place the die on the NEXT support.
    [2]
      agent_id: jackal_2
      task:
        task: Task.ONTOP
        object_type: die.n.01_1
        object_id: 1
        reference: bed.n.01_1
      actions:
        [1]
          action_type: navigate_to
          target: bed.n.01_2
        [2]
          action_type: wait
          ticks: 400
        [3]
          action_type: navigate_to
          target: bed.n.01_1
      reasoning: I carry the die after ridgeback_2 loads it. The initial wait lets ridgeback reach and load the die before I leave for the child's-room bed.
    [3]
      agent_id: drone_2
      task:
        task: Task.ONTOP
        object_type: die.n.01_1
        object_id: 1
        reference: bed.n.01_1
      actions:
        [1]
          action_type: wait
          ticks: 600
      reasoning: The die is exclusive and ridgeback_2 is assigned to the arm-and-carrier handoff; I wait rather than competing for it.
  reasoning: ridgeback_2 performs manipulation and placement because its arm can lift the die but its base locks while holding. jackal_2 supplies transport, timed to remain nearby for loading and then carry to the child's-room bed. drone_2 waits to avoid another grasp attempt on the obstructed die.
====================================================================================================
#42  ridgeback_3  env_step 7524  t=710.374s  Team Plan Generation [team_3]
  usage: 7457 tokens (prompt 6167, completion 1290)
---------------------------------- PROMPT / SYSTEM ----------------------------------
## 1. YOUR ROLE
You command TEAM 'team_3' -- 3 robots (ridgeback_3, jackal_3, drone_3) -- in a multi-agent
cooperative household task, alongside other teams doing the same. You are the
TEAM CONTROLLER: you are given all 3 robots' observations in one call and
answer with one plan per robot, in that same call.

- Divide the work. Two robots sent to the same object waste one of them: the
  loser burns the whole trip and its grasp fails with OBJECT_CLAIMED.
- Your robots start their plans together and you are not asked again until
  every one of them has finished. A robot that finishes early holds position
  and does nothing useful, so plans of wildly different lengths waste the
  short ones.
- Other teams are driven by their own controllers, not by you. You coordinate
  with them only through the messages quoted in this prompt.
- At the end of the prompt are each robot's last few plans, with their
  actions and how each ended, and the messages this team has sent and
  received. A plan that failed for a reason that still holds will fail the
  same way again, and a question you already asked has its answer in the
  record.

PLAN RESPONSE:
- Return a structured plan for EVERY robot listed above, one each, tagged with
  that robot's agent_id.
- Give each robot one task and at most 6 actions; 3-6 short
  executable actions are usually enough.
- Use exact item_id values from that robot's own section of the prompt.
- Say in the team-level `reasoning` how you divided the work between them.

## 2. ENVIRONMENT RULES
Your robots act through high-level primitives, not joint commands. Each one
takes many simulation steps: driving across a room costs 30 ticks per metre, so
distance is the main cost you control. None of them can see -- each is given a
symbolic description of the room it is standing in, and only that room, and
those descriptions are listed below one robot at a time.

Rules that decide whether an action succeeds:
- To grasp, place, open or toggle an object a robot must be closer to it than
  that object's own distance threshold; beyond it the action fails with TOO_FAR.
  Each object in a robot's room listing carries what that robot can do to it
  after "->", and a distance in metres ONLY when it is out of range -- no
  distance means that robot is already close enough to act on it now.
- An out-of-range object is marked "unreachable" and offers navigate_to and
  NOTHING else. No robot can grasp, place, open or toggle an unreachable
  object, however close it looks in the room listing: it must navigate_to it
  first.
- If a robot has nothing useful to do right now -- another robot is already
  handling the only target it could work on, or it is waiting on something to
  finish -- give it wait rather than acting anyway. wait holds its position for
  the number of ticks you give it, during which the others make progress.
- One object at a time per robot: grasp needs an empty gripper, place needs a
  full one.
- Objects are exclusive, including between your own robots. If anyone is
  holding something, a grasp for it fails with "held by <agent>". Sending two
  robots after one target costs the loser the whole trip for nothing.
- Some tasks are a route: THE TEAM'S TASK lists supports the cargo must rest on
  in order, marked done / NEXT. Only the NEXT support counts when the cargo is
  placed on it; a support reached out of order does not count and costs
  nothing -- progress resumes when NEXT holds. Progress is judged on where the
  cargo rests, not on what a robot intended.
- Every id in THE TEAM'S TASK is a valid navigate_to target for any robot from
  ANY room, even when it is not in that robot's listing: navigate_to(<that id>)
  drives it there, through the house, and its next listing shows that room.
  That is how a robot changes rooms. The cargo is where the task says it
  starts (or on the last support marked done) -- send a robot there; it will
  not be found where the robots stand.
- The line "Rooms in this house" names every room. navigate_to(<room name>)
  drives a robot to a free spot inside that room, so it can reach a room whose
  objects it cannot name yet, or go and look for something.
- Refer to objects only by the ids in that robot's own room listing, which are
  the objects in the room it is standing in. They look like apple.n.01_1. Never
  invent one, and never give one robot an id that appeared only under another
  robot -- it is in a room that robot cannot see.
- An entry marked "blocked" is in that room but currently unavailable -- the
  bracketed note says why.

When an action fails, that robot's plan is abandoned. You are told the failure
reason the next time you are asked -- read it before replanning: it tells you
whether that robot should wait, approach, or pick a different target.

## 3. ROBOT CAPABILITIES
Three kinds of robot. A robot's kind is on its own header ("(drone)") and on
its line in a teammate's listing ("[carrier, ...]", "[base locks while
holding]", "[drone]").

ARM -- a robot with a gripper: grasp, place_on_top, release, open/close,
toggle, load_onto, unload_from, navigate_to, wait.
- Some arms' bases LOCK while the gripper is loaded, and navigate_to then fails
  with BASE_LOCKED; such a robot cannot deliver what it picks up. Have it load
  the object onto a carrier robot with load_onto, let the carrier drive, and
  have an arm take it back at the far end with unload_from. Both actions name
  the *carrier* as their target and need the two robots within reach of each
  other. This is a division of labour, not a detour: it is why a task can need
  more than one of your robots.
- ONLY a robot marked [base locks while holding] needs a carrier. Any other
  robot that can grasp -- a drone, an unmarked arm -- carries what it holds by
  itself: grasp, navigate_to the support, place_on_top, done. A drone that can
  lift the cargo needs nobody: routing its cargo through a carrier and back is
  a detour that costs two extra actions and a round of waiting for nothing.
  Use the carrier for the base-locked robot's legs, and only for those.

CARRIER -- a robot with no arm: cargo rides on its back.
- A carrier and what it is carrying are ONE line in that robot's room listing:

    - agent_1  (teammate)  [carrier, carrying box.n.01_1]  -> unload_from

  The cargo has no line of its own and cannot be grasped where it sits.
  unload_from(agent_1) takes it off that carrier's back and into the acting
  robot's hand; load_onto(agent_1) puts what that robot holds onto it. Both
  name the carrier, both need the two robots within reach of each other, and
  unload_from is the only way to get cargo back.
- **A carrier has no arm**, so give it navigate_to and wait and nothing else:
  no grasp, no place, no release, no load_onto or unload_from -- those are done
  *to* it by a robot that does have a hand. Its own section lists its load on
  an "On your back:" line, and it cannot put that down itself. Its job is to
  drive to where an arm is waiting, which is the whole reason a task needs two
  of them.

DRONE -- flies, holds its load under a suction mount, and its base never locks:
it carries what it grasps by itself.
- What a drone may lift is limited. The drone cannot lift the notebook. A
  robot tagged [drone] can grasp and carry the die (die.n.01_1) but NOT the
  notebook (notebook.n.01_1): grasp or unload_from on it fails with
  CANNOT_LIFT, and getting closer does not change that. Only a robot with an
  arm can lift the notebook, so give that leg to an arm; this division of
  labour is what the task is built around.

THIS TEAM'S ROBOTS:
  - ridgeback_3: ARM, base LOCKS while holding (needs a carrier to move cargo)
  - jackal_3: CARRIER (no arm; navigate_to and wait only)
  - drone_3: DRONE (flies, carries what it holds; see the lift table)

WHO MAY LIFT WHAT (this activity):
  - die.n.01: arm, drone

## 4. COOPERATION MODE: INDIVIDUAL
Every team plans for itself. No team sends or receives messages; you learn
what the other teams are doing only from what your robots see (a teammate of
another team in the listing, an object held by one of its robots). Do not
wait for others to speak. When another team already holds the cargo, give
your robots something else or wait.
---------------------------------- PROMPT / USER ----------------------------------
=== STEP 7524 ===

## 6. OBSERVATIONS -- TEAM team_3 (3 robots)

THE TEAM'S TASK (the same for every robot), in the ids it is written in:
  Move die.n.01_1, in this order, onto: the cabinet in the child's room, the bookcase in the kitchen, the refrigerator in the kitchen, the armchair in the dining room, the breakfast table in the dining room, the coffee table in the living room, the cabinet in the living room, the cabinet in the bedroom, the bed in the bedroom, the bed in the child's room.
Route S1-M5, carry die.n.01_1 through these in order:
  done  C1  ontop(die.n.01_1, cabinet.n.01_1)
  done  C2  ontop(die.n.01_1, bookcase.n.01_1)
  done  C3  ontop(die.n.01_1, electric_refrigerator.n.01_1)
  done  C4  ontop(die.n.01_1, armchair.n.01_1)
  done  C5  ontop(die.n.01_1, breakfast_table.n.01_1)
  done  C6  ontop(die.n.01_1, coffee_table.n.01_1)
  done  C7  ontop(die.n.01_1, cabinet.n.01_2)
  done  C8  ontop(die.n.01_1, cabinet.n.01_3)
  done  C9  ontop(die.n.01_1, bed.n.01_2)
  NEXT  D   ontop(die.n.01_1, bed.n.01_1)
A support reached out of order does not count, and nothing is lost by it: progress resumes when the NEXT one holds.

=== ROBOT ridgeback_3 ===
Step 7524/8000 | you are ridgeback_3 in living_room_0 (a living room)
Rooms in this house (navigate_to any of them): bathroom_0, bedroom_0, childs_room_0, closet_0, closet_1, corridor_0, dining_room_0, empty_room_0, empty_room_1, kitchen_0, living_room_0, staircase_0
Holding: nothing

living_room_0:
  - cabinet.n.01_2  Open  -> unreachable, navigate_to  [2.8 m away]
  - coffee_table.n.01_1  -> unreachable, navigate_to  [2.0 m away]
  - jackal_2  (teammate)  [carrier, empty]  -> navigate_to
  - jackal_3  (teammate)  [carrier, empty]  -> unreachable, navigate_to  [1.7 m away]

=== ROBOT jackal_3 ===
Step 7524/8000 | you are jackal_3 in living_room_0 (a living room)
Rooms in this house (navigate_to any of them): bathroom_0, bedroom_0, childs_room_0, closet_0, closet_1, corridor_0, dining_room_0, empty_room_0, empty_room_1, kitchen_0, living_room_0, staircase_0
Holding: nothing

living_room_0:
  - cabinet.n.01_2  Open  -> navigate_to
  - coffee_table.n.01_1  -> unreachable, navigate_to  [2.8 m away]
  - jackal_2  (teammate)  [carrier, empty]
  - ridgeback_3  (teammate)  [base locks while holding]

=== ROBOT drone_3 ===
Step 7524/8000 | you are drone_3 (drone) in bedroom_0 (a bedroom)
Rooms in this house (navigate_to any of them): bathroom_0, bedroom_0, childs_room_0, closet_0, closet_1, corridor_0, dining_room_0, empty_room_0, empty_room_1, kitchen_0, living_room_0, staircase_0
Holding: nothing

bedroom_0:
  - bed.n.01_2  -> grasp, navigate_to
  - cabinet.n.01_3  -> grasp, navigate_to, open  [Open is False]
  - die.n.01_1  -> unreachable, navigate_to  [1.0 m away]
  - drone_2  (teammate)  [drone]
  - jackal_1  (teammate)  [carrier, empty]  -> unreachable, navigate_to  [1.8 m away]
  - ridgeback_1  (teammate)  [base locks while holding]
  - ridgeback_2  (teammate)  [base locks while holding]

Relations:
  ontop(die.n.01_1, bed.n.01_2)

## 9. ACTION HISTORY AND FAILURES
--- ridgeback_3 ---
Its current plan: wait_for_team(team_3) [interrupted]
YOUR FINISHED PLANS (most recent last):
  #21 [DONE] ontop(die.n.01_1, bed.n.01_1)
      plan: wait(600)
      you chose it because: The drone can independently carry the die, so I wait and avoid competing for the exclusive cargo.
  #23 [DONE] ontop(die.n.01_1, bed.n.01_1)
      plan: wait(600)
      you chose it because: The drone can carry the die independently, while my base locks when holding; I wait and avoid competing for the exclusive cargo.
  #25 [DONE] ontop(die.n.01_1, bed.n.01_1)
      plan: wait(600)
      you chose it because: The drone can carry the die independently; I remain idle because my base locks while holding and competing for the die would waste the trip.

--- jackal_3 ---
Its current plan: ontop(die.n.01_1, bed.n.01_1) [success]
YOUR FINISHED PLANS (most recent last):
  #19 [DONE] ontop(die.n.01_1, bed.n.01_1)
      plan: wait(600)
      you chose it because: As an empty carrier without an arm, I cannot place the die; I wait while drone_3 completes the final transport.
  #20 [DONE] ontop(die.n.01_1, bed.n.01_1)
      plan: wait(600)
      you chose it because: As an empty carrier without an arm, I cannot place the die. I wait while drone_3 performs the final leg.
  #21 [DONE] ontop(die.n.01_1, bed.n.01_1)
      plan: wait(600)
      you chose it because: I am an empty carrier with no arm, and the drone does not need transport assistance for this die. I wait while it completes the final leg.

--- drone_3 ---
Its current plan: wait_for_team(team_3) [interrupted]
YOUR FINISHED PLANS (most recent last):
  #15 [FAILED] ontop(die.n.01_1, bed.n.01_1)
      plan: navigate_to(die.n.01_1) -> grasp(die.n.01_1) -> navigate_to(bed.n.01_1) -> place_on_top(bed.n.01_1)
      you chose it because: I assign the final leg to drone_3 because the die is on the nearby completed bed.n.01_2 and the drone can lift and carry it without a carrier. I retrieve it and place it on the NEXT support, bed.n.01_1 in the child's room.
      it failed because: navigate_to: An error occurred during each attempt of this action. Attempt 0: PLANNING_ERROR: Cannot reach dice_154: there is no free floor space around it to stand on (need a spot 0.2-0.8 m away, ...
  #17 [FAILED] ontop(die.n.01_1, bed.n.01_1)
      plan: navigate_to(bed.n.01_2) -> grasp(die.n.01_1) -> navigate_to(bed.n.01_1) -> place_on_top(bed.n.01_1)
      you chose it because: The die is already on bed.n.01_2, which is reachable for grasping from the bedroom. I retrieve it from that support, then navigate directly to the final bed in the child's room and place it there.
      it failed because: grasp: An error occurred during each attempt of this action. Attempt 0: PRE_CONDITION_ERROR: You are 1.50 m from dice_154, too far to grasp it (you must be within 0.90 m). Navigate to it first.. Ad...
  #19 [FAILED] ontop(die.n.01_1, bed.n.01_1)
      plan: navigate_to(cabinet.n.01_3) -> grasp(die.n.01_1) -> navigate_to(bed.n.01_1) -> place_on_top(bed.n.01_1)
      you chose it because: I assign the final transport to the drone because it can lift and carry the die without a carrier. Approaching cabinet.n.01_3 provides a better standable position than the obstructed bed approach, then I carry the die directly to the final bed in the child's room.
      it failed because: grasp: An error occurred during each attempt of this action. Attempt 0: PRE_CONDITION_ERROR: You are 0.97 m from dice_154, too far to grasp it (you must be within 0.90 m). Navigate to it first.. Ad...

Return exactly 3 plans, one per robot, using each robot's own ids. Say in `reasoning` how you divided the work.
-------------------------------------- COMPLETION --------------------------------------
  plans:
    [1]
      agent_id: ridgeback_3
      task:
        task: Task.ONTOP
        object_type: die.n.01_1
        object_id: 1
        reference: bed.n.01_1
      actions:
        [1]
          action_type: navigate_to
          target: cabinet.n.01_3
      reasoning: Approach the bedroom cabinet to obtain a better standable position near the die; as the base-locked arm, I will later grasp and transfer the die to jackal_3.
    [2]
      agent_id: jackal_3
      task:
        task: Task.ONTOP
        object_type: die.n.01_1
        object_id: 1
        reference: bed.n.01_1
      actions:
        [1]
          action_type: navigate_to
          target: cabinet.n.01_3
      reasoning: I move to the bedroom cabinet to meet ridgeback_3 and carry the die once ridgeback loads it onto me.
    [3]
      agent_id: drone_3
      task:
        task: Task.ONTOP
        object_type: die.n.01_1
        object_id: 1
        reference: bed.n.01_1
      actions:
        [1]
          action_type: wait
          ticks: 600
      reasoning: The die is currently on the bedroom bed and prior drone approaches could not reach a valid grasp position. I wait while the arm and carrier reposition for a safer retrieval.
  reasoning: ridgeback_3 and jackal_3 jointly reposition to the bedroom cabinet: the arm can retrieve the die but needs the carrier because its base locks while holding. drone_3 waits rather than competing for the exclusive die after its repeated failed approaches.
====================================================================================================
#43  ridgeback_2  env_step 7636  t=722.976s  Team Plan Generation [team_2]
  usage: 7011 tokens (prompt 6332, completion 679)
---------------------------------- PROMPT / SYSTEM ----------------------------------
## 1. YOUR ROLE
You command TEAM 'team_2' -- 3 robots (ridgeback_2, jackal_2, drone_2) -- in a multi-agent
cooperative household task, alongside other teams doing the same. You are the
TEAM CONTROLLER: you are given all 3 robots' observations in one call and
answer with one plan per robot, in that same call.

- Divide the work. Two robots sent to the same object waste one of them: the
  loser burns the whole trip and its grasp fails with OBJECT_CLAIMED.
- Your robots start their plans together and you are not asked again until
  every one of them has finished. A robot that finishes early holds position
  and does nothing useful, so plans of wildly different lengths waste the
  short ones.
- Other teams are driven by their own controllers, not by you. You coordinate
  with them only through the messages quoted in this prompt.
- At the end of the prompt are each robot's last few plans, with their
  actions and how each ended, and the messages this team has sent and
  received. A plan that failed for a reason that still holds will fail the
  same way again, and a question you already asked has its answer in the
  record.

PLAN RESPONSE:
- Return a structured plan for EVERY robot listed above, one each, tagged with
  that robot's agent_id.
- Give each robot one task and at most 6 actions; 3-6 short
  executable actions are usually enough.
- Use exact item_id values from that robot's own section of the prompt.
- Say in the team-level `reasoning` how you divided the work between them.

## 2. ENVIRONMENT RULES
Your robots act through high-level primitives, not joint commands. Each one
takes many simulation steps: driving across a room costs 30 ticks per metre, so
distance is the main cost you control. None of them can see -- each is given a
symbolic description of the room it is standing in, and only that room, and
those descriptions are listed below one robot at a time.

Rules that decide whether an action succeeds:
- To grasp, place, open or toggle an object a robot must be closer to it than
  that object's own distance threshold; beyond it the action fails with TOO_FAR.
  Each object in a robot's room listing carries what that robot can do to it
  after "->", and a distance in metres ONLY when it is out of range -- no
  distance means that robot is already close enough to act on it now.
- An out-of-range object is marked "unreachable" and offers navigate_to and
  NOTHING else. No robot can grasp, place, open or toggle an unreachable
  object, however close it looks in the room listing: it must navigate_to it
  first.
- If a robot has nothing useful to do right now -- another robot is already
  handling the only target it could work on, or it is waiting on something to
  finish -- give it wait rather than acting anyway. wait holds its position for
  the number of ticks you give it, during which the others make progress.
- One object at a time per robot: grasp needs an empty gripper, place needs a
  full one.
- Objects are exclusive, including between your own robots. If anyone is
  holding something, a grasp for it fails with "held by <agent>". Sending two
  robots after one target costs the loser the whole trip for nothing.
- Some tasks are a route: THE TEAM'S TASK lists supports the cargo must rest on
  in order, marked done / NEXT. Only the NEXT support counts when the cargo is
  placed on it; a support reached out of order does not count and costs
  nothing -- progress resumes when NEXT holds. Progress is judged on where the
  cargo rests, not on what a robot intended.
- Every id in THE TEAM'S TASK is a valid navigate_to target for any robot from
  ANY room, even when it is not in that robot's listing: navigate_to(<that id>)
  drives it there, through the house, and its next listing shows that room.
  That is how a robot changes rooms. The cargo is where the task says it
  starts (or on the last support marked done) -- send a robot there; it will
  not be found where the robots stand.
- The line "Rooms in this house" names every room. navigate_to(<room name>)
  drives a robot to a free spot inside that room, so it can reach a room whose
  objects it cannot name yet, or go and look for something.
- Refer to objects only by the ids in that robot's own room listing, which are
  the objects in the room it is standing in. They look like apple.n.01_1. Never
  invent one, and never give one robot an id that appeared only under another
  robot -- it is in a room that robot cannot see.
- An entry marked "blocked" is in that room but currently unavailable -- the
  bracketed note says why.

When an action fails, that robot's plan is abandoned. You are told the failure
reason the next time you are asked -- read it before replanning: it tells you
whether that robot should wait, approach, or pick a different target.

## 3. ROBOT CAPABILITIES
Three kinds of robot. A robot's kind is on its own header ("(drone)") and on
its line in a teammate's listing ("[carrier, ...]", "[base locks while
holding]", "[drone]").

ARM -- a robot with a gripper: grasp, place_on_top, release, open/close,
toggle, load_onto, unload_from, navigate_to, wait.
- Some arms' bases LOCK while the gripper is loaded, and navigate_to then fails
  with BASE_LOCKED; such a robot cannot deliver what it picks up. Have it load
  the object onto a carrier robot with load_onto, let the carrier drive, and
  have an arm take it back at the far end with unload_from. Both actions name
  the *carrier* as their target and need the two robots within reach of each
  other. This is a division of labour, not a detour: it is why a task can need
  more than one of your robots.
- ONLY a robot marked [base locks while holding] needs a carrier. Any other
  robot that can grasp -- a drone, an unmarked arm -- carries what it holds by
  itself: grasp, navigate_to the support, place_on_top, done. A drone that can
  lift the cargo needs nobody: routing its cargo through a carrier and back is
  a detour that costs two extra actions and a round of waiting for nothing.
  Use the carrier for the base-locked robot's legs, and only for those.

CARRIER -- a robot with no arm: cargo rides on its back.
- A carrier and what it is carrying are ONE line in that robot's room listing:

    - agent_1  (teammate)  [carrier, carrying box.n.01_1]  -> unload_from

  The cargo has no line of its own and cannot be grasped where it sits.
  unload_from(agent_1) takes it off that carrier's back and into the acting
  robot's hand; load_onto(agent_1) puts what that robot holds onto it. Both
  name the carrier, both need the two robots within reach of each other, and
  unload_from is the only way to get cargo back.
- **A carrier has no arm**, so give it navigate_to and wait and nothing else:
  no grasp, no place, no release, no load_onto or unload_from -- those are done
  *to* it by a robot that does have a hand. Its own section lists its load on
  an "On your back:" line, and it cannot put that down itself. Its job is to
  drive to where an arm is waiting, which is the whole reason a task needs two
  of them.

DRONE -- flies, holds its load under a suction mount, and its base never locks:
it carries what it grasps by itself.
- What a drone may lift is limited. The drone cannot lift the notebook. A
  robot tagged [drone] can grasp and carry the die (die.n.01_1) but NOT the
  notebook (notebook.n.01_1): grasp or unload_from on it fails with
  CANNOT_LIFT, and getting closer does not change that. Only a robot with an
  arm can lift the notebook, so give that leg to an arm; this division of
  labour is what the task is built around.

THIS TEAM'S ROBOTS:
  - ridgeback_2: ARM, base LOCKS while holding (needs a carrier to move cargo)
  - jackal_2: CARRIER (no arm; navigate_to and wait only)
  - drone_2: DRONE (flies, carries what it holds; see the lift table)

WHO MAY LIFT WHAT (this activity):
  - die.n.01: arm, drone

## 4. COOPERATION MODE: INDIVIDUAL
Every team plans for itself. No team sends or receives messages; you learn
what the other teams are doing only from what your robots see (a teammate of
another team in the listing, an object held by one of its robots). Do not
wait for others to speak. When another team already holds the cargo, give
your robots something else or wait.
---------------------------------- PROMPT / USER ----------------------------------
=== STEP 7636 ===

## 6. OBSERVATIONS -- TEAM team_2 (3 robots)

THE TEAM'S TASK (the same for every robot), in the ids it is written in:
  Move die.n.01_1, in this order, onto: the cabinet in the child's room, the bookcase in the kitchen, the refrigerator in the kitchen, the armchair in the dining room, the breakfast table in the dining room, the coffee table in the living room, the cabinet in the living room, the cabinet in the bedroom, the bed in the bedroom, the bed in the child's room.
Route S1-M5, carry die.n.01_1 through these in order:
  done  C1  ontop(die.n.01_1, cabinet.n.01_1)
  done  C2  ontop(die.n.01_1, bookcase.n.01_1)
  done  C3  ontop(die.n.01_1, electric_refrigerator.n.01_1)
  done  C4  ontop(die.n.01_1, armchair.n.01_1)
  done  C5  ontop(die.n.01_1, breakfast_table.n.01_1)
  done  C6  ontop(die.n.01_1, coffee_table.n.01_1)
  done  C7  ontop(die.n.01_1, cabinet.n.01_2)
  done  C8  ontop(die.n.01_1, cabinet.n.01_3)
  done  C9  ontop(die.n.01_1, bed.n.01_2)
  NEXT  D   ontop(die.n.01_1, bed.n.01_1)
A support reached out of order does not count, and nothing is lost by it: progress resumes when the NEXT one holds.

=== ROBOT ridgeback_2 ===
Step 7636/8000 | you are ridgeback_2 in bedroom_0 (a bedroom)
Rooms in this house (navigate_to any of them): bathroom_0, bedroom_0, childs_room_0, closet_0, closet_1, corridor_0, dining_room_0, empty_room_0, empty_room_1, kitchen_0, living_room_0, staircase_0
Holding: nothing

bedroom_0:
  - bed.n.01_2  -> grasp, navigate_to
  - cabinet.n.01_3  -> grasp, navigate_to, open  [Open is False]
  - die.n.01_1  -> unreachable, navigate_to  [1.4 m away]
  - drone_2  (teammate)  [drone]
  - drone_3  (teammate)  [drone]
  - jackal_1  (teammate)  [carrier, empty]  -> unreachable, navigate_to  [2.8 m away]
  - ridgeback_1  (teammate)  [base locks while holding]

Relations:
  ontop(die.n.01_1, bed.n.01_2)

=== ROBOT jackal_2 ===
Step 7636/8000 | you are jackal_2 in living_room_0 (a living room)
Rooms in this house (navigate_to any of them): bathroom_0, bedroom_0, childs_room_0, closet_0, closet_1, corridor_0, dining_room_0, empty_room_0, empty_room_1, kitchen_0, living_room_0, staircase_0
Holding: nothing

living_room_0:
  - cabinet.n.01_2  Open  -> unreachable, navigate_to  [2.1 m away]
  - coffee_table.n.01_1  -> unreachable, navigate_to  [1.9 m away]
  - jackal_3  (teammate)  [carrier, empty]
  - ridgeback_3  (teammate)  [base locks while holding]

=== ROBOT drone_2 ===
Step 7636/8000 | you are drone_2 (drone) in bedroom_0 (a bedroom)
Rooms in this house (navigate_to any of them): bathroom_0, bedroom_0, childs_room_0, closet_0, closet_1, corridor_0, dining_room_0, empty_room_0, empty_room_1, kitchen_0, living_room_0, staircase_0
Holding: nothing

bedroom_0:
  - bed.n.01_2  -> grasp, navigate_to
  - cabinet.n.01_3  -> grasp, navigate_to, open  [Open is False]
  - die.n.01_1  -> unreachable, navigate_to  [1.0 m away]
  - drone_3  (teammate)  [drone]
  - jackal_1  (teammate)  [carrier, empty]  -> navigate_to
  - ridgeback_1  (teammate)  [base locks while holding]
  - ridgeback_2  (teammate)  [base locks while holding]

Relations:
  ontop(die.n.01_1, bed.n.01_2)

## 9. ACTION HISTORY AND FAILURES
--- ridgeback_2 ---
Its current plan: wait_for_team(team_2) [interrupted]
YOUR FINISHED PLANS (most recent last):
  #26 [DONE] ontop(die.n.01_1, bed.n.01_01)
      plan: wait(100)
      you chose it because: The drone can carry the die without a carrier; I stay idle to avoid competing for the exclusive cargo.
  #28 [DONE] ontop(die.n.01_1, bed.n.01_1)
      plan: wait(600)
      you chose it because: The drone is the only robot able to carry the die independently; I remain idle to avoid competing for the exclusive cargo.
  #30 [FAILED] ontop(die.n.01_1, bed.n.01_1)
      plan: navigate_to(bed.n.01_2) -> grasp(die.n.01_1) -> load_onto(jackal_2) -> navigate_to(bed.n.01_1) -> unload_from(jackal_2) -> place_on_top(bed.n.01_1)
      you chose it because: I will approach the die from the bedroom, load it onto the base-unlocked carrier, then meet the carrier at the child's-room bed and place the die on the NEXT support.
      it failed because: grasp: An error occurred during each attempt of this action. Attempt 0: PRE_CONDITION_ERROR: You are 1.45 m from dice_154, too far to grasp it (you must be within 1.08 m). Navigate to it first.. Ad...

--- jackal_2 ---
Its current plan: wait_for_team(team_2) [interrupted]
YOUR FINISHED PLANS (most recent last):
  #21 [DONE] ontop(die.n.01_1, bed.n.01_1)
      plan: wait(100)
      you chose it because: As a carrier without an arm, I cannot manipulate the die, so I wait while drone_2 performs the final route leg.
  #22 [DONE] ontop(die.n.01_1, bed.n.01_1)
      plan: wait(600)
      you chose it because: As a carrier without an arm, I cannot manipulate the die. I wait while drone_2 completes the final route leg.
  #23 [FAILED] ontop(die.n.01_1, bed.n.01_1)
      plan: navigate_to(bed.n.01_2) -> wait(400) -> navigate_to(bed.n.01_1) -> place_on_top(bed.n.01_1)
      you chose it because: I carry the die after ridgeback_2 loads it. The initial wait lets ridgeback reach and load the die before I leave for the child's-room bed.
      it failed because: navigate_to: An error occurred during each attempt of this action. Attempt 0: PLANNING_ERROR: Cannot reach bed_zrumze_1: there is no free floor space around it to stand on (need a spot 1.9-2.5 m aw...

--- drone_2 ---
Its current plan: ontop(die.n.01_1, bed.n.01_1) [success]
YOUR FINISHED PLANS (most recent last):
  #18 [FAILED] ontop(die.n.01_1, bed.n.01_1)
      plan: navigate_to(bed.n.01_2) -> grasp(die.n.01_1) -> navigate_to(bed.n.01_1) -> place_on_top(bed.n.01_1)
      you chose it because: The die is currently on bed.n.01_2, the completed support, and the next support is bed.n.01_1. I first approach the bed to get close enough to grasp the die despite the prior obstructed direct approach, then fly directly to the child's-room bed and place it.
      it failed because: grasp: An error occurred during each attempt of this action. Attempt 0: PRE_CONDITION_ERROR: You are 1.16 m from dice_154, too far to grasp it (you must be within 0.90 m). Navigate to it first.. Ad...
  #20 [FAILED] ontop(die.n.01_1, bed.n.01_1)
      plan: navigate_to(bed.n.01_2) -> navigate_to(cabinet.n.01_3) -> grasp(die.n.01_1) -> navigate_to(bed.n.01_1) -> place_on_top(bed.n.01_1)
      you chose it because: I handle the final die transfer. I reposition first through the two reachable bedroom supports to approach the die, then carry it directly to the child's-room bed, the current NEXT support.
      it failed because: grasp: An error occurred during each attempt of this action. Attempt 0: PRE_CONDITION_ERROR: You are 0.98 m from dice_154, too far to grasp it (you must be within 0.90 m). Navigate to it first.. Ad...
  #22 [DONE] ontop(die.n.01_1, bed.n.01_1)
      plan: wait(600)
      you chose it because: The die is exclusive and ridgeback_2 is assigned to the arm-and-carrier handoff; I wait rather than competing for it.

Return exactly 3 plans, one per robot, using each robot's own ids. Say in `reasoning` how you divided the work.
-------------------------------------- COMPLETION --------------------------------------
  plans:
    [1]
      agent_id: ridgeback_2
      task:
        task: Task.ONTOP
        object_type: die.n.01_1
        object_id: 1
        reference: bed.n.01_1
      actions:
        [1]
          action_type: wait
          ticks: 500
      reasoning: The drone can independently carry the die, so I wait and avoid competing for the exclusive cargo.
    [2]
      agent_id: jackal_2
      task:
        task: Task.ONTOP
        object_type: die.n.01_1
        object_id: 1
        reference: bed.n.01_1
      actions:
        [1]
          action_type: wait
          ticks: 500
      reasoning: As a carrier without an arm, I cannot manipulate the die; I wait while drone_2 completes the final leg.
    [3]
      agent_id: drone_2
      task:
        task: Task.ONTOP
        object_type: die.n.01_1
        object_id: 1
        reference: bed.n.01_1
      actions:
        [1]
          action_type: navigate_to
          target: die.n.01_1
        [2]
          action_type: grasp
          target: die.n.01_1
        [3]
          action_type: navigate_to
          target: bed.n.01_1
        [4]
          action_type: place_on_top
          target: bed.n.01_1
      reasoning: I handle the final transfer. Navigating directly to the die first closes the remaining distance gap, then I fly with it to the NEXT support, the bed in the child's room.
  reasoning: drone_2 is assigned the die because it can lift and carry it without a carrier. ridgeback_2 and jackal_2 remain idle to prevent exclusive-object conflicts and unnecessary travel.
