====================================================================================================
#1  ridgeback_2  env_step 0  t=48.502s  Team Plan Generation [team_2]
  usage: 7227 tokens (prompt 6407, completion 820)
---------------------------------- PROMPT / SYSTEM ----------------------------------
## 1. YOUR ROLE
You command TEAM 'team_2' -- 3 robots (ridgeback_2, jackal_2, drone_2) -- in a multi-agent
cooperative household task, alongside other teams doing the same. You are the
TEAM CONTROLLER: you are given all 3 robots' observations in one call and
answer with one plan per robot, in that same call.

- Divide the work. Two robots sent to the same object waste one of them: the
  loser burns the whole trip and its grasp fails with OBJECT_CLAIMED.
- Your robots start their plans together and you are not asked again until
  every one of them has finished. A robot that finishes early holds position
  and does nothing useful, so plans of wildly different lengths waste the
  short ones.
- Other teams are driven by their own controllers, not by you. You coordinate
  with them only through the messages quoted in this prompt.
- At the end of the prompt are each robot's last few plans, with their
  actions and how each ended, and the messages this team has sent and
  received. A plan that failed for a reason that still holds will fail the
  same way again, and a question you already asked has its answer in the
  record.

PLAN RESPONSE:
- Return a structured plan for EVERY robot listed above, one each, tagged with
  that robot's agent_id.
- Give each robot one task and at most 6 actions; 3-6 short
  executable actions are usually enough.
- Use exact item_id values from that robot's own section of the prompt.
- Say in the team-level `reasoning` how you divided the work between them.

## 2. ENVIRONMENT RULES
Your robots act through high-level primitives, not joint commands. Each one
takes many simulation steps: driving across a room costs 30 ticks per metre, so
distance is the main cost you control. None of them can see -- each is given a
symbolic description of the room it is standing in, and only that room, and
those descriptions are listed below one robot at a time.

Rules that decide whether an action succeeds:
- To grasp, place, open or toggle an object a robot must be closer to it than
  that object's own distance threshold; beyond it the action fails with TOO_FAR.
  Each object in a robot's room listing carries what that robot can do to it
  after "->", and a distance in metres ONLY when it is out of range -- no
  distance means that robot is already close enough to act on it now.
- An out-of-range object is marked "unreachable" and offers navigate_to and
  NOTHING else. No robot can grasp, place, open or toggle an unreachable
  object, however close it looks in the room listing: it must navigate_to it
  first.
- If a robot has nothing useful to do right now -- another robot is already
  handling the only target it could work on, or it is waiting on something to
  finish -- give it wait rather than acting anyway. wait holds its position for
  the number of ticks you give it, during which the others make progress.
- One object at a time per robot: grasp needs an empty gripper, place needs a
  full one.
- Objects are exclusive, including between your own robots. If anyone is
  holding something, a grasp for it fails with "held by <agent>". Sending two
  robots after one target costs the loser the whole trip for nothing.
- Some tasks are a route: THE TEAM'S TASK lists supports the cargo must rest on
  in order, marked done / NEXT. Only the NEXT support counts when the cargo is
  placed on it; a support reached out of order does not count and costs
  nothing -- progress resumes when NEXT holds. Progress is judged on where the
  cargo rests, not on what a robot intended.
- Every id in THE TEAM'S TASK is a valid navigate_to target for any robot from
  ANY room, even when it is not in that robot's listing: navigate_to(<that id>)
  drives it there, through the house, and its next listing shows that room.
  That is how a robot changes rooms. The cargo is where the task says it
  starts (or on the last support marked done) -- send a robot there; it will
  not be found where the robots stand.
- The line "Rooms in this house" names every room. navigate_to(<room name>)
  drives a robot to a free spot inside that room, so it can reach a room whose
  objects it cannot name yet, or go and look for something.
- Refer to objects only by the ids in that robot's own room listing, which are
  the objects in the room it is standing in. They look like apple.n.01_1. Never
  invent one, and never give one robot an id that appeared only under another
  robot -- it is in a room that robot cannot see.
- An entry marked "blocked" is in that room but currently unavailable -- the
  bracketed note says why.

When an action fails, that robot's plan is abandoned. You are told the failure
reason the next time you are asked -- read it before replanning: it tells you
whether that robot should wait, approach, or pick a different target.

## 3. ROBOT CAPABILITIES
Three kinds of robot. A robot's kind is on its own header ("(drone)") and on
its line in a teammate's listing ("[carrier, ...]", "[base locks while
holding]", "[drone]").

ARM -- a robot with a gripper: grasp, place_on_top, release, open/close,
toggle, load_onto, unload_from, navigate_to, wait.
- Some arms' bases LOCK while the gripper is loaded, and navigate_to then fails
  with BASE_LOCKED; such a robot cannot deliver what it picks up. Have it load
  the object onto a carrier robot with load_onto, let the carrier drive, and
  have an arm take it back at the far end with unload_from. Both actions name
  the *carrier* as their target and need the two robots within reach of each
  other. This is a division of labour, not a detour: it is why a task can need
  more than one of your robots.
- ONLY a robot marked [base locks while holding] needs a carrier. Any other
  robot that can grasp -- a drone, an unmarked arm -- carries what it holds by
  itself: grasp, navigate_to the support, place_on_top, done. A drone that can
  lift the cargo needs nobody: routing its cargo through a carrier and back is
  a detour that costs two extra actions and a round of waiting for nothing.
  Use the carrier for the base-locked robot's legs, and only for those.

CARRIER -- a robot with no arm: cargo rides on its back.
- A carrier and what it is carrying are ONE line in that robot's room listing:

    - agent_1  (teammate)  [carrier, carrying box.n.01_1]  -> unload_from

  The cargo has no line of its own and cannot be grasped where it sits.
  unload_from(agent_1) takes it off that carrier's back and into the acting
  robot's hand; load_onto(agent_1) puts what that robot holds onto it. Both
  name the carrier, both need the two robots within reach of each other, and
  unload_from is the only way to get cargo back.
- **A carrier has no arm**, so give it navigate_to and wait and nothing else:
  no grasp, no place, no release, no load_onto or unload_from -- those are done
  *to* it by a robot that does have a hand. Its own section lists its load on
  an "On your back:" line, and it cannot put that down itself. Its job is to
  drive to where an arm is waiting, which is the whole reason a task needs two
  of them.

DRONE -- flies, holds its load under a suction mount, and its base never locks:
it carries what it grasps by itself.
- What a drone may lift is limited. The drone cannot lift the notebook. A
  robot tagged [drone] can grasp and carry the die (die.n.01_1) but NOT the
  notebook (notebook.n.01_1): grasp or unload_from on it fails with
  CANNOT_LIFT, and getting closer does not change that. Only a robot with an
  arm can lift the notebook, so give that leg to an arm; this division of
  labour is what the task is built around.

THIS TEAM'S ROBOTS:
  - ridgeback_2: ARM, base LOCKS while holding (needs a carrier to move cargo)
  - jackal_2: CARRIER (no arm; navigate_to and wait only)
  - drone_2: DRONE (flies, carries what it holds; see the lift table)

WHO MAY LIFT WHAT (this activity):
  - notebook.n.01: arm

## 4. COOPERATION MODE: INDIVIDUAL
Every team plans for itself. No team sends or receives messages; you learn
what the other teams are doing only from what your robots see (a teammate of
another team in the listing, an object held by one of its robots). Do not
wait for others to speak. When another team already holds the cargo, give
your robots something else or wait.
---------------------------------- PROMPT / USER ----------------------------------
=== STEP 0 ===

## 6. OBSERVATIONS -- TEAM team_2 (3 robots)

THE TEAM'S TASK (the same for every robot), in the ids it is written in:
  Move notebook.n.01_1, in this order, onto: the cabinet in the child's room, the bookcase in the kitchen. Move notebook.n.01_2, in this order, onto: the bookcase in the kitchen, the armchair in the dining room. Move notebook.n.01_3, in this order, onto: the armchair in the dining room, the coffee table in the living room. Move notebook.n.01_4, in this order, onto: the cabinet in the living room, the bed in the bedroom. Move notebook.n.01_5, in this order, onto: the cabinet in the bedroom, the bed in the child's room.
Route S1-M5, carry notebook.n.01_1 through these in order:
  it starts ontop(notebook.n.01_1, floor.n.01_5)
  NEXT  C1  ontop(notebook.n.01_1, cabinet.n.01_1)
        D   ontop(notebook.n.01_1, bookcase.n.01_1)
Route S1-M3, carry notebook.n.01_2 through these in order:
  it starts ontop(notebook.n.01_2, floor.n.01_3)
  NEXT  C1  ontop(notebook.n.01_2, bookcase.n.01_1)
        D   ontop(notebook.n.01_2, armchair.n.01_1)
Route S1-M2, carry notebook.n.01_3 through these in order:
  it starts ontop(notebook.n.01_3, floor.n.01_2)
  NEXT  C1  ontop(notebook.n.01_3, armchair.n.01_1)
        D   ontop(notebook.n.01_3, coffee_table.n.01_1)
Route S1-M1, carry notebook.n.01_4 through these in order:
  it starts ontop(notebook.n.01_4, floor.n.01_1)
  NEXT  C1  ontop(notebook.n.01_4, cabinet.n.01_2)
        D   ontop(notebook.n.01_4, bed.n.01_2)
Route S1-M4, carry notebook.n.01_5 through these in order:
  it starts ontop(notebook.n.01_5, floor.n.01_4)
  NEXT  C1  ontop(notebook.n.01_5, cabinet.n.01_3)
        D   ontop(notebook.n.01_5, bed.n.01_1)
A support reached out of order does not count, and nothing is lost by it: progress resumes when the NEXT one holds.

=== ROBOT ridgeback_2 ===
Step 0/8000 | you are ridgeback_2 in living_room_0 (a living room)
Rooms in this house (navigate_to any of them): bathroom_0, bedroom_0, childs_room_0, closet_0, closet_1, corridor_0, dining_room_0, empty_room_0, empty_room_1, kitchen_0, living_room_0, staircase_0
Holding: nothing

living_room_0:
  - cabinet.n.01_2  -> unreachable, navigate_to  [2.1 m away]
  - coffee_table.n.01_1  -> grasp, navigate_to
  - drone_1  (teammate)  [drone]
  - drone_2  (teammate)  [drone]
  - drone_3  (teammate)  [drone]
  - floor.n.01_1  -> navigate_to
  - jackal_1  (teammate)  [carrier, empty]  -> navigate_to
  - jackal_2  (teammate)  [carrier, empty]  -> navigate_to
  - jackal_3  (teammate)  [carrier, empty]  -> navigate_to
  - notebook.n.01_4  -> unreachable, navigate_to  [1.2 m away]
  - ridgeback_1  (teammate)  [base locks while holding]
  - ridgeback_3  (teammate)  [base locks while holding]

Relations:
  ontop(cabinet.n.01_2, floor.n.01_1)
  ontop(coffee_table.n.01_1, floor.n.01_1)
  ontop(jackal_1, floor.n.01_1)
  ontop(jackal_2, floor.n.01_1)
  ontop(jackal_3, floor.n.01_1)
  ontop(notebook.n.01_4, floor.n.01_1)
  ontop(ridgeback_1, floor.n.01_1)
  ontop(ridgeback_2, floor.n.01_1)
  ontop(ridgeback_3, floor.n.01_1)
  under(floor.n.01_1, ridgeback_1)
  under(jackal_1, drone_1)
  under(jackal_2, drone_2)
  under(jackal_3, drone_3)
  under(notebook.n.01_4, coffee_table.n.01_1)

=== ROBOT jackal_2 ===
Step 0/8000 | you are jackal_2 in living_room_0 (a living room)
Rooms in this house (navigate_to any of them): bathroom_0, bedroom_0, childs_room_0, closet_0, closet_1, corridor_0, dining_room_0, empty_room_0, empty_room_1, kitchen_0, living_room_0, staircase_0
Holding: nothing

living_room_0:
  - cabinet.n.01_2  -> unreachable, navigate_to  [2.1 m away]
  - coffee_table.n.01_1  -> unreachable, navigate_to  [1.9 m away]
  - drone_1  (teammate)  [drone]
  - drone_2  (teammate)  [drone]
  - drone_3  (teammate)  [drone]
  - floor.n.01_1  -> navigate_to
  - jackal_1  (teammate)  [carrier, empty]
  - jackal_3  (teammate)  [carrier, empty]
  - notebook.n.01_4  -> unreachable, navigate_to  [1.7 m away]
  - ridgeback_1  (teammate)  [base locks while holding]
  - ridgeback_2  (teammate)  [base locks while holding]
  - ridgeback_3  (teammate)  [base locks while holding]

Relations:
  ontop(cabinet.n.01_2, floor.n.01_1)
  ontop(coffee_table.n.01_1, floor.n.01_1)
  ontop(jackal_1, floor.n.01_1)
  ontop(jackal_2, floor.n.01_1)
  ontop(jackal_3, floor.n.01_1)
  ontop(notebook.n.01_4, floor.n.01_1)
  ontop(ridgeback_1, floor.n.01_1)
  ontop(ridgeback_2, floor.n.01_1)
  ontop(ridgeback_3, floor.n.01_1)
  under(floor.n.01_1, ridgeback_1)
  under(jackal_1, drone_1)
  under(jackal_2, drone_2)
  under(jackal_3, drone_3)
  under(notebook.n.01_4, coffee_table.n.01_1)

=== ROBOT drone_2 ===
Step 0/8000 | you are drone_2 (drone) in living_room_0 (a living room)
Rooms in this house (navigate_to any of them): bathroom_0, bedroom_0, childs_room_0, closet_0, closet_1, corridor_0, dining_room_0, empty_room_0, empty_room_1, kitchen_0, living_room_0, staircase_0
Holding: nothing

living_room_0:
  - cabinet.n.01_2  -> unreachable, navigate_to  [2.1 m away]
  - coffee_table.n.01_1  -> unreachable, navigate_to  [1.9 m away]
  - drone_1  (teammate)  [drone]
  - drone_3  (teammate)  [drone]
  - floor.n.01_1  -> navigate_to
  - jackal_1  (teammate)  [carrier, empty]  -> navigate_to
  - jackal_2  (teammate)  [carrier, empty]  -> navigate_to
  - jackal_3  (teammate)  [carrier, empty]  -> unreachable, navigate_to  [1.7 m away]
  - notebook.n.01_4  -> unreachable, navigate_to  [1.7 m away]
  - ridgeback_1  (teammate)  [base locks while holding]
  - ridgeback_2  (teammate)  [base locks while holding]
  - ridgeback_3  (teammate)  [base locks while holding]

Relations:
  ontop(cabinet.n.01_2, floor.n.01_1)
  ontop(coffee_table.n.01_1, floor.n.01_1)
  ontop(jackal_1, floor.n.01_1)
  ontop(jackal_2, floor.n.01_1)
  ontop(jackal_3, floor.n.01_1)
  ontop(notebook.n.01_4, floor.n.01_1)
  ontop(ridgeback_1, floor.n.01_1)
  ontop(ridgeback_2, floor.n.01_1)
  ontop(ridgeback_3, floor.n.01_1)
  under(floor.n.01_1, ridgeback_1)
  under(jackal_1, drone_1)
  under(jackal_2, drone_2)
  under(jackal_3, drone_3)
  under(notebook.n.01_4, coffee_table.n.01_1)

## 9. ACTION HISTORY AND FAILURES
--- ridgeback_2 ---
Its current plan: wait_for_team(team_2) [interrupted]

--- jackal_2 ---
Its current plan: wait_for_team(team_2) [interrupted]

Return exactly 3 plans, one per robot, using each robot's own ids. Say in `reasoning` how you divided the work.
-------------------------------------- COMPLETION --------------------------------------
  plans:
    [1]
      agent_id: ridgeback_2
      task:
        task: Task.ONTOP
        object_type: notebook.n.01_4
        object_id: 1
        reference: cabinet.n.01_2
      actions:
        [1]
          action_type: navigate_to
          target: notebook.n.01_4
        [2]
          action_type: grasp
          target: notebook.n.01_4
        [3]
          action_type: load_onto
          target: jackal_2
      reasoning: Handle notebook 4's first route leg. Because my base locks while holding, I will grasp it and transfer it to jackal_2 for transport.
    [2]
      agent_id: jackal_2
      task:
        task: Task.ONTOP
        object_type: notebook.n.01_4
        object_id: 1
        reference: cabinet.n.01_2
      actions:
        [1]
          action_type: wait
          ticks: 150
        [2]
          action_type: navigate_to
          target: cabinet.n.01_2
      reasoning: Act as the carrier for ridgeback_2. Wait for the notebook transfer, then carry it to the living-room cabinet.
    [3]
      agent_id: drone_2
      task:
        task: Task.ONTOP
        object_type: notebook.n.01_4
        object_id: 1
        reference: cabinet.n.01_2
      actions:
        [1]
          action_type: wait
          ticks: 300
      reasoning: The notebook cannot be lifted by a drone, and ridgeback_2 with jackal_2 are assigned the only viable first leg, so I wait without competing for the object.
  reasoning: ridgeback_2 is assigned the notebook handling, while jackal_2 provides the required transport because ridgeback_2 locks while holding. drone_2 waits since it cannot lift notebooks and should not duplicate the cargo assignment.
====================================================================================================
#2  ridgeback_1  env_step 0  t=49.0s  Team Plan Generation [team_1]
  usage: 7448 tokens (prompt 6375, completion 1073)
---------------------------------- PROMPT / SYSTEM ----------------------------------
## 1. YOUR ROLE
You command TEAM 'team_1' -- 3 robots (ridgeback_1, jackal_1, drone_1) -- in a multi-agent
cooperative household task, alongside other teams doing the same. You are the
TEAM CONTROLLER: you are given all 3 robots' observations in one call and
answer with one plan per robot, in that same call.

- Divide the work. Two robots sent to the same object waste one of them: the
  loser burns the whole trip and its grasp fails with OBJECT_CLAIMED.
- Your robots start their plans together and you are not asked again until
  every one of them has finished. A robot that finishes early holds position
  and does nothing useful, so plans of wildly different lengths waste the
  short ones.
- Other teams are driven by their own controllers, not by you. You coordinate
  with them only through the messages quoted in this prompt.
- At the end of the prompt are each robot's last few plans, with their
  actions and how each ended, and the messages this team has sent and
  received. A plan that failed for a reason that still holds will fail the
  same way again, and a question you already asked has its answer in the
  record.

PLAN RESPONSE:
- Return a structured plan for EVERY robot listed above, one each, tagged with
  that robot's agent_id.
- Give each robot one task and at most 6 actions; 3-6 short
  executable actions are usually enough.
- Use exact item_id values from that robot's own section of the prompt.
- Say in the team-level `reasoning` how you divided the work between them.

## 2. ENVIRONMENT RULES
Your robots act through high-level primitives, not joint commands. Each one
takes many simulation steps: driving across a room costs 30 ticks per metre, so
distance is the main cost you control. None of them can see -- each is given a
symbolic description of the room it is standing in, and only that room, and
those descriptions are listed below one robot at a time.

Rules that decide whether an action succeeds:
- To grasp, place, open or toggle an object a robot must be closer to it than
  that object's own distance threshold; beyond it the action fails with TOO_FAR.
  Each object in a robot's room listing carries what that robot can do to it
  after "->", and a distance in metres ONLY when it is out of range -- no
  distance means that robot is already close enough to act on it now.
- An out-of-range object is marked "unreachable" and offers navigate_to and
  NOTHING else. No robot can grasp, place, open or toggle an unreachable
  object, however close it looks in the room listing: it must navigate_to it
  first.
- If a robot has nothing useful to do right now -- another robot is already
  handling the only target it could work on, or it is waiting on something to
  finish -- give it wait rather than acting anyway. wait holds its position for
  the number of ticks you give it, during which the others make progress.
- One object at a time per robot: grasp needs an empty gripper, place needs a
  full one.
- Objects are exclusive, including between your own robots. If anyone is
  holding something, a grasp for it fails with "held by <agent>". Sending two
  robots after one target costs the loser the whole trip for nothing.
- Some tasks are a route: THE TEAM'S TASK lists supports the cargo must rest on
  in order, marked done / NEXT. Only the NEXT support counts when the cargo is
  placed on it; a support reached out of order does not count and costs
  nothing -- progress resumes when NEXT holds. Progress is judged on where the
  cargo rests, not on what a robot intended.
- Every id in THE TEAM'S TASK is a valid navigate_to target for any robot from
  ANY room, even when it is not in that robot's listing: navigate_to(<that id>)
  drives it there, through the house, and its next listing shows that room.
  That is how a robot changes rooms. The cargo is where the task says it
  starts (or on the last support marked done) -- send a robot there; it will
  not be found where the robots stand.
- The line "Rooms in this house" names every room. navigate_to(<room name>)
  drives a robot to a free spot inside that room, so it can reach a room whose
  objects it cannot name yet, or go and look for something.
- Refer to objects only by the ids in that robot's own room listing, which are
  the objects in the room it is standing in. They look like apple.n.01_1. Never
  invent one, and never give one robot an id that appeared only under another
  robot -- it is in a room that robot cannot see.
- An entry marked "blocked" is in that room but currently unavailable -- the
  bracketed note says why.

When an action fails, that robot's plan is abandoned. You are told the failure
reason the next time you are asked -- read it before replanning: it tells you
whether that robot should wait, approach, or pick a different target.

## 3. ROBOT CAPABILITIES
Three kinds of robot. A robot's kind is on its own header ("(drone)") and on
its line in a teammate's listing ("[carrier, ...]", "[base locks while
holding]", "[drone]").

ARM -- a robot with a gripper: grasp, place_on_top, release, open/close,
toggle, load_onto, unload_from, navigate_to, wait.
- Some arms' bases LOCK while the gripper is loaded, and navigate_to then fails
  with BASE_LOCKED; such a robot cannot deliver what it picks up. Have it load
  the object onto a carrier robot with load_onto, let the carrier drive, and
  have an arm take it back at the far end with unload_from. Both actions name
  the *carrier* as their target and need the two robots within reach of each
  other. This is a division of labour, not a detour: it is why a task can need
  more than one of your robots.
- ONLY a robot marked [base locks while holding] needs a carrier. Any other
  robot that can grasp -- a drone, an unmarked arm -- carries what it holds by
  itself: grasp, navigate_to the support, place_on_top, done. A drone that can
  lift the cargo needs nobody: routing its cargo through a carrier and back is
  a detour that costs two extra actions and a round of waiting for nothing.
  Use the carrier for the base-locked robot's legs, and only for those.

CARRIER -- a robot with no arm: cargo rides on its back.
- A carrier and what it is carrying are ONE line in that robot's room listing:

    - agent_1  (teammate)  [carrier, carrying box.n.01_1]  -> unload_from

  The cargo has no line of its own and cannot be grasped where it sits.
  unload_from(agent_1) takes it off that carrier's back and into the acting
  robot's hand; load_onto(agent_1) puts what that robot holds onto it. Both
  name the carrier, both need the two robots within reach of each other, and
  unload_from is the only way to get cargo back.
- **A carrier has no arm**, so give it navigate_to and wait and nothing else:
  no grasp, no place, no release, no load_onto or unload_from -- those are done
  *to* it by a robot that does have a hand. Its own section lists its load on
  an "On your back:" line, and it cannot put that down itself. Its job is to
  drive to where an arm is waiting, which is the whole reason a task needs two
  of them.

DRONE -- flies, holds its load under a suction mount, and its base never locks:
it carries what it grasps by itself.
- What a drone may lift is limited. The drone cannot lift the notebook. A
  robot tagged [drone] can grasp and carry the die (die.n.01_1) but NOT the
  notebook (notebook.n.01_1): grasp or unload_from on it fails with
  CANNOT_LIFT, and getting closer does not change that. Only a robot with an
  arm can lift the notebook, so give that leg to an arm; this division of
  labour is what the task is built around.

THIS TEAM'S ROBOTS:
  - ridgeback_1: ARM, base LOCKS while holding (needs a carrier to move cargo)
  - jackal_1: CARRIER (no arm; navigate_to and wait only)
  - drone_1: DRONE (flies, carries what it holds; see the lift table)

WHO MAY LIFT WHAT (this activity):
  - notebook.n.01: arm

## 4. COOPERATION MODE: INDIVIDUAL
Every team plans for itself. No team sends or receives messages; you learn
what the other teams are doing only from what your robots see (a teammate of
another team in the listing, an object held by one of its robots). Do not
wait for others to speak. When another team already holds the cargo, give
your robots something else or wait.
---------------------------------- PROMPT / USER ----------------------------------
=== STEP 0 ===

## 6. OBSERVATIONS -- TEAM team_1 (3 robots)

THE TEAM'S TASK (the same for every robot), in the ids it is written in:
  Move notebook.n.01_1, in this order, onto: the cabinet in the child's room, the bookcase in the kitchen. Move notebook.n.01_2, in this order, onto: the bookcase in the kitchen, the armchair in the dining room. Move notebook.n.01_3, in this order, onto: the armchair in the dining room, the coffee table in the living room. Move notebook.n.01_4, in this order, onto: the cabinet in the living room, the bed in the bedroom. Move notebook.n.01_5, in this order, onto: the cabinet in the bedroom, the bed in the child's room.
Route S1-M5, carry notebook.n.01_1 through these in order:
  it starts ontop(notebook.n.01_1, floor.n.01_5)
  NEXT  C1  ontop(notebook.n.01_1, cabinet.n.01_1)
        D   ontop(notebook.n.01_1, bookcase.n.01_1)
Route S1-M3, carry notebook.n.01_2 through these in order:
  it starts ontop(notebook.n.01_2, floor.n.01_3)
  NEXT  C1  ontop(notebook.n.01_2, bookcase.n.01_1)
        D   ontop(notebook.n.01_2, armchair.n.01_1)
Route S1-M2, carry notebook.n.01_3 through these in order:
  it starts ontop(notebook.n.01_3, floor.n.01_2)
  NEXT  C1  ontop(notebook.n.01_3, armchair.n.01_1)
        D   ontop(notebook.n.01_3, coffee_table.n.01_1)
Route S1-M1, carry notebook.n.01_4 through these in order:
  it starts ontop(notebook.n.01_4, floor.n.01_1)
  NEXT  C1  ontop(notebook.n.01_4, cabinet.n.01_2)
        D   ontop(notebook.n.01_4, bed.n.01_2)
Route S1-M4, carry notebook.n.01_5 through these in order:
  it starts ontop(notebook.n.01_5, floor.n.01_4)
  NEXT  C1  ontop(notebook.n.01_5, cabinet.n.01_3)
        D   ontop(notebook.n.01_5, bed.n.01_1)
A support reached out of order does not count, and nothing is lost by it: progress resumes when the NEXT one holds.

=== ROBOT ridgeback_1 ===
Step 0/8000 | you are ridgeback_1 in living_room_0 (a living room)
Rooms in this house (navigate_to any of them): bathroom_0, bedroom_0, childs_room_0, closet_0, closet_1, corridor_0, dining_room_0, empty_room_0, empty_room_1, kitchen_0, living_room_0, staircase_0
Holding: nothing

living_room_0:
  - cabinet.n.01_2  -> unreachable, navigate_to  [2.6 m away]
  - coffee_table.n.01_1  -> grasp, navigate_to
  - drone_1  (teammate)  [drone]
  - drone_2  (teammate)  [drone]
  - drone_3  (teammate)  [drone]
  - floor.n.01_1  -> navigate_to
  - jackal_1  (teammate)  [carrier, empty]  -> navigate_to
  - jackal_2  (teammate)  [carrier, empty]  -> navigate_to
  - jackal_3  (teammate)  [carrier, empty]  -> navigate_to
  - notebook.n.01_4  -> grasp, navigate_to
  - ridgeback_2  (teammate)  [base locks while holding]
  - ridgeback_3  (teammate)  [base locks while holding]

Relations:
  ontop(cabinet.n.01_2, floor.n.01_1)
  ontop(coffee_table.n.01_1, floor.n.01_1)
  ontop(jackal_1, floor.n.01_1)
  ontop(jackal_2, floor.n.01_1)
  ontop(jackal_3, floor.n.01_1)
  ontop(notebook.n.01_4, floor.n.01_1)
  ontop(ridgeback_1, floor.n.01_1)
  ontop(ridgeback_2, floor.n.01_1)
  ontop(ridgeback_3, floor.n.01_1)
  under(floor.n.01_1, ridgeback_1)
  under(jackal_1, drone_1)
  under(jackal_2, drone_2)
  under(jackal_3, drone_3)
  under(notebook.n.01_4, coffee_table.n.01_1)

=== ROBOT jackal_1 ===
Step 0/8000 | you are jackal_1 in living_room_0 (a living room)
Rooms in this house (navigate_to any of them): bathroom_0, bedroom_0, childs_room_0, closet_0, closet_1, corridor_0, dining_room_0, empty_room_0, empty_room_1, kitchen_0, living_room_0, staircase_0
Holding: nothing

living_room_0:
  - cabinet.n.01_2  -> unreachable, navigate_to  [3.2 m away]
  - coffee_table.n.01_1  -> navigate_to
  - drone_1  (teammate)  [drone]
  - drone_2  (teammate)  [drone]
  - drone_3  (teammate)  [drone]
  - floor.n.01_1  -> navigate_to
  - jackal_2  (teammate)  [carrier, empty]
  - jackal_3  (teammate)  [carrier, empty]
  - notebook.n.01_4  -> navigate_to
  - ridgeback_1  (teammate)  [base locks while holding]
  - ridgeback_2  (teammate)  [base locks while holding]
  - ridgeback_3  (teammate)  [base locks while holding]

Relations:
  ontop(cabinet.n.01_2, floor.n.01_1)
  ontop(coffee_table.n.01_1, floor.n.01_1)
  ontop(jackal_1, floor.n.01_1)
  ontop(jackal_2, floor.n.01_1)
  ontop(jackal_3, floor.n.01_1)
  ontop(notebook.n.01_4, floor.n.01_1)
  ontop(ridgeback_1, floor.n.01_1)
  ontop(ridgeback_2, floor.n.01_1)
  ontop(ridgeback_3, floor.n.01_1)
  under(floor.n.01_1, ridgeback_1)
  under(jackal_1, drone_1)
  under(jackal_2, drone_2)
  under(jackal_3, drone_3)
  under(notebook.n.01_4, coffee_table.n.01_1)

=== ROBOT drone_1 ===
Step 0/8000 | you are drone_1 (drone) in living_room_0 (a living room)
Rooms in this house (navigate_to any of them): bathroom_0, bedroom_0, childs_room_0, closet_0, closet_1, corridor_0, dining_room_0, empty_room_0, empty_room_1, kitchen_0, living_room_0, staircase_0
Holding: nothing

living_room_0:
  - cabinet.n.01_2  -> unreachable, navigate_to  [3.2 m away]
  - coffee_table.n.01_1  -> grasp, navigate_to
  - drone_2  (teammate)  [drone]
  - drone_3  (teammate)  [drone]
  - floor.n.01_1  -> navigate_to
  - jackal_1  (teammate)  [carrier, empty]  -> navigate_to
  - jackal_2  (teammate)  [carrier, empty]  -> navigate_to
  - jackal_3  (teammate)  [carrier, empty]  -> unreachable, navigate_to  [1.7 m away]
  - notebook.n.01_4  -> unreachable, navigate_to  [1.1 m away]
  - ridgeback_1  (teammate)  [base locks while holding]
  - ridgeback_2  (teammate)  [base locks while holding]
  - ridgeback_3  (teammate)  [base locks while holding]

Relations:
  ontop(cabinet.n.01_2, floor.n.01_1)
  ontop(coffee_table.n.01_1, floor.n.01_1)
  ontop(jackal_1, floor.n.01_1)
  ontop(jackal_2, floor.n.01_1)
  ontop(jackal_3, floor.n.01_1)
  ontop(notebook.n.01_4, floor.n.01_1)
  ontop(ridgeback_1, floor.n.01_1)
  ontop(ridgeback_2, floor.n.01_1)
  ontop(ridgeback_3, floor.n.01_1)
  under(floor.n.01_1, ridgeback_1)
  under(jackal_1, drone_1)
  under(jackal_2, drone_2)
  under(jackal_3, drone_3)
  under(notebook.n.01_4, coffee_table.n.01_1)

## 9. ACTION HISTORY AND FAILURES
--- ridgeback_1 ---
Its current plan: wait_for_team(team_1) [interrupted]

--- jackal_1 ---
Its current plan: wait_for_team(team_1) [interrupted]

Return exactly 3 plans, one per robot, using each robot's own ids. Say in `reasoning` how you divided the work.
-------------------------------------- COMPLETION --------------------------------------
  plans:
    [1]
      agent_id: ridgeback_1
      task:
        task: Task.ONTOP
        object_type: notebook.n.01_4
        object_id: 1
        reference: cabinet.n.01_2
      actions:
        [1]
          action_type: grasp
          target: notebook.n.01_4
        [2]
          action_type: load_onto
          target: jackal_1
        [3]
          action_type: navigate_to
          target: cabinet.n.01_2
        [4]
          action_type: unload_from
          target: jackal_1
        [5]
          action_type: place_on_top
          target: cabinet.n.01_2
      reasoning: Ridgeback handles the notebook because only an arm can lift it, loading it onto jackal_1 before traveling because its base locks while holding. It then unloads and places the notebook on the first required support.
    [2]
      agent_id: jackal_1
      task:
        task: Task.ONTOP
        object_type: notebook.n.01_4
        object_id: 1
        reference: cabinet.n.01_2
      actions:
        [1]
          action_type: wait
          ticks: 150
        [2]
          action_type: navigate_to
          target: cabinet.n.01_2
      reasoning: Jackal_1 is assigned as the carrier for ridgeback_1's loaded notebook, waiting for loading to complete and then transporting it to cabinet.n.01_2.
    [3]
      agent_id: drone_1
      task:
        task: Task.ONTOP
        object_type: notebook.n.01_4
        object_id: 1
        reference: cabinet.n.01_2
      actions:
        [1]
          action_type: wait
          ticks: 500
      reasoning: The drone cannot lift notebooks and is not needed for this arm-and-carrier route, so it waits without competing for the exclusive notebook.
  reasoning: The team focuses on notebook.n.01_4, the only notebook currently visible. Ridgeback_1 performs the notebook handling, jackal_1 supplies transport because ridgeback's base locks while holding, and drone_1 waits because drones cannot lift notebooks.
====================================================================================================
#3  ridgeback_3  env_step 0  t=50.768s  Team Plan Generation [team_3]
  usage: 7631 tokens (prompt 6398, completion 1233)
---------------------------------- PROMPT / SYSTEM ----------------------------------
## 1. YOUR ROLE
You command TEAM 'team_3' -- 3 robots (ridgeback_3, jackal_3, drone_3) -- in a multi-agent
cooperative household task, alongside other teams doing the same. You are the
TEAM CONTROLLER: you are given all 3 robots' observations in one call and
answer with one plan per robot, in that same call.

- Divide the work. Two robots sent to the same object waste one of them: the
  loser burns the whole trip and its grasp fails with OBJECT_CLAIMED.
- Your robots start their plans together and you are not asked again until
  every one of them has finished. A robot that finishes early holds position
  and does nothing useful, so plans of wildly different lengths waste the
  short ones.
- Other teams are driven by their own controllers, not by you. You coordinate
  with them only through the messages quoted in this prompt.
- At the end of the prompt are each robot's last few plans, with their
  actions and how each ended, and the messages this team has sent and
  received. A plan that failed for a reason that still holds will fail the
  same way again, and a question you already asked has its answer in the
  record.

PLAN RESPONSE:
- Return a structured plan for EVERY robot listed above, one each, tagged with
  that robot's agent_id.
- Give each robot one task and at most 6 actions; 3-6 short
  executable actions are usually enough.
- Use exact item_id values from that robot's own section of the prompt.
- Say in the team-level `reasoning` how you divided the work between them.

## 2. ENVIRONMENT RULES
Your robots act through high-level primitives, not joint commands. Each one
takes many simulation steps: driving across a room costs 30 ticks per metre, so
distance is the main cost you control. None of them can see -- each is given a
symbolic description of the room it is standing in, and only that room, and
those descriptions are listed below one robot at a time.

Rules that decide whether an action succeeds:
- To grasp, place, open or toggle an object a robot must be closer to it than
  that object's own distance threshold; beyond it the action fails with TOO_FAR.
  Each object in a robot's room listing carries what that robot can do to it
  after "->", and a distance in metres ONLY when it is out of range -- no
  distance means that robot is already close enough to act on it now.
- An out-of-range object is marked "unreachable" and offers navigate_to and
  NOTHING else. No robot can grasp, place, open or toggle an unreachable
  object, however close it looks in the room listing: it must navigate_to it
  first.
- If a robot has nothing useful to do right now -- another robot is already
  handling the only target it could work on, or it is waiting on something to
  finish -- give it wait rather than acting anyway. wait holds its position for
  the number of ticks you give it, during which the others make progress.
- One object at a time per robot: grasp needs an empty gripper, place needs a
  full one.
- Objects are exclusive, including between your own robots. If anyone is
  holding something, a grasp for it fails with "held by <agent>". Sending two
  robots after one target costs the loser the whole trip for nothing.
- Some tasks are a route: THE TEAM'S TASK lists supports the cargo must rest on
  in order, marked done / NEXT. Only the NEXT support counts when the cargo is
  placed on it; a support reached out of order does not count and costs
  nothing -- progress resumes when NEXT holds. Progress is judged on where the
  cargo rests, not on what a robot intended.
- Every id in THE TEAM'S TASK is a valid navigate_to target for any robot from
  ANY room, even when it is not in that robot's listing: navigate_to(<that id>)
  drives it there, through the house, and its next listing shows that room.
  That is how a robot changes rooms. The cargo is where the task says it
  starts (or on the last support marked done) -- send a robot there; it will
  not be found where the robots stand.
- The line "Rooms in this house" names every room. navigate_to(<room name>)
  drives a robot to a free spot inside that room, so it can reach a room whose
  objects it cannot name yet, or go and look for something.
- Refer to objects only by the ids in that robot's own room listing, which are
  the objects in the room it is standing in. They look like apple.n.01_1. Never
  invent one, and never give one robot an id that appeared only under another
  robot -- it is in a room that robot cannot see.
- An entry marked "blocked" is in that room but currently unavailable -- the
  bracketed note says why.

When an action fails, that robot's plan is abandoned. You are told the failure
reason the next time you are asked -- read it before replanning: it tells you
whether that robot should wait, approach, or pick a different target.

## 3. ROBOT CAPABILITIES
Three kinds of robot. A robot's kind is on its own header ("(drone)") and on
its line in a teammate's listing ("[carrier, ...]", "[base locks while
holding]", "[drone]").

ARM -- a robot with a gripper: grasp, place_on_top, release, open/close,
toggle, load_onto, unload_from, navigate_to, wait.
- Some arms' bases LOCK while the gripper is loaded, and navigate_to then fails
  with BASE_LOCKED; such a robot cannot deliver what it picks up. Have it load
  the object onto a carrier robot with load_onto, let the carrier drive, and
  have an arm take it back at the far end with unload_from. Both actions name
  the *carrier* as their target and need the two robots within reach of each
  other. This is a division of labour, not a detour: it is why a task can need
  more than one of your robots.
- ONLY a robot marked [base locks while holding] needs a carrier. Any other
  robot that can grasp -- a drone, an unmarked arm -- carries what it holds by
  itself: grasp, navigate_to the support, place_on_top, done. A drone that can
  lift the cargo needs nobody: routing its cargo through a carrier and back is
  a detour that costs two extra actions and a round of waiting for nothing.
  Use the carrier for the base-locked robot's legs, and only for those.

CARRIER -- a robot with no arm: cargo rides on its back.
- A carrier and what it is carrying are ONE line in that robot's room listing:

    - agent_1  (teammate)  [carrier, carrying box.n.01_1]  -> unload_from

  The cargo has no line of its own and cannot be grasped where it sits.
  unload_from(agent_1) takes it off that carrier's back and into the acting
  robot's hand; load_onto(agent_1) puts what that robot holds onto it. Both
  name the carrier, both need the two robots within reach of each other, and
  unload_from is the only way to get cargo back.
- **A carrier has no arm**, so give it navigate_to and wait and nothing else:
  no grasp, no place, no release, no load_onto or unload_from -- those are done
  *to* it by a robot that does have a hand. Its own section lists its load on
  an "On your back:" line, and it cannot put that down itself. Its job is to
  drive to where an arm is waiting, which is the whole reason a task needs two
  of them.

DRONE -- flies, holds its load under a suction mount, and its base never locks:
it carries what it grasps by itself.
- What a drone may lift is limited. The drone cannot lift the notebook. A
  robot tagged [drone] can grasp and carry the die (die.n.01_1) but NOT the
  notebook (notebook.n.01_1): grasp or unload_from on it fails with
  CANNOT_LIFT, and getting closer does not change that. Only a robot with an
  arm can lift the notebook, so give that leg to an arm; this division of
  labour is what the task is built around.

THIS TEAM'S ROBOTS:
  - ridgeback_3: ARM, base LOCKS while holding (needs a carrier to move cargo)
  - jackal_3: CARRIER (no arm; navigate_to and wait only)
  - drone_3: DRONE (flies, carries what it holds; see the lift table)

WHO MAY LIFT WHAT (this activity):
  - notebook.n.01: arm

## 4. COOPERATION MODE: INDIVIDUAL
Every team plans for itself. No team sends or receives messages; you learn
what the other teams are doing only from what your robots see (a teammate of
another team in the listing, an object held by one of its robots). Do not
wait for others to speak. When another team already holds the cargo, give
your robots something else or wait.
---------------------------------- PROMPT / USER ----------------------------------
=== STEP 0 ===

## 6. OBSERVATIONS -- TEAM team_3 (3 robots)

THE TEAM'S TASK (the same for every robot), in the ids it is written in:
  Move notebook.n.01_1, in this order, onto: the cabinet in the child's room, the bookcase in the kitchen. Move notebook.n.01_2, in this order, onto: the bookcase in the kitchen, the armchair in the dining room. Move notebook.n.01_3, in this order, onto: the armchair in the dining room, the coffee table in the living room. Move notebook.n.01_4, in this order, onto: the cabinet in the living room, the bed in the bedroom. Move notebook.n.01_5, in this order, onto: the cabinet in the bedroom, the bed in the child's room.
Route S1-M5, carry notebook.n.01_1 through these in order:
  it starts ontop(notebook.n.01_1, floor.n.01_5)
  NEXT  C1  ontop(notebook.n.01_1, cabinet.n.01_1)
        D   ontop(notebook.n.01_1, bookcase.n.01_1)
Route S1-M3, carry notebook.n.01_2 through these in order:
  it starts ontop(notebook.n.01_2, floor.n.01_3)
  NEXT  C1  ontop(notebook.n.01_2, bookcase.n.01_1)
        D   ontop(notebook.n.01_2, armchair.n.01_1)
Route S1-M2, carry notebook.n.01_3 through these in order:
  it starts ontop(notebook.n.01_3, floor.n.01_2)
  NEXT  C1  ontop(notebook.n.01_3, armchair.n.01_1)
        D   ontop(notebook.n.01_3, coffee_table.n.01_1)
Route S1-M1, carry notebook.n.01_4 through these in order:
  it starts ontop(notebook.n.01_4, floor.n.01_1)
  NEXT  C1  ontop(notebook.n.01_4, cabinet.n.01_2)
        D   ontop(notebook.n.01_4, bed.n.01_2)
Route S1-M4, carry notebook.n.01_5 through these in order:
  it starts ontop(notebook.n.01_5, floor.n.01_4)
  NEXT  C1  ontop(notebook.n.01_5, cabinet.n.01_3)
        D   ontop(notebook.n.01_5, bed.n.01_1)
A support reached out of order does not count, and nothing is lost by it: progress resumes when the NEXT one holds.

=== ROBOT ridgeback_3 ===
Step 0/8000 | you are ridgeback_3 in living_room_0 (a living room)
Rooms in this house (navigate_to any of them): bathroom_0, bedroom_0, childs_room_0, closet_0, closet_1, corridor_0, dining_room_0, empty_room_0, empty_room_1, kitchen_0, living_room_0, staircase_0
Holding: nothing

living_room_0:
  - cabinet.n.01_2  -> unreachable, navigate_to  [2.8 m away]
  - coffee_table.n.01_1  -> unreachable, navigate_to  [2.0 m away]
  - drone_1  (teammate)  [drone]
  - drone_2  (teammate)  [drone]
  - drone_3  (teammate)  [drone]
  - floor.n.01_1  -> navigate_to
  - jackal_1  (teammate)  [carrier, empty]  -> navigate_to
  - jackal_2  (teammate)  [carrier, empty]  -> navigate_to
  - jackal_3  (teammate)  [carrier, empty]  -> unreachable, navigate_to  [2.1 m away]
  - notebook.n.01_4  -> unreachable, navigate_to  [1.7 m away]
  - ridgeback_1  (teammate)  [base locks while holding]
  - ridgeback_2  (teammate)  [base locks while holding]

Relations:
  ontop(cabinet.n.01_2, floor.n.01_1)
  ontop(coffee_table.n.01_1, floor.n.01_1)
  ontop(jackal_1, floor.n.01_1)
  ontop(jackal_2, floor.n.01_1)
  ontop(jackal_3, floor.n.01_1)
  ontop(notebook.n.01_4, floor.n.01_1)
  ontop(ridgeback_1, floor.n.01_1)
  ontop(ridgeback_2, floor.n.01_1)
  ontop(ridgeback_3, floor.n.01_1)
  under(floor.n.01_1, ridgeback_1)
  under(jackal_1, drone_1)
  under(jackal_2, drone_2)
  under(jackal_3, drone_3)
  under(notebook.n.01_4, coffee_table.n.01_1)

=== ROBOT jackal_3 ===
Step 0/8000 | you are jackal_3 in living_room_0 (a living room)
Rooms in this house (navigate_to any of them): bathroom_0, bedroom_0, childs_room_0, closet_0, closet_1, corridor_0, dining_room_0, empty_room_0, empty_room_1, kitchen_0, living_room_0, staircase_0
Holding: nothing

living_room_0:
  - cabinet.n.01_2  -> unreachable, navigate_to  [2.6 m away]
  - coffee_table.n.01_1  -> navigate_to
  - drone_1  (teammate)  [drone]
  - drone_2  (teammate)  [drone]
  - drone_3  (teammate)  [drone]
  - floor.n.01_1  -> navigate_to
  - jackal_1  (teammate)  [carrier, empty]
  - jackal_2  (teammate)  [carrier, empty]
  - notebook.n.01_4  -> navigate_to
  - ridgeback_1  (teammate)  [base locks while holding]
  - ridgeback_2  (teammate)  [base locks while holding]
  - ridgeback_3  (teammate)  [base locks while holding]

Relations:
  ontop(cabinet.n.01_2, floor.n.01_1)
  ontop(coffee_table.n.01_1, floor.n.01_1)
  ontop(jackal_1, floor.n.01_1)
  ontop(jackal_2, floor.n.01_1)
  ontop(jackal_3, floor.n.01_1)
  ontop(notebook.n.01_4, floor.n.01_1)
  ontop(ridgeback_1, floor.n.01_1)
  ontop(ridgeback_2, floor.n.01_1)
  ontop(ridgeback_3, floor.n.01_1)
  under(floor.n.01_1, ridgeback_1)
  under(jackal_1, drone_1)
  under(jackal_2, drone_2)
  under(jackal_3, drone_3)
  under(notebook.n.01_4, coffee_table.n.01_1)

=== ROBOT drone_3 ===
Step 0/8000 | you are drone_3 (drone) in living_room_0 (a living room)
Rooms in this house (navigate_to any of them): bathroom_0, bedroom_0, childs_room_0, closet_0, closet_1, corridor_0, dining_room_0, empty_room_0, empty_room_1, kitchen_0, living_room_0, staircase_0
Holding: nothing

living_room_0:
  - cabinet.n.01_2  -> unreachable, navigate_to  [2.6 m away]
  - coffee_table.n.01_1  -> grasp, navigate_to
  - drone_1  (teammate)  [drone]
  - drone_2  (teammate)  [drone]
  - floor.n.01_1  -> navigate_to
  - jackal_1  (teammate)  [carrier, empty]  -> unreachable, navigate_to  [1.7 m away]
  - jackal_2  (teammate)  [carrier, empty]  -> unreachable, navigate_to  [1.7 m away]
  - jackal_3  (teammate)  [carrier, empty]  -> navigate_to
  - notebook.n.01_4  -> navigate_to
  - ridgeback_1  (teammate)  [base locks while holding]
  - ridgeback_2  (teammate)  [base locks while holding]
  - ridgeback_3  (teammate)  [base locks while holding]

Relations:
  ontop(cabinet.n.01_2, floor.n.01_1)
  ontop(coffee_table.n.01_1, floor.n.01_1)
  ontop(jackal_1, floor.n.01_1)
  ontop(jackal_2, floor.n.01_1)
  ontop(jackal_3, floor.n.01_1)
  ontop(notebook.n.01_4, floor.n.01_1)
  ontop(ridgeback_1, floor.n.01_1)
  ontop(ridgeback_2, floor.n.01_1)
  ontop(ridgeback_3, floor.n.01_1)
  under(floor.n.01_1, ridgeback_1)
  under(jackal_1, drone_1)
  under(jackal_2, drone_2)
  under(jackal_3, drone_3)
  under(notebook.n.01_4, coffee_table.n.01_1)

## 9. ACTION HISTORY AND FAILURES
--- ridgeback_3 ---
Its current plan: wait_for_team(team_3) [interrupted]

--- jackal_3 ---
Its current plan: wait_for_team(team_3) [interrupted]

Return exactly 3 plans, one per robot, using each robot's own ids. Say in `reasoning` how you divided the work.
-------------------------------------- COMPLETION --------------------------------------
  plans:
    [1]
      agent_id: ridgeback_3
      task:
        task: Task.ONTOP
        object_type: notebook.n.01_4
        object_id: 1
        reference: cabinet.n.01_2
      actions:
        [1]
          action_type: navigate_to
          target: notebook.n.01_4
        [2]
          action_type: grasp
          target: notebook.n.01_4
        [3]
          action_type: load_onto
          target: jackal_3
        [4]
          action_type: navigate_to
          target: cabinet.n.01_2
        [5]
          action_type: unload_from
          target: jackal_3
        [6]
          action_type: place_on_top
          target: cabinet.n.01_2
      reasoning: Handle notebook 4 because it is already in this room and requires the arm. Load it onto jackal_3 for transport because ridgeback_3 locks while holding, then unload and place it on the first support.
    [2]
      agent_id: jackal_3
      task:
        task: Task.ONTOP
        object_type: notebook.n.01_4
        object_id: 1
        reference: cabinet.n.01_2
      actions:
        [1]
          action_type: navigate_to
          target: notebook.n.01_4
        [2]
          action_type: navigate_to
          target: cabinet.n.01_2
      reasoning: Act as the carrier for ridgeback_3: position near notebook 4 for loading, then drive to its cabinet support.
    [3]
      agent_id: drone_3
      task:
        task: Task.ONTOP
        object_type: notebook.n.01_3
        object_id: 1
        reference: armchair.n.01_1
      actions:
        [1]
          action_type: wait
          ticks: 600
      reasoning: The only notebook-lifting arm is assigned to notebook 4, and the drone cannot lift notebooks. Wait without contesting the active cargo.
  reasoning: Ridgeback_3 handles the nearby notebook because only an arm can lift it; jackal_3 provides the required transport while ridgeback's base is locked holding cargo. Drone_3 waits rather than duplicating the notebook assignment.
====================================================================================================
#4  ridgeback_2  env_step 301  t=81.113s  Team Plan Generation [team_2]
  usage: 7801 tokens (prompt 6763, completion 1038)
---------------------------------- PROMPT / SYSTEM ----------------------------------
## 1. YOUR ROLE
You command TEAM 'team_2' -- 3 robots (ridgeback_2, jackal_2, drone_2) -- in a multi-agent
cooperative household task, alongside other teams doing the same. You are the
TEAM CONTROLLER: you are given all 3 robots' observations in one call and
answer with one plan per robot, in that same call.

- Divide the work. Two robots sent to the same object waste one of them: the
  loser burns the whole trip and its grasp fails with OBJECT_CLAIMED.
- Your robots start their plans together and you are not asked again until
  every one of them has finished. A robot that finishes early holds position
  and does nothing useful, so plans of wildly different lengths waste the
  short ones.
- Other teams are driven by their own controllers, not by you. You coordinate
  with them only through the messages quoted in this prompt.
- At the end of the prompt are each robot's last few plans, with their
  actions and how each ended, and the messages this team has sent and
  received. A plan that failed for a reason that still holds will fail the
  same way again, and a question you already asked has its answer in the
  record.

PLAN RESPONSE:
- Return a structured plan for EVERY robot listed above, one each, tagged with
  that robot's agent_id.
- Give each robot one task and at most 6 actions; 3-6 short
  executable actions are usually enough.
- Use exact item_id values from that robot's own section of the prompt.
- Say in the team-level `reasoning` how you divided the work between them.

## 2. ENVIRONMENT RULES
Your robots act through high-level primitives, not joint commands. Each one
takes many simulation steps: driving across a room costs 30 ticks per metre, so
distance is the main cost you control. None of them can see -- each is given a
symbolic description of the room it is standing in, and only that room, and
those descriptions are listed below one robot at a time.

Rules that decide whether an action succeeds:
- To grasp, place, open or toggle an object a robot must be closer to it than
  that object's own distance threshold; beyond it the action fails with TOO_FAR.
  Each object in a robot's room listing carries what that robot can do to it
  after "->", and a distance in metres ONLY when it is out of range -- no
  distance means that robot is already close enough to act on it now.
- An out-of-range object is marked "unreachable" and offers navigate_to and
  NOTHING else. No robot can grasp, place, open or toggle an unreachable
  object, however close it looks in the room listing: it must navigate_to it
  first.
- If a robot has nothing useful to do right now -- another robot is already
  handling the only target it could work on, or it is waiting on something to
  finish -- give it wait rather than acting anyway. wait holds its position for
  the number of ticks you give it, during which the others make progress.
- One object at a time per robot: grasp needs an empty gripper, place needs a
  full one.
- Objects are exclusive, including between your own robots. If anyone is
  holding something, a grasp for it fails with "held by <agent>". Sending two
  robots after one target costs the loser the whole trip for nothing.
- Some tasks are a route: THE TEAM'S TASK lists supports the cargo must rest on
  in order, marked done / NEXT. Only the NEXT support counts when the cargo is
  placed on it; a support reached out of order does not count and costs
  nothing -- progress resumes when NEXT holds. Progress is judged on where the
  cargo rests, not on what a robot intended.
- Every id in THE TEAM'S TASK is a valid navigate_to target for any robot from
  ANY room, even when it is not in that robot's listing: navigate_to(<that id>)
  drives it there, through the house, and its next listing shows that room.
  That is how a robot changes rooms. The cargo is where the task says it
  starts (or on the last support marked done) -- send a robot there; it will
  not be found where the robots stand.
- The line "Rooms in this house" names every room. navigate_to(<room name>)
  drives a robot to a free spot inside that room, so it can reach a room whose
  objects it cannot name yet, or go and look for something.
- Refer to objects only by the ids in that robot's own room listing, which are
  the objects in the room it is standing in. They look like apple.n.01_1. Never
  invent one, and never give one robot an id that appeared only under another
  robot -- it is in a room that robot cannot see.
- An entry marked "blocked" is in that room but currently unavailable -- the
  bracketed note says why.

When an action fails, that robot's plan is abandoned. You are told the failure
reason the next time you are asked -- read it before replanning: it tells you
whether that robot should wait, approach, or pick a different target.

## 3. ROBOT CAPABILITIES
Three kinds of robot. A robot's kind is on its own header ("(drone)") and on
its line in a teammate's listing ("[carrier, ...]", "[base locks while
holding]", "[drone]").

ARM -- a robot with a gripper: grasp, place_on_top, release, open/close,
toggle, load_onto, unload_from, navigate_to, wait.
- Some arms' bases LOCK while the gripper is loaded, and navigate_to then fails
  with BASE_LOCKED; such a robot cannot deliver what it picks up. Have it load
  the object onto a carrier robot with load_onto, let the carrier drive, and
  have an arm take it back at the far end with unload_from. Both actions name
  the *carrier* as their target and need the two robots within reach of each
  other. This is a division of labour, not a detour: it is why a task can need
  more than one of your robots.
- ONLY a robot marked [base locks while holding] needs a carrier. Any other
  robot that can grasp -- a drone, an unmarked arm -- carries what it holds by
  itself: grasp, navigate_to the support, place_on_top, done. A drone that can
  lift the cargo needs nobody: routing its cargo through a carrier and back is
  a detour that costs two extra actions and a round of waiting for nothing.
  Use the carrier for the base-locked robot's legs, and only for those.

CARRIER -- a robot with no arm: cargo rides on its back.
- A carrier and what it is carrying are ONE line in that robot's room listing:

    - agent_1  (teammate)  [carrier, carrying box.n.01_1]  -> unload_from

  The cargo has no line of its own and cannot be grasped where it sits.
  unload_from(agent_1) takes it off that carrier's back and into the acting
  robot's hand; load_onto(agent_1) puts what that robot holds onto it. Both
  name the carrier, both need the two robots within reach of each other, and
  unload_from is the only way to get cargo back.
- **A carrier has no arm**, so give it navigate_to and wait and nothing else:
  no grasp, no place, no release, no load_onto or unload_from -- those are done
  *to* it by a robot that does have a hand. Its own section lists its load on
  an "On your back:" line, and it cannot put that down itself. Its job is to
  drive to where an arm is waiting, which is the whole reason a task needs two
  of them.

DRONE -- flies, holds its load under a suction mount, and its base never locks:
it carries what it grasps by itself.
- What a drone may lift is limited. The drone cannot lift the notebook. A
  robot tagged [drone] can grasp and carry the die (die.n.01_1) but NOT the
  notebook (notebook.n.01_1): grasp or unload_from on it fails with
  CANNOT_LIFT, and getting closer does not change that. Only a robot with an
  arm can lift the notebook, so give that leg to an arm; this division of
  labour is what the task is built around.

THIS TEAM'S ROBOTS:
  - ridgeback_2: ARM, base LOCKS while holding (needs a carrier to move cargo)
  - jackal_2: CARRIER (no arm; navigate_to and wait only)
  - drone_2: DRONE (flies, carries what it holds; see the lift table)

WHO MAY LIFT WHAT (this activity):
  - notebook.n.01: arm

## 4. COOPERATION MODE: INDIVIDUAL
Every team plans for itself. No team sends or receives messages; you learn
what the other teams are doing only from what your robots see (a teammate of
another team in the listing, an object held by one of its robots). Do not
wait for others to speak. When another team already holds the cargo, give
your robots something else or wait.
---------------------------------- PROMPT / USER ----------------------------------
=== STEP 301 ===

## 6. OBSERVATIONS -- TEAM team_2 (3 robots)

THE TEAM'S TASK (the same for every robot), in the ids it is written in:
  Move notebook.n.01_1, in this order, onto: the cabinet in the child's room, the bookcase in the kitchen. Move notebook.n.01_2, in this order, onto: the bookcase in the kitchen, the armchair in the dining room. Move notebook.n.01_3, in this order, onto: the armchair in the dining room, the coffee table in the living room. Move notebook.n.01_4, in this order, onto: the cabinet in the living room, the bed in the bedroom. Move notebook.n.01_5, in this order, onto: the cabinet in the bedroom, the bed in the child's room.
Route S1-M5, carry notebook.n.01_1 through these in order:
  it starts ontop(notebook.n.01_1, floor.n.01_5)
  NEXT  C1  ontop(notebook.n.01_1, cabinet.n.01_1)
        D   ontop(notebook.n.01_1, bookcase.n.01_1)
Route S1-M3, carry notebook.n.01_2 through these in order:
  it starts ontop(notebook.n.01_2, floor.n.01_3)
  NEXT  C1  ontop(notebook.n.01_2, bookcase.n.01_1)
        D   ontop(notebook.n.01_2, armchair.n.01_1)
Route S1-M2, carry notebook.n.01_3 through these in order:
  it starts ontop(notebook.n.01_3, floor.n.01_2)
  NEXT  C1  ontop(notebook.n.01_3, armchair.n.01_1)
        D   ontop(notebook.n.01_3, coffee_table.n.01_1)
Route S1-M1, carry notebook.n.01_4 through these in order:
  it starts ontop(notebook.n.01_4, floor.n.01_1)
  NEXT  C1  ontop(notebook.n.01_4, cabinet.n.01_2)
        D   ontop(notebook.n.01_4, bed.n.01_2)
Route S1-M4, carry notebook.n.01_5 through these in order:
  it starts ontop(notebook.n.01_5, floor.n.01_4)
  NEXT  C1  ontop(notebook.n.01_5, cabinet.n.01_3)
        D   ontop(notebook.n.01_5, bed.n.01_1)
A support reached out of order does not count, and nothing is lost by it: progress resumes when the NEXT one holds.

=== ROBOT ridgeback_2 ===
Step 301/8000 | you are ridgeback_2 in living_room_0 (a living room)
Rooms in this house (navigate_to any of them): bathroom_0, bedroom_0, childs_room_0, closet_0, closet_1, corridor_0, dining_room_0, empty_room_0, empty_room_1, kitchen_0, living_room_0, staircase_0
Holding: nothing

living_room_0:
  - cabinet.n.01_2  Open  -> close, grasp, navigate_to  [Open is True]
  - coffee_table.n.01_1  -> unreachable, navigate_to  [2.3 m away]
  - drone_1  (teammate)  [drone]
  - drone_2  (teammate)  [drone]
  - drone_3  (teammate)  [drone]
  - floor.n.01_1  -> navigate_to
  - jackal_1  (teammate)  [carrier, carrying notebook.n.01_4]  -> unreachable, navigate_to  [1.8 m away]
  - jackal_2  (teammate)  [carrier, empty]  -> navigate_to
  - jackal_3  (teammate)  [carrier, empty]  -> unreachable, navigate_to  [1.7 m away]
  - ridgeback_1  (teammate)  [base locks while holding]
  - ridgeback_3  (teammate)  [base locks while holding]

Relations:
  ontop(cabinet.n.01_2, floor.n.01_1)
  ontop(coffee_table.n.01_1, floor.n.01_1)
  ontop(jackal_1, floor.n.01_1)
  ontop(jackal_2, floor.n.01_1)
  ontop(jackal_3, floor.n.01_1)
  ontop(ridgeback_1, floor.n.01_1)
  ontop(ridgeback_2, floor.n.01_1)
  ontop(ridgeback_3, floor.n.01_1)
  under(jackal_1, drone_1)
  under(jackal_1, notebook.n.01_4)
  under(jackal_2, drone_2)
  under(jackal_3, drone_3)
  under(notebook.n.01_4, drone_1)

=== ROBOT jackal_2 ===
Step 301/8000 | you are jackal_2 in living_room_0 (a living room)
Rooms in this house (navigate_to any of them): bathroom_0, bedroom_0, childs_room_0, closet_0, closet_1, corridor_0, dining_room_0, empty_room_0, empty_room_1, kitchen_0, living_room_0, staircase_0
Holding: nothing

living_room_0:
  - cabinet.n.01_2  Open  -> unreachable, navigate_to  [2.1 m away]
  - coffee_table.n.01_1  -> unreachable, navigate_to  [1.9 m away]
  - drone_1  (teammate)  [drone]
  - drone_2  (teammate)  [drone]
  - drone_3  (teammate)  [drone]
  - floor.n.01_1  -> navigate_to
  - jackal_1  (teammate)  [carrier, carrying notebook.n.01_4]
  - jackal_3  (teammate)  [carrier, empty]
  - ridgeback_1  (teammate)  [base locks while holding]
  - ridgeback_2  (teammate)  [base locks while holding]
  - ridgeback_3  (teammate)  [base locks while holding]

Relations:
  ontop(cabinet.n.01_2, floor.n.01_1)
  ontop(coffee_table.n.01_1, floor.n.01_1)
  ontop(jackal_1, floor.n.01_1)
  ontop(jackal_2, floor.n.01_1)
  ontop(jackal_3, floor.n.01_1)
  ontop(ridgeback_1, floor.n.01_1)
  ontop(ridgeback_2, floor.n.01_1)
  ontop(ridgeback_3, floor.n.01_1)
  under(jackal_1, drone_1)
  under(jackal_1, notebook.n.01_4)
  under(jackal_2, drone_2)
  under(jackal_3, drone_3)
  under(notebook.n.01_4, drone_1)

=== ROBOT drone_2 ===
Step 301/8000 | you are drone_2 (drone) in living_room_0 (a living room)
Rooms in this house (navigate_to any of them): bathroom_0, bedroom_0, childs_room_0, closet_0, closet_1, corridor_0, dining_room_0, empty_room_0, empty_room_1, kitchen_0, living_room_0, staircase_0
Holding: nothing

living_room_0:
  - cabinet.n.01_2  Open  -> unreachable, navigate_to  [2.1 m away]
  - coffee_table.n.01_1  -> unreachable, navigate_to  [1.9 m away]
  - drone_1  (teammate)  [drone]
  - drone_3  (teammate)  [drone]
  - floor.n.01_1  -> navigate_to
  - jackal_1  (teammate)  [carrier, carrying notebook.n.01_4]  -> navigate_to
  - jackal_2  (teammate)  [carrier, empty]  -> navigate_to
  - jackal_3  (teammate)  [carrier, empty]  -> unreachable, navigate_to  [1.7 m away]
  - ridgeback_1  (teammate)  [base locks while holding]
  - ridgeback_2  (teammate)  [base locks while holding]
  - ridgeback_3  (teammate)  [base locks while holding]

Relations:
  ontop(cabinet.n.01_2, floor.n.01_1)
  ontop(coffee_table.n.01_1, floor.n.01_1)
  ontop(jackal_1, floor.n.01_1)
  ontop(jackal_2, floor.n.01_1)
  ontop(jackal_3, floor.n.01_1)
  ontop(ridgeback_1, floor.n.01_1)
  ontop(ridgeback_2, floor.n.01_1)
  ontop(ridgeback_3, floor.n.01_1)
  under(jackal_1, drone_1)
  under(jackal_1, notebook.n.01_4)
  under(jackal_2, drone_2)
  under(jackal_3, drone_3)
  under(notebook.n.01_4, drone_1)

## 9. ACTION HISTORY AND FAILURES
--- ridgeback_2 ---
Its current plan: wait_for_team(team_2) [interrupted]
YOUR FINISHED PLANS (most recent last):
  #2 [FAILED] ontop(notebook.n.01_4, cabinet.n.01_2)
      plan: navigate_to(notebook.n.01_4) -> grasp(notebook.n.01_4) -> load_onto(jackal_2) -> place_on_top(cabinet.n.01_2)
      you chose it because: Handle notebook 4's first route leg. Because my base locks while holding, I will grasp it and transfer it to jackal_2 for transport.
      it failed because: grasp: An error occurred during each attempt of this action. Attempt 0: PRE_CONDITION_ERROR: notebook_155 is riding on jackal_1's back, so you cannot grasp it. Take it with unload_from(jackal_1) in...

--- jackal_2 ---
Its current plan: wait_for_team(team_2) [interrupted]
YOUR FINISHED PLANS (most recent last):
  #2 [FAILED] ontop(notebook.n.01_4, cabinet.n.01_2)
      plan: wait(150) -> navigate_to(cabinet.n.01_2) -> place_on_top(cabinet.n.01_2)
      you chose it because: Act as the carrier for ridgeback_2. Wait for the notebook transfer, then carry it to the living-room cabinet.
      it failed because: navigate_to: An error occurred during each attempt of this action. Attempt 0: PLANNING_ERROR: Cannot reach bottom_cabinet_jhymlr_0: there is no free floor space around it to stand on (need a spot 1...

--- drone_2 ---
Its current plan: ontop(notebook.n.01_4, cabinet.n.01_2) [success]
YOUR FINISHED PLANS (most recent last):
  #1 [DONE] ontop(notebook.n.01_4, cabinet.n.01_2)
      plan: wait(300)
      you chose it because: The notebook cannot be lifted by a drone, and ridgeback_2 with jackal_2 are assigned the only viable first leg, so I wait without competing for the object.

Return exactly 3 plans, one per robot, using each robot's own ids. Say in `reasoning` how you divided the work.
-------------------------------------- COMPLETION --------------------------------------
  plans:
    [1]
      agent_id: ridgeback_2
      task:
        task: Task.ONTOP
        object_type: notebook.n.01_4
        object_id: 1
        reference: cabinet.n.01_2
      actions:
        [1]
          action_type: navigate_to
          target: jackal_1
        [2]
          action_type: unload_from
          target: jackal_1
        [3]
          action_type: place_on_top
          target: cabinet.n.01_2
      reasoning: Notebook 4 is already on jackal_1, so recover it with unload_from rather than attempting a grasp. The cabinet is the current reachable first support.
    [2]
      agent_id: jackal_2
      task:
        task: Task.ONTOP
        object_type: notebook.n.01_4
        object_id: 1
        reference: cabinet.n.01_2
      actions:
        [1]
          action_type: wait
          ticks: 500
      reasoning: The arm can unload and place the notebook directly; I remain available but do not attempt the cabinet navigation that previously failed for lack of free floor space.
    [3]
      agent_id: drone_2
      task:
        task: Task.ONTOP
        object_type: notebook.n.01_4
        object_id: 1
        reference: cabinet.n.01_2
      actions:
        [1]
          action_type: wait
          ticks: 500
      reasoning: A drone cannot lift notebooks, and notebook 4 is already held by jackal_1. I wait without competing for the exclusive cargo.
  reasoning: ridgeback_2 handles recovery of notebook 4 from the teammate carrier and its placement on the current first support. jackal_2 waits because the cabinet area is not navigable for the carrier, while drone_2 waits because drones cannot lift notebooks.
====================================================================================================
#5  ridgeback_1  env_step 501  t=96.65s  Team Plan Generation [team_1]
  usage: 7351 tokens (prompt 6798, completion 553)
---------------------------------- PROMPT / SYSTEM ----------------------------------
## 1. YOUR ROLE
You command TEAM 'team_1' -- 3 robots (ridgeback_1, jackal_1, drone_1) -- in a multi-agent
cooperative household task, alongside other teams doing the same. You are the
TEAM CONTROLLER: you are given all 3 robots' observations in one call and
answer with one plan per robot, in that same call.

- Divide the work. Two robots sent to the same object waste one of them: the
  loser burns the whole trip and its grasp fails with OBJECT_CLAIMED.
- Your robots start their plans together and you are not asked again until
  every one of them has finished. A robot that finishes early holds position
  and does nothing useful, so plans of wildly different lengths waste the
  short ones.
- Other teams are driven by their own controllers, not by you. You coordinate
  with them only through the messages quoted in this prompt.
- At the end of the prompt are each robot's last few plans, with their
  actions and how each ended, and the messages this team has sent and
  received. A plan that failed for a reason that still holds will fail the
  same way again, and a question you already asked has its answer in the
  record.

PLAN RESPONSE:
- Return a structured plan for EVERY robot listed above, one each, tagged with
  that robot's agent_id.
- Give each robot one task and at most 6 actions; 3-6 short
  executable actions are usually enough.
- Use exact item_id values from that robot's own section of the prompt.
- Say in the team-level `reasoning` how you divided the work between them.

## 2. ENVIRONMENT RULES
Your robots act through high-level primitives, not joint commands. Each one
takes many simulation steps: driving across a room costs 30 ticks per metre, so
distance is the main cost you control. None of them can see -- each is given a
symbolic description of the room it is standing in, and only that room, and
those descriptions are listed below one robot at a time.

Rules that decide whether an action succeeds:
- To grasp, place, open or toggle an object a robot must be closer to it than
  that object's own distance threshold; beyond it the action fails with TOO_FAR.
  Each object in a robot's room listing carries what that robot can do to it
  after "->", and a distance in metres ONLY when it is out of range -- no
  distance means that robot is already close enough to act on it now.
- An out-of-range object is marked "unreachable" and offers navigate_to and
  NOTHING else. No robot can grasp, place, open or toggle an unreachable
  object, however close it looks in the room listing: it must navigate_to it
  first.
- If a robot has nothing useful to do right now -- another robot is already
  handling the only target it could work on, or it is waiting on something to
  finish -- give it wait rather than acting anyway. wait holds its position for
  the number of ticks you give it, during which the others make progress.
- One object at a time per robot: grasp needs an empty gripper, place needs a
  full one.
- Objects are exclusive, including between your own robots. If anyone is
  holding something, a grasp for it fails with "held by <agent>". Sending two
  robots after one target costs the loser the whole trip for nothing.
- Some tasks are a route: THE TEAM'S TASK lists supports the cargo must rest on
  in order, marked done / NEXT. Only the NEXT support counts when the cargo is
  placed on it; a support reached out of order does not count and costs
  nothing -- progress resumes when NEXT holds. Progress is judged on where the
  cargo rests, not on what a robot intended.
- Every id in THE TEAM'S TASK is a valid navigate_to target for any robot from
  ANY room, even when it is not in that robot's listing: navigate_to(<that id>)
  drives it there, through the house, and its next listing shows that room.
  That is how a robot changes rooms. The cargo is where the task says it
  starts (or on the last support marked done) -- send a robot there; it will
  not be found where the robots stand.
- The line "Rooms in this house" names every room. navigate_to(<room name>)
  drives a robot to a free spot inside that room, so it can reach a room whose
  objects it cannot name yet, or go and look for something.
- Refer to objects only by the ids in that robot's own room listing, which are
  the objects in the room it is standing in. They look like apple.n.01_1. Never
  invent one, and never give one robot an id that appeared only under another
  robot -- it is in a room that robot cannot see.
- An entry marked "blocked" is in that room but currently unavailable -- the
  bracketed note says why.

When an action fails, that robot's plan is abandoned. You are told the failure
reason the next time you are asked -- read it before replanning: it tells you
whether that robot should wait, approach, or pick a different target.

## 3. ROBOT CAPABILITIES
Three kinds of robot. A robot's kind is on its own header ("(drone)") and on
its line in a teammate's listing ("[carrier, ...]", "[base locks while
holding]", "[drone]").

ARM -- a robot with a gripper: grasp, place_on_top, release, open/close,
toggle, load_onto, unload_from, navigate_to, wait.
- Some arms' bases LOCK while the gripper is loaded, and navigate_to then fails
  with BASE_LOCKED; such a robot cannot deliver what it picks up. Have it load
  the object onto a carrier robot with load_onto, let the carrier drive, and
  have an arm take it back at the far end with unload_from. Both actions name
  the *carrier* as their target and need the two robots within reach of each
  other. This is a division of labour, not a detour: it is why a task can need
  more than one of your robots.
- ONLY a robot marked [base locks while holding] needs a carrier. Any other
  robot that can grasp -- a drone, an unmarked arm -- carries what it holds by
  itself: grasp, navigate_to the support, place_on_top, done. A drone that can
  lift the cargo needs nobody: routing its cargo through a carrier and back is
  a detour that costs two extra actions and a round of waiting for nothing.
  Use the carrier for the base-locked robot's legs, and only for those.

CARRIER -- a robot with no arm: cargo rides on its back.
- A carrier and what it is carrying are ONE line in that robot's room listing:

    - agent_1  (teammate)  [carrier, carrying box.n.01_1]  -> unload_from

  The cargo has no line of its own and cannot be grasped where it sits.
  unload_from(agent_1) takes it off that carrier's back and into the acting
  robot's hand; load_onto(agent_1) puts what that robot holds onto it. Both
  name the carrier, both need the two robots within reach of each other, and
  unload_from is the only way to get cargo back.
- **A carrier has no arm**, so give it navigate_to and wait and nothing else:
  no grasp, no place, no release, no load_onto or unload_from -- those are done
  *to* it by a robot that does have a hand. Its own section lists its load on
  an "On your back:" line, and it cannot put that down itself. Its job is to
  drive to where an arm is waiting, which is the whole reason a task needs two
  of them.

DRONE -- flies, holds its load under a suction mount, and its base never locks:
it carries what it grasps by itself.
- What a drone may lift is limited. The drone cannot lift the notebook. A
  robot tagged [drone] can grasp and carry the die (die.n.01_1) but NOT the
  notebook (notebook.n.01_1): grasp or unload_from on it fails with
  CANNOT_LIFT, and getting closer does not change that. Only a robot with an
  arm can lift the notebook, so give that leg to an arm; this division of
  labour is what the task is built around.

THIS TEAM'S ROBOTS:
  - ridgeback_1: ARM, base LOCKS while holding (needs a carrier to move cargo)
  - jackal_1: CARRIER (no arm; navigate_to and wait only)
  - drone_1: DRONE (flies, carries what it holds; see the lift table)

WHO MAY LIFT WHAT (this activity):
  - notebook.n.01: arm

## 4. COOPERATION MODE: INDIVIDUAL
Every team plans for itself. No team sends or receives messages; you learn
what the other teams are doing only from what your robots see (a teammate of
another team in the listing, an object held by one of its robots). Do not
wait for others to speak. When another team already holds the cargo, give
your robots something else or wait.
---------------------------------- PROMPT / USER ----------------------------------
=== STEP 501 ===

## 6. OBSERVATIONS -- TEAM team_1 (3 robots)

THE TEAM'S TASK (the same for every robot), in the ids it is written in:
  Move notebook.n.01_1, in this order, onto: the cabinet in the child's room, the bookcase in the kitchen. Move notebook.n.01_2, in this order, onto: the bookcase in the kitchen, the armchair in the dining room. Move notebook.n.01_3, in this order, onto: the armchair in the dining room, the coffee table in the living room. Move notebook.n.01_4, in this order, onto: the cabinet in the living room, the bed in the bedroom. Move notebook.n.01_5, in this order, onto: the cabinet in the bedroom, the bed in the child's room.
Route S1-M5, carry notebook.n.01_1 through these in order:
  it starts ontop(notebook.n.01_1, floor.n.01_5)
  NEXT  C1  ontop(notebook.n.01_1, cabinet.n.01_1)
        D   ontop(notebook.n.01_1, bookcase.n.01_1)
Route S1-M3, carry notebook.n.01_2 through these in order:
  it starts ontop(notebook.n.01_2, floor.n.01_3)
  NEXT  C1  ontop(notebook.n.01_2, bookcase.n.01_1)
        D   ontop(notebook.n.01_2, armchair.n.01_1)
Route S1-M2, carry notebook.n.01_3 through these in order:
  it starts ontop(notebook.n.01_3, floor.n.01_2)
  NEXT  C1  ontop(notebook.n.01_3, armchair.n.01_1)
        D   ontop(notebook.n.01_3, coffee_table.n.01_1)
Route S1-M1, carry notebook.n.01_4 through these in order:
  it starts ontop(notebook.n.01_4, floor.n.01_1)
  NEXT  C1  ontop(notebook.n.01_4, cabinet.n.01_2)
        D   ontop(notebook.n.01_4, bed.n.01_2)
Route S1-M4, carry notebook.n.01_5 through these in order:
  it starts ontop(notebook.n.01_5, floor.n.01_4)
  NEXT  C1  ontop(notebook.n.01_5, cabinet.n.01_3)
        D   ontop(notebook.n.01_5, bed.n.01_1)
A support reached out of order does not count, and nothing is lost by it: progress resumes when the NEXT one holds.

=== ROBOT ridgeback_1 ===
Step 501/8000 | you are ridgeback_1 in living_room_0 (a living room)
Rooms in this house (navigate_to any of them): bathroom_0, bedroom_0, childs_room_0, closet_0, closet_1, corridor_0, dining_room_0, empty_room_0, empty_room_1, kitchen_0, living_room_0, staircase_0
Holding: nothing

living_room_0:
  - cabinet.n.01_2  Open  -> close, grasp, navigate_to  [Open is True]
  - coffee_table.n.01_1  -> unreachable, navigate_to  [3.0 m away]
  - drone_1  (teammate)  [drone]
  - drone_2  (teammate)  [drone]
  - drone_3  (teammate)  [drone]
  - floor.n.01_1  -> navigate_to
  - jackal_1  (teammate)  [carrier, empty]  -> unreachable, navigate_to  [2.3 m away]
  - jackal_2  (teammate)  [carrier, empty]  -> navigate_to
  - jackal_3  (teammate)  [carrier, empty]  -> unreachable, navigate_to  [2.5 m away]
  - notebook.n.01_4  held by ridgeback_2  -> unreachable, navigate_to  [3.5 m away]
  - ridgeback_2  (teammate)  [base locks while holding]
  - ridgeback_3  (teammate)  [base locks while holding]

Relations:
  ontop(cabinet.n.01_2, floor.n.01_1)
  ontop(coffee_table.n.01_1, floor.n.01_1)
  ontop(jackal_1, floor.n.01_1)
  ontop(jackal_2, floor.n.01_1)
  ontop(jackal_3, floor.n.01_1)
  ontop(notebook.n.01_4, ridgeback_2)
  ontop(ridgeback_1, floor.n.01_1)
  ontop(ridgeback_2, floor.n.01_1)
  ontop(ridgeback_3, floor.n.01_1)
  under(jackal_1, drone_1)
  under(jackal_2, drone_2)
  under(jackal_3, drone_3)

=== ROBOT jackal_1 ===
Step 501/8000 | you are jackal_1 in living_room_0 (a living room)
Rooms in this house (navigate_to any of them): bathroom_0, bedroom_0, childs_room_0, closet_0, closet_1, corridor_0, dining_room_0, empty_room_0, empty_room_1, kitchen_0, living_room_0, staircase_0
Holding: nothing

living_room_0:
  - cabinet.n.01_2  Open  -> unreachable, navigate_to  [3.2 m away]
  - coffee_table.n.01_1  -> navigate_to
  - drone_1  (teammate)  [drone]
  - drone_2  (teammate)  [drone]
  - drone_3  (teammate)  [drone]
  - floor.n.01_1  -> navigate_to
  - jackal_2  (teammate)  [carrier, empty]
  - jackal_3  (teammate)  [carrier, empty]
  - notebook.n.01_4  held by ridgeback_2  -> navigate_to
  - ridgeback_1  (teammate)  [base locks while holding]
  - ridgeback_2  (teammate)  [base locks while holding]
  - ridgeback_3  (teammate)  [base locks while holding]

Relations:
  ontop(cabinet.n.01_2, floor.n.01_1)
  ontop(coffee_table.n.01_1, floor.n.01_1)
  ontop(jackal_1, floor.n.01_1)
  ontop(jackal_2, floor.n.01_1)
  ontop(jackal_3, floor.n.01_1)
  ontop(notebook.n.01_4, ridgeback_2)
  ontop(ridgeback_1, floor.n.01_1)
  ontop(ridgeback_2, floor.n.01_1)
  ontop(ridgeback_3, floor.n.01_1)
  under(jackal_1, drone_1)
  under(jackal_2, drone_2)
  under(jackal_3, drone_3)

=== ROBOT drone_1 ===
Step 501/8000 | you are drone_1 (drone) in living_room_0 (a living room)
Rooms in this house (navigate_to any of them): bathroom_0, bedroom_0, childs_room_0, closet_0, closet_1, corridor_0, dining_room_0, empty_room_0, empty_room_1, kitchen_0, living_room_0, staircase_0
Holding: nothing

living_room_0:
  - cabinet.n.01_2  Open  -> unreachable, navigate_to  [3.2 m away]
  - coffee_table.n.01_1  -> grasp, navigate_to
  - drone_2  (teammate)  [drone]
  - drone_3  (teammate)  [drone]
  - floor.n.01_1  -> navigate_to
  - jackal_1  (teammate)  [carrier, empty]  -> navigate_to
  - jackal_2  (teammate)  [carrier, empty]  -> navigate_to
  - jackal_3  (teammate)  [carrier, empty]  -> unreachable, navigate_to  [1.7 m away]
  - notebook.n.01_4  held by ridgeback_2  -> unreachable, navigate_to  [1.2 m away]
  - ridgeback_1  (teammate)  [base locks while holding]
  - ridgeback_2  (teammate)  [base locks while holding]
  - ridgeback_3  (teammate)  [base locks while holding]

Relations:
  ontop(cabinet.n.01_2, floor.n.01_1)
  ontop(coffee_table.n.01_1, floor.n.01_1)
  ontop(jackal_1, floor.n.01_1)
  ontop(jackal_2, floor.n.01_1)
  ontop(jackal_3, floor.n.01_1)
  ontop(notebook.n.01_4, ridgeback_2)
  ontop(ridgeback_1, floor.n.01_1)
  ontop(ridgeback_2, floor.n.01_1)
  ontop(ridgeback_3, floor.n.01_1)
  under(jackal_1, drone_1)
  under(jackal_2, drone_2)
  under(jackal_3, drone_3)

## 9. ACTION HISTORY AND FAILURES
--- ridgeback_1 ---
Its current plan: wait_for_team(team_1) [interrupted]
YOUR FINISHED PLANS (most recent last):
  #2 [FAILED] ontop(notebook.n.01_4, cabinet.n.01_2)
      plan: grasp(notebook.n.01_4) -> load_onto(jackal_1) -> navigate_to(cabinet.n.01_2) -> unload_from(jackal_1) -> place_on_top(cabinet.n.01_2)
      you chose it because: Ridgeback handles the notebook because only an arm can lift it, loading it onto jackal_1 before traveling because its base locks while holding. It then unloads and places the notebook on the first required support.
      it failed because: unload_from: PRE_CONDITION_ERROR: You are 2.30 m from jackal_1, too far to unload from it (you must be within 1.55 m). Navigate to it first.. Additional info: {'target object': 'jackal_1', 'distanc...

--- jackal_1 ---
Its current plan: wait_for_team(team_1) [interrupted]
YOUR FINISHED PLANS (most recent last):
  #2 [FAILED] ontop(notebook.n.01_4, cabinet.n.01_2)
      plan: wait(150) -> navigate_to(cabinet.n.01_2) -> place_on_top(cabinet.n.01_2)
      you chose it because: Jackal_1 is assigned as the carrier for ridgeback_1's loaded notebook, waiting for loading to complete and then transporting it to cabinet.n.01_2.
      it failed because: navigate_to: An error occurred during each attempt of this action. Attempt 0: PLANNING_ERROR: Cannot reach bottom_cabinet_jhymlr_0: there is no free floor space around it to stand on (need a spot 1...

--- drone_1 ---
Its current plan: ontop(notebook.n.01_4, cabinet.n.01_2) [success]
YOUR FINISHED PLANS (most recent last):
  #1 [DONE] ontop(notebook.n.01_4, cabinet.n.01_2)
      plan: wait(500)
      you chose it because: The drone cannot lift notebooks and is not needed for this arm-and-carrier route, so it waits without competing for the exclusive notebook.

Return exactly 3 plans, one per robot, using each robot's own ids. Say in `reasoning` how you divided the work.
-------------------------------------- COMPLETION --------------------------------------
  plans:
    [1]
      agent_id: ridgeback_1
      task:
        task: Task.ONTOP
        object_type: notebook.n.01_4
        object_id: 1
        reference: cabinet.n.01_2
      actions:
        [1]
          action_type: wait
          ticks: 600
      reasoning: Notebook.n.01_4 is already held by ridgeback_2 from another team, so I must not compete for it. I wait for that team to complete or release the current route stage.
    [2]
      agent_id: jackal_1
      task:
        task: Task.ONTOP
        object_type: notebook.n.01_4
        object_id: 1
        reference: cabinet.n.01_2
      actions:
        [1]
          action_type: wait
          ticks: 600
      reasoning: I am not carrying anything, and the only visible route cargo is exclusively held by ridgeback_2. I wait rather than repeat the failed cabinet navigation or interfere with another team.
    [3]
      agent_id: drone_1
      task:
        task: Task.ONTOP
        object_type: notebook.n.01_4
        object_id: 1
        reference: cabinet.n.01_2
      actions:
        [1]
          action_type: wait
          ticks: 600
      reasoning: A drone cannot lift notebooks, and notebook.n.01_4 is already held by ridgeback_2. I wait while the other team handles this arm-and-carrier route.
  reasoning: All currently visible relevant cargo, notebook.n.01_4, is exclusively held by another team's ridgeback_2. Since our ridgeback cannot lift it while held, our carrier has no cargo, and the drone cannot lift notebooks, all three robots wait without competing or repeating known failed actions.
====================================================================================================
#6  ridgeback_3  env_step 601  t=115.795s  Team Plan Generation [team_3]
  usage: 8435 tokens (prompt 6812, completion 1623)
---------------------------------- PROMPT / SYSTEM ----------------------------------
## 1. YOUR ROLE
You command TEAM 'team_3' -- 3 robots (ridgeback_3, jackal_3, drone_3) -- in a multi-agent
cooperative household task, alongside other teams doing the same. You are the
TEAM CONTROLLER: you are given all 3 robots' observations in one call and
answer with one plan per robot, in that same call.

- Divide the work. Two robots sent to the same object waste one of them: the
  loser burns the whole trip and its grasp fails with OBJECT_CLAIMED.
- Your robots start their plans together and you are not asked again until
  every one of them has finished. A robot that finishes early holds position
  and does nothing useful, so plans of wildly different lengths waste the
  short ones.
- Other teams are driven by their own controllers, not by you. You coordinate
  with them only through the messages quoted in this prompt.
- At the end of the prompt are each robot's last few plans, with their
  actions and how each ended, and the messages this team has sent and
  received. A plan that failed for a reason that still holds will fail the
  same way again, and a question you already asked has its answer in the
  record.

PLAN RESPONSE:
- Return a structured plan for EVERY robot listed above, one each, tagged with
  that robot's agent_id.
- Give each robot one task and at most 6 actions; 3-6 short
  executable actions are usually enough.
- Use exact item_id values from that robot's own section of the prompt.
- Say in the team-level `reasoning` how you divided the work between them.

## 2. ENVIRONMENT RULES
Your robots act through high-level primitives, not joint commands. Each one
takes many simulation steps: driving across a room costs 30 ticks per metre, so
distance is the main cost you control. None of them can see -- each is given a
symbolic description of the room it is standing in, and only that room, and
those descriptions are listed below one robot at a time.

Rules that decide whether an action succeeds:
- To grasp, place, open or toggle an object a robot must be closer to it than
  that object's own distance threshold; beyond it the action fails with TOO_FAR.
  Each object in a robot's room listing carries what that robot can do to it
  after "->", and a distance in metres ONLY when it is out of range -- no
  distance means that robot is already close enough to act on it now.
- An out-of-range object is marked "unreachable" and offers navigate_to and
  NOTHING else. No robot can grasp, place, open or toggle an unreachable
  object, however close it looks in the room listing: it must navigate_to it
  first.
- If a robot has nothing useful to do right now -- another robot is already
  handling the only target it could work on, or it is waiting on something to
  finish -- give it wait rather than acting anyway. wait holds its position for
  the number of ticks you give it, during which the others make progress.
- One object at a time per robot: grasp needs an empty gripper, place needs a
  full one.
- Objects are exclusive, including between your own robots. If anyone is
  holding something, a grasp for it fails with "held by <agent>". Sending two
  robots after one target costs the loser the whole trip for nothing.
- Some tasks are a route: THE TEAM'S TASK lists supports the cargo must rest on
  in order, marked done / NEXT. Only the NEXT support counts when the cargo is
  placed on it; a support reached out of order does not count and costs
  nothing -- progress resumes when NEXT holds. Progress is judged on where the
  cargo rests, not on what a robot intended.
- Every id in THE TEAM'S TASK is a valid navigate_to target for any robot from
  ANY room, even when it is not in that robot's listing: navigate_to(<that id>)
  drives it there, through the house, and its next listing shows that room.
  That is how a robot changes rooms. The cargo is where the task says it
  starts (or on the last support marked done) -- send a robot there; it will
  not be found where the robots stand.
- The line "Rooms in this house" names every room. navigate_to(<room name>)
  drives a robot to a free spot inside that room, so it can reach a room whose
  objects it cannot name yet, or go and look for something.
- Refer to objects only by the ids in that robot's own room listing, which are
  the objects in the room it is standing in. They look like apple.n.01_1. Never
  invent one, and never give one robot an id that appeared only under another
  robot -- it is in a room that robot cannot see.
- An entry marked "blocked" is in that room but currently unavailable -- the
  bracketed note says why.

When an action fails, that robot's plan is abandoned. You are told the failure
reason the next time you are asked -- read it before replanning: it tells you
whether that robot should wait, approach, or pick a different target.

## 3. ROBOT CAPABILITIES
Three kinds of robot. A robot's kind is on its own header ("(drone)") and on
its line in a teammate's listing ("[carrier, ...]", "[base locks while
holding]", "[drone]").

ARM -- a robot with a gripper: grasp, place_on_top, release, open/close,
toggle, load_onto, unload_from, navigate_to, wait.
- Some arms' bases LOCK while the gripper is loaded, and navigate_to then fails
  with BASE_LOCKED; such a robot cannot deliver what it picks up. Have it load
  the object onto a carrier robot with load_onto, let the carrier drive, and
  have an arm take it back at the far end with unload_from. Both actions name
  the *carrier* as their target and need the two robots within reach of each
  other. This is a division of labour, not a detour: it is why a task can need
  more than one of your robots.
- ONLY a robot marked [base locks while holding] needs a carrier. Any other
  robot that can grasp -- a drone, an unmarked arm -- carries what it holds by
  itself: grasp, navigate_to the support, place_on_top, done. A drone that can
  lift the cargo needs nobody: routing its cargo through a carrier and back is
  a detour that costs two extra actions and a round of waiting for nothing.
  Use the carrier for the base-locked robot's legs, and only for those.

CARRIER -- a robot with no arm: cargo rides on its back.
- A carrier and what it is carrying are ONE line in that robot's room listing:

    - agent_1  (teammate)  [carrier, carrying box.n.01_1]  -> unload_from

  The cargo has no line of its own and cannot be grasped where it sits.
  unload_from(agent_1) takes it off that carrier's back and into the acting
  robot's hand; load_onto(agent_1) puts what that robot holds onto it. Both
  name the carrier, both need the two robots within reach of each other, and
  unload_from is the only way to get cargo back.
- **A carrier has no arm**, so give it navigate_to and wait and nothing else:
  no grasp, no place, no release, no load_onto or unload_from -- those are done
  *to* it by a robot that does have a hand. Its own section lists its load on
  an "On your back:" line, and it cannot put that down itself. Its job is to
  drive to where an arm is waiting, which is the whole reason a task needs two
  of them.

DRONE -- flies, holds its load under a suction mount, and its base never locks:
it carries what it grasps by itself.
- What a drone may lift is limited. The drone cannot lift the notebook. A
  robot tagged [drone] can grasp and carry the die (die.n.01_1) but NOT the
  notebook (notebook.n.01_1): grasp or unload_from on it fails with
  CANNOT_LIFT, and getting closer does not change that. Only a robot with an
  arm can lift the notebook, so give that leg to an arm; this division of
  labour is what the task is built around.

THIS TEAM'S ROBOTS:
  - ridgeback_3: ARM, base LOCKS while holding (needs a carrier to move cargo)
  - jackal_3: CARRIER (no arm; navigate_to and wait only)
  - drone_3: DRONE (flies, carries what it holds; see the lift table)

WHO MAY LIFT WHAT (this activity):
  - notebook.n.01: arm

## 4. COOPERATION MODE: INDIVIDUAL
Every team plans for itself. No team sends or receives messages; you learn
what the other teams are doing only from what your robots see (a teammate of
another team in the listing, an object held by one of its robots). Do not
wait for others to speak. When another team already holds the cargo, give
your robots something else or wait.
---------------------------------- PROMPT / USER ----------------------------------
=== STEP 601 ===

## 6. OBSERVATIONS -- TEAM team_3 (3 robots)

THE TEAM'S TASK (the same for every robot), in the ids it is written in:
  Move notebook.n.01_1, in this order, onto: the cabinet in the child's room, the bookcase in the kitchen. Move notebook.n.01_2, in this order, onto: the bookcase in the kitchen, the armchair in the dining room. Move notebook.n.01_3, in this order, onto: the armchair in the dining room, the coffee table in the living room. Move notebook.n.01_4, in this order, onto: the cabinet in the living room, the bed in the bedroom. Move notebook.n.01_5, in this order, onto: the cabinet in the bedroom, the bed in the child's room.
Route S1-M5, carry notebook.n.01_1 through these in order:
  it starts ontop(notebook.n.01_1, floor.n.01_5)
  NEXT  C1  ontop(notebook.n.01_1, cabinet.n.01_1)
        D   ontop(notebook.n.01_1, bookcase.n.01_1)
Route S1-M3, carry notebook.n.01_2 through these in order:
  it starts ontop(notebook.n.01_2, floor.n.01_3)
  NEXT  C1  ontop(notebook.n.01_2, bookcase.n.01_1)
        D   ontop(notebook.n.01_2, armchair.n.01_1)
Route S1-M2, carry notebook.n.01_3 through these in order:
  it starts ontop(notebook.n.01_3, floor.n.01_2)
  NEXT  C1  ontop(notebook.n.01_3, armchair.n.01_1)
        D   ontop(notebook.n.01_3, coffee_table.n.01_1)
Route S1-M1, carry notebook.n.01_4 through these in order:
  it starts ontop(notebook.n.01_4, floor.n.01_1)
  NEXT  C1  ontop(notebook.n.01_4, cabinet.n.01_2)
        D   ontop(notebook.n.01_4, bed.n.01_2)
Route S1-M4, carry notebook.n.01_5 through these in order:
  it starts ontop(notebook.n.01_5, floor.n.01_4)
  NEXT  C1  ontop(notebook.n.01_5, cabinet.n.01_3)
        D   ontop(notebook.n.01_5, bed.n.01_1)
A support reached out of order does not count, and nothing is lost by it: progress resumes when the NEXT one holds.

=== ROBOT ridgeback_3 ===
Step 601/8000 | you are ridgeback_3 in living_room_0 (a living room)
Rooms in this house (navigate_to any of them): bathroom_0, bedroom_0, childs_room_0, closet_0, closet_1, corridor_0, dining_room_0, empty_room_0, empty_room_1, kitchen_0, living_room_0, staircase_0
Holding: nothing

living_room_0:
  - cabinet.n.01_2  Open  -> unreachable, navigate_to  [2.9 m away]
  - coffee_table.n.01_1  -> unreachable, navigate_to  [2.0 m away]
  - drone_1  (teammate)  [drone]
  - drone_2  (teammate)  [drone]
  - drone_3  (teammate)  [drone]
  - floor.n.01_1  -> navigate_to
  - jackal_1  (teammate)  [carrier, empty]  -> navigate_to
  - jackal_2  (teammate)  [carrier, empty]  -> navigate_to
  - jackal_3  (teammate)  [carrier, empty]  -> unreachable, navigate_to  [2.1 m away]
  - notebook.n.01_4  held by ridgeback_2  -> unreachable, navigate_to  [1.7 m away]
  - ridgeback_1  (teammate)  [base locks while holding]
  - ridgeback_2  (teammate)  [base locks while holding]

Relations:
  ontop(cabinet.n.01_2, floor.n.01_1)
  ontop(coffee_table.n.01_1, floor.n.01_1)
  ontop(jackal_1, floor.n.01_1)
  ontop(jackal_2, floor.n.01_1)
  ontop(jackal_3, floor.n.01_1)
  ontop(notebook.n.01_4, ridgeback_2)
  ontop(ridgeback_1, floor.n.01_1)
  ontop(ridgeback_2, floor.n.01_1)
  ontop(ridgeback_3, floor.n.01_1)
  under(jackal_1, drone_1)
  under(jackal_2, drone_2)
  under(jackal_3, drone_3)

=== ROBOT jackal_3 ===
Step 601/8000 | you are jackal_3 in living_room_0 (a living room)
Rooms in this house (navigate_to any of them): bathroom_0, bedroom_0, childs_room_0, closet_0, closet_1, corridor_0, dining_room_0, empty_room_0, empty_room_1, kitchen_0, living_room_0, staircase_0
Holding: nothing

living_room_0:
  - cabinet.n.01_2  Open  -> unreachable, navigate_to  [2.6 m away]
  - coffee_table.n.01_1  -> navigate_to
  - drone_1  (teammate)  [drone]
  - drone_2  (teammate)  [drone]
  - drone_3  (teammate)  [drone]
  - floor.n.01_1  -> navigate_to
  - jackal_1  (teammate)  [carrier, empty]
  - jackal_2  (teammate)  [carrier, empty]
  - notebook.n.01_4  held by ridgeback_2  -> unreachable, navigate_to  [2.6 m away]
  - ridgeback_1  (teammate)  [base locks while holding]
  - ridgeback_2  (teammate)  [base locks while holding]
  - ridgeback_3  (teammate)  [base locks while holding]

Relations:
  ontop(cabinet.n.01_2, floor.n.01_1)
  ontop(coffee_table.n.01_1, floor.n.01_1)
  ontop(jackal_1, floor.n.01_1)
  ontop(jackal_2, floor.n.01_1)
  ontop(jackal_3, floor.n.01_1)
  ontop(notebook.n.01_4, ridgeback_2)
  ontop(ridgeback_1, floor.n.01_1)
  ontop(ridgeback_2, floor.n.01_1)
  ontop(ridgeback_3, floor.n.01_1)
  under(jackal_1, drone_1)
  under(jackal_2, drone_2)
  under(jackal_3, drone_3)

=== ROBOT drone_3 ===
Step 601/8000 | you are drone_3 (drone) in living_room_0 (a living room)
Rooms in this house (navigate_to any of them): bathroom_0, bedroom_0, childs_room_0, closet_0, closet_1, corridor_0, dining_room_0, empty_room_0, empty_room_1, kitchen_0, living_room_0, staircase_0
Holding: nothing

living_room_0:
  - cabinet.n.01_2  Open  -> unreachable, navigate_to  [2.6 m away]
  - coffee_table.n.01_1  -> grasp, navigate_to
  - drone_1  (teammate)  [drone]
  - drone_2  (teammate)  [drone]
  - floor.n.01_1  -> navigate_to
  - jackal_1  (teammate)  [carrier, empty]  -> unreachable, navigate_to  [1.7 m away]
  - jackal_2  (teammate)  [carrier, empty]  -> unreachable, navigate_to  [1.7 m away]
  - jackal_3  (teammate)  [carrier, empty]  -> navigate_to
  - notebook.n.01_4  held by ridgeback_2  -> unreachable, navigate_to  [2.6 m away]
  - ridgeback_1  (teammate)  [base locks while holding]
  - ridgeback_2  (teammate)  [base locks while holding]
  - ridgeback_3  (teammate)  [base locks while holding]

Relations:
  ontop(cabinet.n.01_2, floor.n.01_1)
  ontop(coffee_table.n.01_1, floor.n.01_1)
  ontop(jackal_1, floor.n.01_1)
  ontop(jackal_2, floor.n.01_1)
  ontop(jackal_3, floor.n.01_1)
  ontop(notebook.n.01_4, ridgeback_2)
  ontop(ridgeback_1, floor.n.01_1)
  ontop(ridgeback_2, floor.n.01_1)
  ontop(ridgeback_3, floor.n.01_1)
  under(jackal_1, drone_1)
  under(jackal_2, drone_2)
  under(jackal_3, drone_3)

## 9. ACTION HISTORY AND FAILURES
--- ridgeback_3 ---
Its current plan: wait_for_team(team_3) [interrupted]
YOUR FINISHED PLANS (most recent last):
  #2 [FAILED] ontop(notebook.n.01_4, cabinet.n.01_2)
      plan: navigate_to(notebook.n.01_4) -> grasp(notebook.n.01_4) -> load_onto(jackal_3) -> navigate_to(cabinet.n.01_2) -> unload_from(jackal_3) -> place_on_top(cabinet.n.01_2)
      you chose it because: Handle notebook 4 because it is already in this room and requires the arm. Load it onto jackal_3 for transport because ridgeback_3 locks while holding, then unload and place it on the first support.
      it failed because: grasp: An error occurred during each attempt of this action. Attempt 0: PRE_CONDITION_ERROR: notebook_155 is riding on jackal_1's back, so you cannot grasp it. Take it with unload_from(jackal_1) in...

--- jackal_3 ---
Its current plan: wait_for_team(team_3) [interrupted]
YOUR FINISHED PLANS (most recent last):
  #2 [FAILED] ontop(notebook.n.01_4, cabinet.n.01_2)
      plan: navigate_to(notebook.n.01_4) -> navigate_to(cabinet.n.01_2) -> place_on_top(cabinet.n.01_2)
      you chose it because: Act as the carrier for ridgeback_3: position near notebook 4 for loading, then drive to its cabinet support.
      it failed because: navigate_to: An error occurred during each attempt of this action. Attempt 0: PLANNING_ERROR: Cannot reach notebook_155: there is no free floor space around it to stand on (need a spot 0.7-1.3 m aw...

--- drone_3 ---
Its current plan: ontop(notebook.n.01_3, armchair.n.01_1) [success]
YOUR FINISHED PLANS (most recent last):
  #1 [DONE] ontop(notebook.n.01_3, armchair.n.01_1)
      plan: wait(600)
      you chose it because: The only notebook-lifting arm is assigned to notebook 4, and the drone cannot lift notebooks. Wait without contesting the active cargo.

Return exactly 3 plans, one per robot, using each robot's own ids. Say in `reasoning` how you divided the work.
-------------------------------------- COMPLETION --------------------------------------
  plans:
    [1]
      agent_id: ridgeback_3
      task:
        task: Task.ONTOP
        object_type: notebook.n.01_3
        object_id: 1
        reference: coffee_table.n.01_1
      actions:
        [1]
          action_type: navigate_to
          target: armchair.n.01_1
        [2]
          action_type: grasp
          target: notebook.n.01_3
        [3]
          action_type: load_onto
          target: jackal_3
        [4]
          action_type: navigate_to
          target: coffee_table.n.01_1
        [5]
          action_type: unload_from
          target: jackal_3
        [6]
          action_type: place_on_top
          target: coffee_table.n.01_1
      reasoning: Notebook 3 has already reached the armchair and now needs its final coffee-table leg. I use the arm for lifting and placing, with jackal_3 transporting it because the ridgeback base locks while holding.
    [2]
      agent_id: jackal_3
      task:
        task: Task.ONTOP
        object_type: notebook.n.01_3
        object_id: 1
        reference: coffee_table.n.01_1
      actions:
        [1]
          action_type: navigate_to
          target: armchair.n.01_1
        [2]
          action_type: wait
          ticks: 600
        [3]
          action_type: navigate_to
          target: coffee_table.n.01_1
      reasoning: Position at the armchair to receive notebook 3 from ridgeback_3, wait for loading to complete, then carry it to the coffee table.
    [3]
      agent_id: drone_3
      task:
        task: Task.ONTOP
        object_type: notebook.n.01_3
        object_id: 1
        reference: coffee_table.n.01_1
      actions:
        [1]
          action_type: wait
          ticks: 100
      reasoning: The drone cannot lift notebooks, so it does not contest the arm-and-carrier operation and remains idle.
  reasoning: I assigned the remaining notebook 3 transfer to ridgeback_3 and jackal_3: the arm handles both notebook manipulation steps while the base-locked arm uses the carrier for movement. drone_3 waits because it cannot lift notebooks and has no independent useful role.
====================================================================================================
#7  ridgeback_3  env_step 702  t=133.589s  Team Plan Generation [team_3]
  usage: 8627 tokens (prompt 7239, completion 1388)
---------------------------------- PROMPT / SYSTEM ----------------------------------
## 1. YOUR ROLE
You command TEAM 'team_3' -- 3 robots (ridgeback_3, jackal_3, drone_3) -- in a multi-agent
cooperative household task, alongside other teams doing the same. You are the
TEAM CONTROLLER: you are given all 3 robots' observations in one call and
answer with one plan per robot, in that same call.

- Divide the work. Two robots sent to the same object waste one of them: the
  loser burns the whole trip and its grasp fails with OBJECT_CLAIMED.
- Your robots start their plans together and you are not asked again until
  every one of them has finished. A robot that finishes early holds position
  and does nothing useful, so plans of wildly different lengths waste the
  short ones.
- Other teams are driven by their own controllers, not by you. You coordinate
  with them only through the messages quoted in this prompt.
- At the end of the prompt are each robot's last few plans, with their
  actions and how each ended, and the messages this team has sent and
  received. A plan that failed for a reason that still holds will fail the
  same way again, and a question you already asked has its answer in the
  record.

PLAN RESPONSE:
- Return a structured plan for EVERY robot listed above, one each, tagged with
  that robot's agent_id.
- Give each robot one task and at most 6 actions; 3-6 short
  executable actions are usually enough.
- Use exact item_id values from that robot's own section of the prompt.
- Say in the team-level `reasoning` how you divided the work between them.

## 2. ENVIRONMENT RULES
Your robots act through high-level primitives, not joint commands. Each one
takes many simulation steps: driving across a room costs 30 ticks per metre, so
distance is the main cost you control. None of them can see -- each is given a
symbolic description of the room it is standing in, and only that room, and
those descriptions are listed below one robot at a time.

Rules that decide whether an action succeeds:
- To grasp, place, open or toggle an object a robot must be closer to it than
  that object's own distance threshold; beyond it the action fails with TOO_FAR.
  Each object in a robot's room listing carries what that robot can do to it
  after "->", and a distance in metres ONLY when it is out of range -- no
  distance means that robot is already close enough to act on it now.
- An out-of-range object is marked "unreachable" and offers navigate_to and
  NOTHING else. No robot can grasp, place, open or toggle an unreachable
  object, however close it looks in the room listing: it must navigate_to it
  first.
- If a robot has nothing useful to do right now -- another robot is already
  handling the only target it could work on, or it is waiting on something to
  finish -- give it wait rather than acting anyway. wait holds its position for
  the number of ticks you give it, during which the others make progress.
- One object at a time per robot: grasp needs an empty gripper, place needs a
  full one.
- Objects are exclusive, including between your own robots. If anyone is
  holding something, a grasp for it fails with "held by <agent>". Sending two
  robots after one target costs the loser the whole trip for nothing.
- Some tasks are a route: THE TEAM'S TASK lists supports the cargo must rest on
  in order, marked done / NEXT. Only the NEXT support counts when the cargo is
  placed on it; a support reached out of order does not count and costs
  nothing -- progress resumes when NEXT holds. Progress is judged on where the
  cargo rests, not on what a robot intended.
- Every id in THE TEAM'S TASK is a valid navigate_to target for any robot from
  ANY room, even when it is not in that robot's listing: navigate_to(<that id>)
  drives it there, through the house, and its next listing shows that room.
  That is how a robot changes rooms. The cargo is where the task says it
  starts (or on the last support marked done) -- send a robot there; it will
  not be found where the robots stand.
- The line "Rooms in this house" names every room. navigate_to(<room name>)
  drives a robot to a free spot inside that room, so it can reach a room whose
  objects it cannot name yet, or go and look for something.
- Refer to objects only by the ids in that robot's own room listing, which are
  the objects in the room it is standing in. They look like apple.n.01_1. Never
  invent one, and never give one robot an id that appeared only under another
  robot -- it is in a room that robot cannot see.
- An entry marked "blocked" is in that room but currently unavailable -- the
  bracketed note says why.

When an action fails, that robot's plan is abandoned. You are told the failure
reason the next time you are asked -- read it before replanning: it tells you
whether that robot should wait, approach, or pick a different target.

## 3. ROBOT CAPABILITIES
Three kinds of robot. A robot's kind is on its own header ("(drone)") and on
its line in a teammate's listing ("[carrier, ...]", "[base locks while
holding]", "[drone]").

ARM -- a robot with a gripper: grasp, place_on_top, release, open/close,
toggle, load_onto, unload_from, navigate_to, wait.
- Some arms' bases LOCK while the gripper is loaded, and navigate_to then fails
  with BASE_LOCKED; such a robot cannot deliver what it picks up. Have it load
  the object onto a carrier robot with load_onto, let the carrier drive, and
  have an arm take it back at the far end with unload_from. Both actions name
  the *carrier* as their target and need the two robots within reach of each
  other. This is a division of labour, not a detour: it is why a task can need
  more than one of your robots.
- ONLY a robot marked [base locks while holding] needs a carrier. Any other
  robot that can grasp -- a drone, an unmarked arm -- carries what it holds by
  itself: grasp, navigate_to the support, place_on_top, done. A drone that can
  lift the cargo needs nobody: routing its cargo through a carrier and back is
  a detour that costs two extra actions and a round of waiting for nothing.
  Use the carrier for the base-locked robot's legs, and only for those.

CARRIER -- a robot with no arm: cargo rides on its back.
- A carrier and what it is carrying are ONE line in that robot's room listing:

    - agent_1  (teammate)  [carrier, carrying box.n.01_1]  -> unload_from

  The cargo has no line of its own and cannot be grasped where it sits.
  unload_from(agent_1) takes it off that carrier's back and into the acting
  robot's hand; load_onto(agent_1) puts what that robot holds onto it. Both
  name the carrier, both need the two robots within reach of each other, and
  unload_from is the only way to get cargo back.
- **A carrier has no arm**, so give it navigate_to and wait and nothing else:
  no grasp, no place, no release, no load_onto or unload_from -- those are done
  *to* it by a robot that does have a hand. Its own section lists its load on
  an "On your back:" line, and it cannot put that down itself. Its job is to
  drive to where an arm is waiting, which is the whole reason a task needs two
  of them.

DRONE -- flies, holds its load under a suction mount, and its base never locks:
it carries what it grasps by itself.
- What a drone may lift is limited. The drone cannot lift the notebook. A
  robot tagged [drone] can grasp and carry the die (die.n.01_1) but NOT the
  notebook (notebook.n.01_1): grasp or unload_from on it fails with
  CANNOT_LIFT, and getting closer does not change that. Only a robot with an
  arm can lift the notebook, so give that leg to an arm; this division of
  labour is what the task is built around.

THIS TEAM'S ROBOTS:
  - ridgeback_3: ARM, base LOCKS while holding (needs a carrier to move cargo)
  - jackal_3: CARRIER (no arm; navigate_to and wait only)
  - drone_3: DRONE (flies, carries what it holds; see the lift table)

WHO MAY LIFT WHAT (this activity):
  - notebook.n.01: arm

## 4. COOPERATION MODE: INDIVIDUAL
Every team plans for itself. No team sends or receives messages; you learn
what the other teams are doing only from what your robots see (a teammate of
another team in the listing, an object held by one of its robots). Do not
wait for others to speak. When another team already holds the cargo, give
your robots something else or wait.
---------------------------------- PROMPT / USER ----------------------------------
=== STEP 702 ===

## 6. OBSERVATIONS -- TEAM team_3 (3 robots)

THE TEAM'S TASK (the same for every robot), in the ids it is written in:
  Move notebook.n.01_1, in this order, onto: the cabinet in the child's room, the bookcase in the kitchen. Move notebook.n.01_2, in this order, onto: the bookcase in the kitchen, the armchair in the dining room. Move notebook.n.01_3, in this order, onto: the armchair in the dining room, the coffee table in the living room. Move notebook.n.01_4, in this order, onto: the cabinet in the living room, the bed in the bedroom. Move notebook.n.01_5, in this order, onto: the cabinet in the bedroom, the bed in the child's room.
Route S1-M5, carry notebook.n.01_1 through these in order:
  it starts ontop(notebook.n.01_1, floor.n.01_5)
  NEXT  C1  ontop(notebook.n.01_1, cabinet.n.01_1)
        D   ontop(notebook.n.01_1, bookcase.n.01_1)
Route S1-M3, carry notebook.n.01_2 through these in order:
  it starts ontop(notebook.n.01_2, floor.n.01_3)
  NEXT  C1  ontop(notebook.n.01_2, bookcase.n.01_1)
        D   ontop(notebook.n.01_2, armchair.n.01_1)
Route S1-M2, carry notebook.n.01_3 through these in order:
  it starts ontop(notebook.n.01_3, floor.n.01_2)
  NEXT  C1  ontop(notebook.n.01_3, armchair.n.01_1)
        D   ontop(notebook.n.01_3, coffee_table.n.01_1)
Route S1-M1, carry notebook.n.01_4 through these in order:
  it starts ontop(notebook.n.01_4, floor.n.01_1)
  NEXT  C1  ontop(notebook.n.01_4, cabinet.n.01_2)
        D   ontop(notebook.n.01_4, bed.n.01_2)
Route S1-M4, carry notebook.n.01_5 through these in order:
  it starts ontop(notebook.n.01_5, floor.n.01_4)
  NEXT  C1  ontop(notebook.n.01_5, cabinet.n.01_3)
        D   ontop(notebook.n.01_5, bed.n.01_1)
A support reached out of order does not count, and nothing is lost by it: progress resumes when the NEXT one holds.

=== ROBOT ridgeback_3 ===
Step 702/8000 | you are ridgeback_3 in living_room_0 (a living room)
Rooms in this house (navigate_to any of them): bathroom_0, bedroom_0, childs_room_0, closet_0, closet_1, corridor_0, dining_room_0, empty_room_0, empty_room_1, kitchen_0, living_room_0, staircase_0
Holding: nothing

living_room_0:
  - cabinet.n.01_2  Open  -> unreachable, navigate_to  [2.9 m away]
  - coffee_table.n.01_1  -> unreachable, navigate_to  [2.0 m away]
  - drone_1  (teammate)  [drone]
  - drone_2  (teammate)  [drone]
  - drone_3  (teammate)  [drone]
  - floor.n.01_1  -> navigate_to
  - jackal_1  (teammate)  [carrier, empty]  -> navigate_to
  - jackal_2  (teammate)  [carrier, empty]  -> navigate_to
  - jackal_3  (teammate)  [carrier, empty]  -> unreachable, navigate_to  [2.1 m away]
  - notebook.n.01_4  held by ridgeback_2  -> unreachable, navigate_to  [1.7 m away]
  - ridgeback_1  (teammate)  [base locks while holding]
  - ridgeback_2  (teammate)  [base locks while holding]

Relations:
  ontop(cabinet.n.01_2, floor.n.01_1)
  ontop(coffee_table.n.01_1, floor.n.01_1)
  ontop(jackal_1, floor.n.01_1)
  ontop(jackal_2, floor.n.01_1)
  ontop(jackal_3, floor.n.01_1)
  ontop(notebook.n.01_4, ridgeback_2)
  ontop(ridgeback_1, floor.n.01_1)
  ontop(ridgeback_2, floor.n.01_1)
  ontop(ridgeback_3, floor.n.01_1)
  under(jackal_1, drone_1)
  under(jackal_2, drone_2)
  under(jackal_3, drone_3)

=== ROBOT jackal_3 ===
Step 702/8000 | you are jackal_3 in living_room_0 (a living room)
Rooms in this house (navigate_to any of them): bathroom_0, bedroom_0, childs_room_0, closet_0, closet_1, corridor_0, dining_room_0, empty_room_0, empty_room_1, kitchen_0, living_room_0, staircase_0
Holding: nothing

living_room_0:
  - cabinet.n.01_2  Open  -> unreachable, navigate_to  [2.6 m away]
  - coffee_table.n.01_1  -> navigate_to
  - drone_1  (teammate)  [drone]
  - drone_2  (teammate)  [drone]
  - drone_3  (teammate)  [drone]
  - floor.n.01_1  -> navigate_to
  - jackal_1  (teammate)  [carrier, empty]
  - jackal_2  (teammate)  [carrier, empty]
  - notebook.n.01_4  held by ridgeback_2  -> unreachable, navigate_to  [2.6 m away]
  - ridgeback_1  (teammate)  [base locks while holding]
  - ridgeback_2  (teammate)  [base locks while holding]
  - ridgeback_3  (teammate)  [base locks while holding]

Relations:
  ontop(cabinet.n.01_2, floor.n.01_1)
  ontop(coffee_table.n.01_1, floor.n.01_1)
  ontop(jackal_1, floor.n.01_1)
  ontop(jackal_2, floor.n.01_1)
  ontop(jackal_3, floor.n.01_1)
  ontop(notebook.n.01_4, ridgeback_2)
  ontop(ridgeback_1, floor.n.01_1)
  ontop(ridgeback_2, floor.n.01_1)
  ontop(ridgeback_3, floor.n.01_1)
  under(jackal_1, drone_1)
  under(jackal_2, drone_2)
  under(jackal_3, drone_3)

=== ROBOT drone_3 ===
Step 702/8000 | you are drone_3 (drone) in living_room_0 (a living room)
Rooms in this house (navigate_to any of them): bathroom_0, bedroom_0, childs_room_0, closet_0, closet_1, corridor_0, dining_room_0, empty_room_0, empty_room_1, kitchen_0, living_room_0, staircase_0
Holding: nothing

living_room_0:
  - cabinet.n.01_2  Open  -> unreachable, navigate_to  [2.6 m away]
  - coffee_table.n.01_1  -> grasp, navigate_to
  - drone_1  (teammate)  [drone]
  - drone_2  (teammate)  [drone]
  - floor.n.01_1  -> navigate_to
  - jackal_1  (teammate)  [carrier, empty]  -> unreachable, navigate_to  [1.7 m away]
  - jackal_2  (teammate)  [carrier, empty]  -> unreachable, navigate_to  [1.7 m away]
  - jackal_3  (teammate)  [carrier, empty]  -> navigate_to
  - notebook.n.01_4  held by ridgeback_2  -> unreachable, navigate_to  [2.6 m away]
  - ridgeback_1  (teammate)  [base locks while holding]
  - ridgeback_2  (teammate)  [base locks while holding]
  - ridgeback_3  (teammate)  [base locks while holding]

Relations:
  ontop(cabinet.n.01_2, floor.n.01_1)
  ontop(coffee_table.n.01_1, floor.n.01_1)
  ontop(jackal_1, floor.n.01_1)
  ontop(jackal_2, floor.n.01_1)
  ontop(jackal_3, floor.n.01_1)
  ontop(notebook.n.01_4, ridgeback_2)
  ontop(ridgeback_1, floor.n.01_1)
  ontop(ridgeback_2, floor.n.01_1)
  ontop(ridgeback_3, floor.n.01_1)
  under(jackal_1, drone_1)
  under(jackal_2, drone_2)
  under(jackal_3, drone_3)

## 9. ACTION HISTORY AND FAILURES
--- ridgeback_3 ---
Its current plan: wait_for_team(team_3) [interrupted]
YOUR FINISHED PLANS (most recent last):
  #2 [FAILED] ontop(notebook.n.01_4, cabinet.n.01_2)
      plan: navigate_to(notebook.n.01_4) -> grasp(notebook.n.01_4) -> load_onto(jackal_3) -> navigate_to(cabinet.n.01_2) -> unload_from(jackal_3) -> place_on_top(cabinet.n.01_2)
      you chose it because: Handle notebook 4 because it is already in this room and requires the arm. Load it onto jackal_3 for transport because ridgeback_3 locks while holding, then unload and place it on the first support.
      it failed because: grasp: An error occurred during each attempt of this action. Attempt 0: PRE_CONDITION_ERROR: notebook_155 is riding on jackal_1's back, so you cannot grasp it. Take it with unload_from(jackal_1) in...
  #4 [FAILED] ontop(notebook.n.01_3, coffee_table.n.01_1)
      plan: navigate_to(armchair.n.01_1) -> grasp(notebook.n.01_3) -> load_onto(jackal_3) -> navigate_to(coffee_table.n.01_1) -> unload_from(jackal_3) -> place_on_top(coffee_table.n.01_1)
      you chose it because: Notebook 3 has already reached the armchair and now needs its final coffee-table leg. I use the arm for lifting and placing, with jackal_3 transporting it because the ridgeback base locks while holding.
      it failed because: navigate_to: An error occurred during each attempt of this action. Attempt 0: PLANNING_ERROR: Cannot reach armchair_qplklw_2: there is no free floor space around it to stand on (need a spot 0.7-1.3...

--- jackal_3 ---
Its current plan: wait_for_team(team_3) [interrupted]
YOUR FINISHED PLANS (most recent last):
  #2 [FAILED] ontop(notebook.n.01_4, cabinet.n.01_2)
      plan: navigate_to(notebook.n.01_4) -> navigate_to(cabinet.n.01_2) -> place_on_top(cabinet.n.01_2)
      you chose it because: Act as the carrier for ridgeback_3: position near notebook 4 for loading, then drive to its cabinet support.
      it failed because: navigate_to: An error occurred during each attempt of this action. Attempt 0: PLANNING_ERROR: Cannot reach notebook_155: there is no free floor space around it to stand on (need a spot 0.7-1.3 m aw...
  #4 [FAILED] ontop(notebook.n.01_3, coffee_table.n.01_1)
      plan: navigate_to(armchair.n.01_1) -> wait(600) -> navigate_to(coffee_table.n.01_1) -> place_on_top(coffee_table.n.01_1)
      you chose it because: Position at the armchair to receive notebook 3 from ridgeback_3, wait for loading to complete, then carry it to the coffee table.
      it failed because: navigate_to: An error occurred during each attempt of this action. Attempt 0: PLANNING_ERROR: Cannot reach armchair_qplklw_2: there is no free floor space around it to stand on (need a spot 0.9-1.5...

--- drone_3 ---
Its current plan: ontop(notebook.n.01_3, coffee_table.n.01_1) [success]
YOUR FINISHED PLANS (most recent last):
  #1 [DONE] ontop(notebook.n.01_3, armchair.n.01_1)
      plan: wait(600)
      you chose it because: The only notebook-lifting arm is assigned to notebook 4, and the drone cannot lift notebooks. Wait without contesting the active cargo.
  #2 [DONE] ontop(notebook.n.01_3, coffee_table.n.01_1)
      plan: wait(100)
      you chose it because: The drone cannot lift notebooks, so it does not contest the arm-and-carrier operation and remains idle.

Return exactly 3 plans, one per robot, using each robot's own ids. Say in `reasoning` how you divided the work.
-------------------------------------- COMPLETION --------------------------------------
  plans:
    [1]
      agent_id: ridgeback_3
      task:
        task: Task.ONTOP
        object_type: notebook.n.01_5
        object_id: 1
        reference: cabinet.n.01_3
      actions:
        [1]
          action_type: navigate_to
          target: notebook.n.01_5
        [2]
          action_type: grasp
          target: notebook.n.01_5
        [3]
          action_type: load_onto
          target: jackal_3
        [4]
          action_type: wait
          ticks: 600
        [5]
          action_type: unload_from
          target: jackal_3
        [6]
          action_type: place_on_top
          target: cabinet.n.01_3
      reasoning: Handle notebook 5 with the arm, then unload and place it on its first support after jackal_3 transports it.
    [2]
      agent_id: jackal_3
      task:
        task: Task.ONTOP
        object_type: notebook.n.01_5
        object_id: 1
        reference: cabinet.n.01_3
      actions:
        [1]
          action_type: navigate_to
          target: notebook.n.01_5
        [2]
          action_type: wait
          ticks: 600
        [3]
          action_type: navigate_to
          target: cabinet.n.01_3
      reasoning: Serve as the carrier for notebook 5: wait at its starting location for ridgeback_3 to load it, then transport it to the bedroom cabinet.
    [3]
      agent_id: drone_3
      task:
        task: Task.ONTOP
        object_type: notebook.n.01_5
        object_id: 1
        reference: cabinet.n.01_3
      actions:
        [1]
          action_type: wait
          ticks: 100
      reasoning: Notebook 3 is already complete, notebook 4 is held by another team, and the drone cannot lift notebooks; remain idle while the arm-carrier pair handles notebook 5.
  reasoning: Notebook 3 has completed both route legs, while notebook 4 is already being handled by another team's ridgeback and jackal. We assign the available arm and carrier to notebook 5, whose first support is the bedroom cabinet; the drone cannot lift notebooks and waits without contesting the operation.
====================================================================================================
#8  ridgeback_2  env_step 802  t=159.511s  Team Plan Generation [team_2]
  usage: 9154 tokens (prompt 7137, completion 2017)
---------------------------------- PROMPT / SYSTEM ----------------------------------
## 1. YOUR ROLE
You command TEAM 'team_2' -- 3 robots (ridgeback_2, jackal_2, drone_2) -- in a multi-agent
cooperative household task, alongside other teams doing the same. You are the
TEAM CONTROLLER: you are given all 3 robots' observations in one call and
answer with one plan per robot, in that same call.

- Divide the work. Two robots sent to the same object waste one of them: the
  loser burns the whole trip and its grasp fails with OBJECT_CLAIMED.
- Your robots start their plans together and you are not asked again until
  every one of them has finished. A robot that finishes early holds position
  and does nothing useful, so plans of wildly different lengths waste the
  short ones.
- Other teams are driven by their own controllers, not by you. You coordinate
  with them only through the messages quoted in this prompt.
- At the end of the prompt are each robot's last few plans, with their
  actions and how each ended, and the messages this team has sent and
  received. A plan that failed for a reason that still holds will fail the
  same way again, and a question you already asked has its answer in the
  record.

PLAN RESPONSE:
- Return a structured plan for EVERY robot listed above, one each, tagged with
  that robot's agent_id.
- Give each robot one task and at most 6 actions; 3-6 short
  executable actions are usually enough.
- Use exact item_id values from that robot's own section of the prompt.
- Say in the team-level `reasoning` how you divided the work between them.

## 2. ENVIRONMENT RULES
Your robots act through high-level primitives, not joint commands. Each one
takes many simulation steps: driving across a room costs 30 ticks per metre, so
distance is the main cost you control. None of them can see -- each is given a
symbolic description of the room it is standing in, and only that room, and
those descriptions are listed below one robot at a time.

Rules that decide whether an action succeeds:
- To grasp, place, open or toggle an object a robot must be closer to it than
  that object's own distance threshold; beyond it the action fails with TOO_FAR.
  Each object in a robot's room listing carries what that robot can do to it
  after "->", and a distance in metres ONLY when it is out of range -- no
  distance means that robot is already close enough to act on it now.
- An out-of-range object is marked "unreachable" and offers navigate_to and
  NOTHING else. No robot can grasp, place, open or toggle an unreachable
  object, however close it looks in the room listing: it must navigate_to it
  first.
- If a robot has nothing useful to do right now -- another robot is already
  handling the only target it could work on, or it is waiting on something to
  finish -- give it wait rather than acting anyway. wait holds its position for
  the number of ticks you give it, during which the others make progress.
- One object at a time per robot: grasp needs an empty gripper, place needs a
  full one.
- Objects are exclusive, including between your own robots. If anyone is
  holding something, a grasp for it fails with "held by <agent>". Sending two
  robots after one target costs the loser the whole trip for nothing.
- Some tasks are a route: THE TEAM'S TASK lists supports the cargo must rest on
  in order, marked done / NEXT. Only the NEXT support counts when the cargo is
  placed on it; a support reached out of order does not count and costs
  nothing -- progress resumes when NEXT holds. Progress is judged on where the
  cargo rests, not on what a robot intended.
- Every id in THE TEAM'S TASK is a valid navigate_to target for any robot from
  ANY room, even when it is not in that robot's listing: navigate_to(<that id>)
  drives it there, through the house, and its next listing shows that room.
  That is how a robot changes rooms. The cargo is where the task says it
  starts (or on the last support marked done) -- send a robot there; it will
  not be found where the robots stand.
- The line "Rooms in this house" names every room. navigate_to(<room name>)
  drives a robot to a free spot inside that room, so it can reach a room whose
  objects it cannot name yet, or go and look for something.
- Refer to objects only by the ids in that robot's own room listing, which are
  the objects in the room it is standing in. They look like apple.n.01_1. Never
  invent one, and never give one robot an id that appeared only under another
  robot -- it is in a room that robot cannot see.
- An entry marked "blocked" is in that room but currently unavailable -- the
  bracketed note says why.

When an action fails, that robot's plan is abandoned. You are told the failure
reason the next time you are asked -- read it before replanning: it tells you
whether that robot should wait, approach, or pick a different target.

## 3. ROBOT CAPABILITIES
Three kinds of robot. A robot's kind is on its own header ("(drone)") and on
its line in a teammate's listing ("[carrier, ...]", "[base locks while
holding]", "[drone]").

ARM -- a robot with a gripper: grasp, place_on_top, release, open/close,
toggle, load_onto, unload_from, navigate_to, wait.
- Some arms' bases LOCK while the gripper is loaded, and navigate_to then fails
  with BASE_LOCKED; such a robot cannot deliver what it picks up. Have it load
  the object onto a carrier robot with load_onto, let the carrier drive, and
  have an arm take it back at the far end with unload_from. Both actions name
  the *carrier* as their target and need the two robots within reach of each
  other. This is a division of labour, not a detour: it is why a task can need
  more than one of your robots.
- ONLY a robot marked [base locks while holding] needs a carrier. Any other
  robot that can grasp -- a drone, an unmarked arm -- carries what it holds by
  itself: grasp, navigate_to the support, place_on_top, done. A drone that can
  lift the cargo needs nobody: routing its cargo through a carrier and back is
  a detour that costs two extra actions and a round of waiting for nothing.
  Use the carrier for the base-locked robot's legs, and only for those.

CARRIER -- a robot with no arm: cargo rides on its back.
- A carrier and what it is carrying are ONE line in that robot's room listing:

    - agent_1  (teammate)  [carrier, carrying box.n.01_1]  -> unload_from

  The cargo has no line of its own and cannot be grasped where it sits.
  unload_from(agent_1) takes it off that carrier's back and into the acting
  robot's hand; load_onto(agent_1) puts what that robot holds onto it. Both
  name the carrier, both need the two robots within reach of each other, and
  unload_from is the only way to get cargo back.
- **A carrier has no arm**, so give it navigate_to and wait and nothing else:
  no grasp, no place, no release, no load_onto or unload_from -- those are done
  *to* it by a robot that does have a hand. Its own section lists its load on
  an "On your back:" line, and it cannot put that down itself. Its job is to
  drive to where an arm is waiting, which is the whole reason a task needs two
  of them.

DRONE -- flies, holds its load under a suction mount, and its base never locks:
it carries what it grasps by itself.
- What a drone may lift is limited. The drone cannot lift the notebook. A
  robot tagged [drone] can grasp and carry the die (die.n.01_1) but NOT the
  notebook (notebook.n.01_1): grasp or unload_from on it fails with
  CANNOT_LIFT, and getting closer does not change that. Only a robot with an
  arm can lift the notebook, so give that leg to an arm; this division of
  labour is what the task is built around.

THIS TEAM'S ROBOTS:
  - ridgeback_2: ARM, base LOCKS while holding (needs a carrier to move cargo)
  - jackal_2: CARRIER (no arm; navigate_to and wait only)
  - drone_2: DRONE (flies, carries what it holds; see the lift table)

WHO MAY LIFT WHAT (this activity):
  - notebook.n.01: arm

## 4. COOPERATION MODE: INDIVIDUAL
Every team plans for itself. No team sends or receives messages; you learn
what the other teams are doing only from what your robots see (a teammate of
another team in the listing, an object held by one of its robots). Do not
wait for others to speak. When another team already holds the cargo, give
your robots something else or wait.
---------------------------------- PROMPT / USER ----------------------------------
=== STEP 802 ===

## 6. OBSERVATIONS -- TEAM team_2 (3 robots)

THE TEAM'S TASK (the same for every robot), in the ids it is written in:
  Move notebook.n.01_1, in this order, onto: the cabinet in the child's room, the bookcase in the kitchen. Move notebook.n.01_2, in this order, onto: the bookcase in the kitchen, the armchair in the dining room. Move notebook.n.01_3, in this order, onto: the armchair in the dining room, the coffee table in the living room. Move notebook.n.01_4, in this order, onto: the cabinet in the living room, the bed in the bedroom. Move notebook.n.01_5, in this order, onto: the cabinet in the bedroom, the bed in the child's room.
Route S1-M5, carry notebook.n.01_1 through these in order:
  it starts ontop(notebook.n.01_1, floor.n.01_5)
  NEXT  C1  ontop(notebook.n.01_1, cabinet.n.01_1)
        D   ontop(notebook.n.01_1, bookcase.n.01_1)
Route S1-M3, carry notebook.n.01_2 through these in order:
  it starts ontop(notebook.n.01_2, floor.n.01_3)
  NEXT  C1  ontop(notebook.n.01_2, bookcase.n.01_1)
        D   ontop(notebook.n.01_2, armchair.n.01_1)
Route S1-M2, carry notebook.n.01_3 through these in order:
  it starts ontop(notebook.n.01_3, floor.n.01_2)
  NEXT  C1  ontop(notebook.n.01_3, armchair.n.01_1)
        D   ontop(notebook.n.01_3, coffee_table.n.01_1)
Route S1-M1, carry notebook.n.01_4 through these in order:
  it starts ontop(notebook.n.01_4, floor.n.01_1)
  NEXT  C1  ontop(notebook.n.01_4, cabinet.n.01_2)
        D   ontop(notebook.n.01_4, bed.n.01_2)
Route S1-M4, carry notebook.n.01_5 through these in order:
  it starts ontop(notebook.n.01_5, floor.n.01_4)
  NEXT  C1  ontop(notebook.n.01_5, cabinet.n.01_3)
        D   ontop(notebook.n.01_5, bed.n.01_1)
A support reached out of order does not count, and nothing is lost by it: progress resumes when the NEXT one holds.

=== ROBOT ridgeback_2 ===
Step 802/8000 | you are ridgeback_2 in living_room_0 (a living room)
Rooms in this house (navigate_to any of them): bathroom_0, bedroom_0, childs_room_0, closet_0, closet_1, corridor_0, dining_room_0, empty_room_0, empty_room_1, kitchen_0, living_room_0, staircase_0
Holding: notebook.n.01_4 (notebook)  [your base is locked while loaded: no navigate_to]

living_room_0:
  - cabinet.n.01_2  Open  -> unreachable  [too far (4.2 m) -- and your base is locked while you hold notebook.n.01_4]
  - coffee_table.n.01_1  -> place_on_top  [places notebook.n.01_4]
  - drone_1  (teammate)  [drone]
  - drone_2  (teammate)  [drone]
  - drone_3  (teammate)  [drone]
  - floor.n.01_1  -> place_on_top  [places notebook.n.01_4]
  - jackal_1  (teammate)  [carrier, empty]  -> load_onto
  - jackal_2  (teammate)  [carrier, empty]  -> unreachable  [too far (2.2 m) -- and your base is locked]
  - jackal_3  (teammate)  [carrier, empty]  -> unreachable  [too far (2.4 m) -- and your base is locked]
  - notebook.n.01_4  held by ridgeback_2  -> release  [drops what you hold]
  - ridgeback_1  (teammate)  [base locks while holding]
  - ridgeback_3  (teammate)  [base locks while holding]

Relations:
  ontop(cabinet.n.01_2, floor.n.01_1)
  ontop(coffee_table.n.01_1, floor.n.01_1)
  ontop(jackal_1, floor.n.01_1)
  ontop(jackal_2, floor.n.01_1)
  ontop(jackal_3, floor.n.01_1)
  ontop(notebook.n.01_4, ridgeback_2)
  ontop(ridgeback_1, floor.n.01_1)
  ontop(ridgeback_2, floor.n.01_1)
  ontop(ridgeback_3, floor.n.01_1)
  under(jackal_1, drone_1)
  under(jackal_2, drone_2)
  under(jackal_3, drone_3)

=== ROBOT jackal_2 ===
Step 802/8000 | you are jackal_2 in living_room_0 (a living room)
Rooms in this house (navigate_to any of them): bathroom_0, bedroom_0, childs_room_0, closet_0, closet_1, corridor_0, dining_room_0, empty_room_0, empty_room_1, kitchen_0, living_room_0, staircase_0
Holding: nothing

living_room_0:
  - cabinet.n.01_2  Open  -> unreachable, navigate_to  [2.1 m away]
  - coffee_table.n.01_1  -> unreachable, navigate_to  [1.9 m away]
  - drone_1  (teammate)  [drone]
  - drone_2  (teammate)  [drone]
  - drone_3  (teammate)  [drone]
  - floor.n.01_1  -> navigate_to
  - jackal_1  (teammate)  [carrier, empty]
  - jackal_3  (teammate)  [carrier, empty]
  - notebook.n.01_4  held by ridgeback_2  -> unreachable, navigate_to  [2.3 m away]
  - ridgeback_1  (teammate)  [base locks while holding]
  - ridgeback_2  (teammate)  [base locks while holding]
  - ridgeback_3  (teammate)  [base locks while holding]

Relations:
  ontop(cabinet.n.01_2, floor.n.01_1)
  ontop(coffee_table.n.01_1, floor.n.01_1)
  ontop(jackal_1, floor.n.01_1)
  ontop(jackal_2, floor.n.01_1)
  ontop(jackal_3, floor.n.01_1)
  ontop(notebook.n.01_4, ridgeback_2)
  ontop(ridgeback_1, floor.n.01_1)
  ontop(ridgeback_2, floor.n.01_1)
  ontop(ridgeback_3, floor.n.01_1)
  under(jackal_1, drone_1)
  under(jackal_2, drone_2)
  under(jackal_3, drone_3)

=== ROBOT drone_2 ===
Step 802/8000 | you are drone_2 (drone) in living_room_0 (a living room)
Rooms in this house (navigate_to any of them): bathroom_0, bedroom_0, childs_room_0, closet_0, closet_1, corridor_0, dining_room_0, empty_room_0, empty_room_1, kitchen_0, living_room_0, staircase_0
Holding: nothing

living_room_0:
  - cabinet.n.01_2  Open  -> unreachable, navigate_to  [2.1 m away]
  - coffee_table.n.01_1  -> unreachable, navigate_to  [1.9 m away]
  - drone_1  (teammate)  [drone]
  - drone_3  (teammate)  [drone]
  - floor.n.01_1  -> navigate_to
  - jackal_1  (teammate)  [carrier, empty]  -> navigate_to
  - jackal_2  (teammate)  [carrier, empty]  -> navigate_to
  - jackal_3  (teammate)  [carrier, empty]  -> unreachable, navigate_to  [1.7 m away]
  - notebook.n.01_4  held by ridgeback_2  -> unreachable, navigate_to  [2.3 m away]
  - ridgeback_1  (teammate)  [base locks while holding]
  - ridgeback_2  (teammate)  [base locks while holding]
  - ridgeback_3  (teammate)  [base locks while holding]

Relations:
  ontop(cabinet.n.01_2, floor.n.01_1)
  ontop(coffee_table.n.01_1, floor.n.01_1)
  ontop(jackal_1, floor.n.01_1)
  ontop(jackal_2, floor.n.01_1)
  ontop(jackal_3, floor.n.01_1)
  ontop(notebook.n.01_4, ridgeback_2)
  ontop(ridgeback_1, floor.n.01_1)
  ontop(ridgeback_2, floor.n.01_1)
  ontop(ridgeback_3, floor.n.01_1)
  under(jackal_1, drone_1)
  under(jackal_2, drone_2)
  under(jackal_3, drone_3)

## 9. ACTION HISTORY AND FAILURES
--- ridgeback_2 ---
Its current plan: wait_for_team(team_2) [interrupted]
YOUR FINISHED PLANS (most recent last):
  #2 [FAILED] ontop(notebook.n.01_4, cabinet.n.01_2)
      plan: navigate_to(notebook.n.01_4) -> grasp(notebook.n.01_4) -> load_onto(jackal_2) -> place_on_top(cabinet.n.01_2)
      you chose it because: Handle notebook 4's first route leg. Because my base locks while holding, I will grasp it and transfer it to jackal_2 for transport.
      it failed because: grasp: An error occurred during each attempt of this action. Attempt 0: PRE_CONDITION_ERROR: notebook_155 is riding on jackal_1's back, so you cannot grasp it. Take it with unload_from(jackal_1) in...
  #4 [FAILED] ontop(notebook.n.01_4, cabinet.n.01_2)
      plan: navigate_to(jackal_1) -> unload_from(jackal_1) -> place_on_top(cabinet.n.01_2)
      you chose it because: Notebook 4 is already on jackal_1, so recover it with unload_from rather than attempting a grasp. The cabinet is the current reachable first support.
      it failed because: place_on_top: An error occurred during each attempt of this action. Attempt 0: PRE_CONDITION_ERROR: You are 4.25 m from bottom_cabinet_jhymlr_0, too far to place onto it (you must be within 1.63 m)...

--- jackal_2 ---
Its current plan: wait_for_team(team_2) [interrupted]
YOUR FINISHED PLANS (most recent last):
  #2 [FAILED] ontop(notebook.n.01_4, cabinet.n.01_2)
      plan: wait(150) -> navigate_to(cabinet.n.01_2) -> place_on_top(cabinet.n.01_2)
      you chose it because: Act as the carrier for ridgeback_2. Wait for the notebook transfer, then carry it to the living-room cabinet.
      it failed because: navigate_to: An error occurred during each attempt of this action. Attempt 0: PLANNING_ERROR: Cannot reach bottom_cabinet_jhymlr_0: there is no free floor space around it to stand on (need a spot 1...
  #4 [DONE] ontop(notebook.n.01_4, cabinet.n.01_2)
      plan: wait(500)
      you chose it because: The arm can unload and place the notebook directly; I remain available but do not attempt the cabinet navigation that previously failed for lack of free floor space.

--- drone_2 ---
Its current plan: ontop(notebook.n.01_4, cabinet.n.01_2) [success]
YOUR FINISHED PLANS (most recent last):
  #1 [DONE] ontop(notebook.n.01_4, cabinet.n.01_2)
      plan: wait(300)
      you chose it because: The notebook cannot be lifted by a drone, and ridgeback_2 with jackal_2 are assigned the only viable first leg, so I wait without competing for the object.
  #2 [DONE] ontop(notebook.n.01_4, cabinet.n.01_2)
      plan: wait(500)
      you chose it because: A drone cannot lift notebooks, and notebook 4 is already held by jackal_1. I wait without competing for the exclusive cargo.

Return exactly 3 plans, one per robot, using each robot's own ids. Say in `reasoning` how you divided the work.
-------------------------------------- COMPLETION --------------------------------------
  plans:
    [1]
      agent_id: ridgeback_2
      task:
        task: Task.ONTOP
        object_type: notebook.n.01_4
        object_id: 1
        reference: cabinet.n.01_2
      actions:
        [1]
          action_type: wait
          ticks: 150
        [2]
          action_type: unload_from
          target: jackal_1
        [3]
          action_type: load_onto
          target: jackal_2
        [4]
          action_type: navigate_to
          target: floor.n.01_1
        [5]
          action_type: wait
          ticks: 250
        [6]
          action_type: unload_from
          target: jackal_2
        [7]
          action_type: place_on_top
          target: cabinet.n.01_2
      reasoning: Recover notebook 4 from jackal_1, transfer it to our carrier jackal_2, then use the free floor position to approach the cabinet and unload/place it. The wait allows jackal_2 to reach the initial transfer point.
    [2]
      agent_id: jackal_2
      task:
        task: Task.ONTOP
        object_type: notebook.n.01_4
        object_id: 1
        reference: cabinet.n.01_2
      actions:
        [1]
          action_type: navigate_to
          target: ridgeback_2
        [2]
          action_type: wait
          ticks: 300
        [3]
          action_type: navigate_to
          target: ridgeback_2
        [4]
          action_type: wait
          ticks: 300
      reasoning: As the carrier, first approach ridgeback_2 for loading, then follow it to the floor position near the cabinet so it can unload the notebook.
    [3]
      agent_id: drone_2
      task:
        task: Task.ONTOP
        object_type: notebook.n.01_4
        object_id: 1
        reference: cabinet.n.01_2
      actions:
        [1]
          action_type: wait
          ticks: 600
      reasoning: The drone cannot lift notebooks and should avoid competing for the exclusive cargo; it waits while the arm and carrier complete the cabinet leg.
  reasoning: ridgeback_2 handles the notebook because only an arm can lift it, while jackal_2 provides transport because ridgeback_2 locks while holding. The drone has no useful role for a notebook and waits.
====================================================================================================
#9  ridgeback_3  env_step 891  t=188.086s  Team Plan Generation [team_3]
  usage: 9599 tokens (prompt 7332, completion 2267)
---------------------------------- PROMPT / SYSTEM ----------------------------------
## 1. YOUR ROLE
You command TEAM 'team_3' -- 3 robots (ridgeback_3, jackal_3, drone_3) -- in a multi-agent
cooperative household task, alongside other teams doing the same. You are the
TEAM CONTROLLER: you are given all 3 robots' observations in one call and
answer with one plan per robot, in that same call.

- Divide the work. Two robots sent to the same object waste one of them: the
  loser burns the whole trip and its grasp fails with OBJECT_CLAIMED.
- Your robots start their plans together and you are not asked again until
  every one of them has finished. A robot that finishes early holds position
  and does nothing useful, so plans of wildly different lengths waste the
  short ones.
- Other teams are driven by their own controllers, not by you. You coordinate
  with them only through the messages quoted in this prompt.
- At the end of the prompt are each robot's last few plans, with their
  actions and how each ended, and the messages this team has sent and
  received. A plan that failed for a reason that still holds will fail the
  same way again, and a question you already asked has its answer in the
  record.

PLAN RESPONSE:
- Return a structured plan for EVERY robot listed above, one each, tagged with
  that robot's agent_id.
- Give each robot one task and at most 6 actions; 3-6 short
  executable actions are usually enough.
- Use exact item_id values from that robot's own section of the prompt.
- Say in the team-level `reasoning` how you divided the work between them.

## 2. ENVIRONMENT RULES
Your robots act through high-level primitives, not joint commands. Each one
takes many simulation steps: driving across a room costs 30 ticks per metre, so
distance is the main cost you control. None of them can see -- each is given a
symbolic description of the room it is standing in, and only that room, and
those descriptions are listed below one robot at a time.

Rules that decide whether an action succeeds:
- To grasp, place, open or toggle an object a robot must be closer to it than
  that object's own distance threshold; beyond it the action fails with TOO_FAR.
  Each object in a robot's room listing carries what that robot can do to it
  after "->", and a distance in metres ONLY when it is out of range -- no
  distance means that robot is already close enough to act on it now.
- An out-of-range object is marked "unreachable" and offers navigate_to and
  NOTHING else. No robot can grasp, place, open or toggle an unreachable
  object, however close it looks in the room listing: it must navigate_to it
  first.
- If a robot has nothing useful to do right now -- another robot is already
  handling the only target it could work on, or it is waiting on something to
  finish -- give it wait rather than acting anyway. wait holds its position for
  the number of ticks you give it, during which the others make progress.
- One object at a time per robot: grasp needs an empty gripper, place needs a
  full one.
- Objects are exclusive, including between your own robots. If anyone is
  holding something, a grasp for it fails with "held by <agent>". Sending two
  robots after one target costs the loser the whole trip for nothing.
- Some tasks are a route: THE TEAM'S TASK lists supports the cargo must rest on
  in order, marked done / NEXT. Only the NEXT support counts when the cargo is
  placed on it; a support reached out of order does not count and costs
  nothing -- progress resumes when NEXT holds. Progress is judged on where the
  cargo rests, not on what a robot intended.
- Every id in THE TEAM'S TASK is a valid navigate_to target for any robot from
  ANY room, even when it is not in that robot's listing: navigate_to(<that id>)
  drives it there, through the house, and its next listing shows that room.
  That is how a robot changes rooms. The cargo is where the task says it
  starts (or on the last support marked done) -- send a robot there; it will
  not be found where the robots stand.
- The line "Rooms in this house" names every room. navigate_to(<room name>)
  drives a robot to a free spot inside that room, so it can reach a room whose
  objects it cannot name yet, or go and look for something.
- Refer to objects only by the ids in that robot's own room listing, which are
  the objects in the room it is standing in. They look like apple.n.01_1. Never
  invent one, and never give one robot an id that appeared only under another
  robot -- it is in a room that robot cannot see.
- An entry marked "blocked" is in that room but currently unavailable -- the
  bracketed note says why.

When an action fails, that robot's plan is abandoned. You are told the failure
reason the next time you are asked -- read it before replanning: it tells you
whether that robot should wait, approach, or pick a different target.

## 3. ROBOT CAPABILITIES
Three kinds of robot. A robot's kind is on its own header ("(drone)") and on
its line in a teammate's listing ("[carrier, ...]", "[base locks while
holding]", "[drone]").

ARM -- a robot with a gripper: grasp, place_on_top, release, open/close,
toggle, load_onto, unload_from, navigate_to, wait.
- Some arms' bases LOCK while the gripper is loaded, and navigate_to then fails
  with BASE_LOCKED; such a robot cannot deliver what it picks up. Have it load
  the object onto a carrier robot with load_onto, let the carrier drive, and
  have an arm take it back at the far end with unload_from. Both actions name
  the *carrier* as their target and need the two robots within reach of each
  other. This is a division of labour, not a detour: it is why a task can need
  more than one of your robots.
- ONLY a robot marked [base locks while holding] needs a carrier. Any other
  robot that can grasp -- a drone, an unmarked arm -- carries what it holds by
  itself: grasp, navigate_to the support, place_on_top, done. A drone that can
  lift the cargo needs nobody: routing its cargo through a carrier and back is
  a detour that costs two extra actions and a round of waiting for nothing.
  Use the carrier for the base-locked robot's legs, and only for those.

CARRIER -- a robot with no arm: cargo rides on its back.
- A carrier and what it is carrying are ONE line in that robot's room listing:

    - agent_1  (teammate)  [carrier, carrying box.n.01_1]  -> unload_from

  The cargo has no line of its own and cannot be grasped where it sits.
  unload_from(agent_1) takes it off that carrier's back and into the acting
  robot's hand; load_onto(agent_1) puts what that robot holds onto it. Both
  name the carrier, both need the two robots within reach of each other, and
  unload_from is the only way to get cargo back.
- **A carrier has no arm**, so give it navigate_to and wait and nothing else:
  no grasp, no place, no release, no load_onto or unload_from -- those are done
  *to* it by a robot that does have a hand. Its own section lists its load on
  an "On your back:" line, and it cannot put that down itself. Its job is to
  drive to where an arm is waiting, which is the whole reason a task needs two
  of them.

DRONE -- flies, holds its load under a suction mount, and its base never locks:
it carries what it grasps by itself.
- What a drone may lift is limited. The drone cannot lift the notebook. A
  robot tagged [drone] can grasp and carry the die (die.n.01_1) but NOT the
  notebook (notebook.n.01_1): grasp or unload_from on it fails with
  CANNOT_LIFT, and getting closer does not change that. Only a robot with an
  arm can lift the notebook, so give that leg to an arm; this division of
  labour is what the task is built around.

THIS TEAM'S ROBOTS:
  - ridgeback_3: ARM, base LOCKS while holding (needs a carrier to move cargo)
  - jackal_3: CARRIER (no arm; navigate_to and wait only)
  - drone_3: DRONE (flies, carries what it holds; see the lift table)

WHO MAY LIFT WHAT (this activity):
  - notebook.n.01: arm

## 4. COOPERATION MODE: INDIVIDUAL
Every team plans for itself. No team sends or receives messages; you learn
what the other teams are doing only from what your robots see (a teammate of
another team in the listing, an object held by one of its robots). Do not
wait for others to speak. When another team already holds the cargo, give
your robots something else or wait.
---------------------------------- PROMPT / USER ----------------------------------
=== STEP 891 ===

## 6. OBSERVATIONS -- TEAM team_3 (3 robots)

THE TEAM'S TASK (the same for every robot), in the ids it is written in:
  Move notebook.n.01_1, in this order, onto: the cabinet in the child's room, the bookcase in the kitchen. Move notebook.n.01_2, in this order, onto: the bookcase in the kitchen, the armchair in the dining room. Move notebook.n.01_3, in this order, onto: the armchair in the dining room, the coffee table in the living room. Move notebook.n.01_4, in this order, onto: the cabinet in the living room, the bed in the bedroom. Move notebook.n.01_5, in this order, onto: the cabinet in the bedroom, the bed in the child's room.
Route S1-M5, carry notebook.n.01_1 through these in order:
  it starts ontop(notebook.n.01_1, floor.n.01_5)
  NEXT  C1  ontop(notebook.n.01_1, cabinet.n.01_1)
        D   ontop(notebook.n.01_1, bookcase.n.01_1)
Route S1-M3, carry notebook.n.01_2 through these in order:
  it starts ontop(notebook.n.01_2, floor.n.01_3)
  NEXT  C1  ontop(notebook.n.01_2, bookcase.n.01_1)
        D   ontop(notebook.n.01_2, armchair.n.01_1)
Route S1-M2, carry notebook.n.01_3 through these in order:
  it starts ontop(notebook.n.01_3, floor.n.01_2)
  NEXT  C1  ontop(notebook.n.01_3, armchair.n.01_1)
        D   ontop(notebook.n.01_3, coffee_table.n.01_1)
Route S1-M1, carry notebook.n.01_4 through these in order:
  it starts ontop(notebook.n.01_4, floor.n.01_1)
  NEXT  C1  ontop(notebook.n.01_4, cabinet.n.01_2)
        D   ontop(notebook.n.01_4, bed.n.01_2)
Route S1-M4, carry notebook.n.01_5 through these in order:
  it starts ontop(notebook.n.01_5, floor.n.01_4)
  NEXT  C1  ontop(notebook.n.01_5, cabinet.n.01_3)
        D   ontop(notebook.n.01_5, bed.n.01_1)
A support reached out of order does not count, and nothing is lost by it: progress resumes when the NEXT one holds.

=== ROBOT ridgeback_3 ===
Step 891/8000 | you are ridgeback_3 in bedroom_0 (a bedroom)
Rooms in this house (navigate_to any of them): bathroom_0, bedroom_0, childs_room_0, closet_0, closet_1, corridor_0, dining_room_0, empty_room_0, empty_room_1, kitchen_0, living_room_0, staircase_0
Holding: notebook.n.01_5 (notebook)  [your base is locked while loaded: no navigate_to]

bedroom_0:
  - bed.n.01_2  -> place_on_top  [places notebook.n.01_5]
  - cabinet.n.01_3  -> unreachable  [too far (2.5 m) -- and your base is locked while you hold notebook.n.01_5]
  - floor.n.01_4  -> place_on_top  [places notebook.n.01_5]
  - notebook.n.01_5  held by ridgeback_3  -> release  [drops what you hold]

Relations:
  ontop(bed.n.01_2, floor.n.01_4)
  ontop(cabinet.n.01_3, floor.n.01_4)
  ontop(notebook.n.01_5, ridgeback_3)
  ontop(ridgeback_3, floor.n.01_4)
  under(floor.n.01_4, bed.n.01_2)

=== ROBOT jackal_3 ===
Step 891/8000 | you are jackal_3 in living_room_0 (a living room)
Rooms in this house (navigate_to any of them): bathroom_0, bedroom_0, childs_room_0, closet_0, closet_1, corridor_0, dining_room_0, empty_room_0, empty_room_1, kitchen_0, living_room_0, staircase_0
Holding: nothing

living_room_0:
  - cabinet.n.01_2  Open  -> unreachable, navigate_to  [2.6 m away]
  - coffee_table.n.01_1  -> navigate_to
  - drone_1  (teammate)  [drone]
  - drone_2  (teammate)  [drone]
  - drone_3  (teammate)  [drone]
  - floor.n.01_1  -> navigate_to
  - jackal_1  (teammate)  [carrier, empty]
  - jackal_2  (teammate)  [carrier, empty]
  - notebook.n.01_4  held by ridgeback_2  -> unreachable, navigate_to  [2.6 m away]
  - ridgeback_1  (teammate)  [base locks while holding]
  - ridgeback_2  (teammate)  [base locks while holding]

Relations:
  ontop(cabinet.n.01_2, floor.n.01_1)
  ontop(coffee_table.n.01_1, floor.n.01_1)
  ontop(jackal_1, floor.n.01_1)
  ontop(jackal_2, floor.n.01_1)
  ontop(jackal_3, floor.n.01_1)
  ontop(notebook.n.01_4, ridgeback_2)
  ontop(ridgeback_1, floor.n.01_1)
  ontop(ridgeback_2, floor.n.01_1)
  under(jackal_1, drone_1)
  under(jackal_3, drone_3)

=== ROBOT drone_3 ===
Step 891/8000 | you are drone_3 (drone) in living_room_0 (a living room)
Rooms in this house (navigate_to any of them): bathroom_0, bedroom_0, childs_room_0, closet_0, closet_1, corridor_0, dining_room_0, empty_room_0, empty_room_1, kitchen_0, living_room_0, staircase_0
Holding: nothing

living_room_0:
  - cabinet.n.01_2  Open  -> unreachable, navigate_to  [2.6 m away]
  - coffee_table.n.01_1  -> grasp, navigate_to
  - drone_1  (teammate)  [drone]
  - drone_2  (teammate)  [drone]
  - floor.n.01_1  -> navigate_to
  - jackal_1  (teammate)  [carrier, empty]  -> unreachable, navigate_to  [1.7 m away]
  - jackal_2  (teammate)  [carrier, empty]  -> unreachable, navigate_to  [3.2 m away]
  - jackal_3  (teammate)  [carrier, empty]  -> navigate_to
  - notebook.n.01_4  held by ridgeback_2  -> unreachable, navigate_to  [2.6 m away]
  - ridgeback_1  (teammate)  [base locks while holding]
  - ridgeback_2  (teammate)  [base locks while holding]

Relations:
  ontop(cabinet.n.01_2, floor.n.01_1)
  ontop(coffee_table.n.01_1, floor.n.01_1)
  ontop(jackal_1, floor.n.01_1)
  ontop(jackal_2, floor.n.01_1)
  ontop(jackal_3, floor.n.01_1)
  ontop(notebook.n.01_4, ridgeback_2)
  ontop(ridgeback_1, floor.n.01_1)
  ontop(ridgeback_2, floor.n.01_1)
  under(jackal_1, drone_1)
  under(jackal_3, drone_3)

## 9. ACTION HISTORY AND FAILURES
--- ridgeback_3 ---
Its current plan: ontop(notebook.n.01_5, cabinet.n.01_3) [failed]
YOUR FINISHED PLANS (most recent last):
  #2 [FAILED] ontop(notebook.n.01_4, cabinet.n.01_2)
      plan: navigate_to(notebook.n.01_4) -> grasp(notebook.n.01_4) -> load_onto(jackal_3) -> navigate_to(cabinet.n.01_2) -> unload_from(jackal_3) -> place_on_top(cabinet.n.01_2)
      you chose it because: Handle notebook 4 because it is already in this room and requires the arm. Load it onto jackal_3 for transport because ridgeback_3 locks while holding, then unload and place it on the first support.
      it failed because: grasp: An error occurred during each attempt of this action. Attempt 0: PRE_CONDITION_ERROR: notebook_155 is riding on jackal_1's back, so you cannot grasp it. Take it with unload_from(jackal_1) in...
  #4 [FAILED] ontop(notebook.n.01_3, coffee_table.n.01_1)
      plan: navigate_to(armchair.n.01_1) -> grasp(notebook.n.01_3) -> load_onto(jackal_3) -> navigate_to(coffee_table.n.01_1) -> unload_from(jackal_3) -> place_on_top(coffee_table.n.01_1)
      you chose it because: Notebook 3 has already reached the armchair and now needs its final coffee-table leg. I use the arm for lifting and placing, with jackal_3 transporting it because the ridgeback base locks while holding.
      it failed because: navigate_to: An error occurred during each attempt of this action. Attempt 0: PLANNING_ERROR: Cannot reach armchair_qplklw_2: there is no free floor space around it to stand on (need a spot 0.7-1.3...
  #6 [FAILED] ontop(notebook.n.01_5, cabinet.n.01_3)
      plan: navigate_to(notebook.n.01_5) -> grasp(notebook.n.01_5) -> load_onto(jackal_3) -> wait(600) -> unload_from(jackal_3) -> place_on_top(cabinet.n.01_3)
      you chose it because: Handle notebook 5 with the arm, then unload and place it on its first support after jackal_3 transports it.
      it failed because: load_onto: PRE_CONDITION_ERROR: You are 7.37 m from jackal_3, too far to load onto it (you must be within 1.55 m). Navigate to it first.. Additional info: {'target object': 'jackal_3', 'distance': ...

--- jackal_3 ---
Its current plan: wait_for_team(team_3) [interrupted]
YOUR FINISHED PLANS (most recent last):
  #2 [FAILED] ontop(notebook.n.01_4, cabinet.n.01_2)
      plan: navigate_to(notebook.n.01_4) -> navigate_to(cabinet.n.01_2) -> place_on_top(cabinet.n.01_2)
      you chose it because: Act as the carrier for ridgeback_3: position near notebook 4 for loading, then drive to its cabinet support.
      it failed because: navigate_to: An error occurred during each attempt of this action. Attempt 0: PLANNING_ERROR: Cannot reach notebook_155: there is no free floor space around it to stand on (need a spot 0.7-1.3 m aw...
  #4 [FAILED] ontop(notebook.n.01_3, coffee_table.n.01_1)
      plan: navigate_to(armchair.n.01_1) -> wait(600) -> navigate_to(coffee_table.n.01_1) -> place_on_top(coffee_table.n.01_1)
      you chose it because: Position at the armchair to receive notebook 3 from ridgeback_3, wait for loading to complete, then carry it to the coffee table.
      it failed because: navigate_to: An error occurred during each attempt of this action. Attempt 0: PLANNING_ERROR: Cannot reach armchair_qplklw_2: there is no free floor space around it to stand on (need a spot 0.9-1.5...
  #6 [FAILED] ontop(notebook.n.01_5, cabinet.n.01_3)
      plan: navigate_to(notebook.n.01_5) -> wait(600) -> navigate_to(cabinet.n.01_3) -> place_on_top(cabinet.n.01_3)
      you chose it because: Serve as the carrier for notebook 5: wait at its starting location for ridgeback_3 to load it, then transport it to the bedroom cabinet.
      it failed because: navigate_to: An error occurred during each attempt of this action. Attempt 0: PLANNING_ERROR: Cannot reach notebook_154: there is no free floor space around it to stand on (need a spot 0.7-1.3 m aw...

--- drone_3 ---
Its current plan: wait_for_team(team_3) [interrupted]
YOUR FINISHED PLANS (most recent last):
  #1 [DONE] ontop(notebook.n.01_3, armchair.n.01_1)
      plan: wait(600)
      you chose it because: The only notebook-lifting arm is assigned to notebook 4, and the drone cannot lift notebooks. Wait without contesting the active cargo.
  #2 [DONE] ontop(notebook.n.01_3, coffee_table.n.01_1)
      plan: wait(100)
      you chose it because: The drone cannot lift notebooks, so it does not contest the arm-and-carrier operation and remains idle.
  #3 [DONE] ontop(notebook.n.01_5, cabinet.n.01_3)
      plan: wait(100)
      you chose it because: Notebook 3 is already complete, notebook 4 is held by another team, and the drone cannot lift notebooks; remain idle while the arm-carrier pair handles notebook 5.

Return exactly 3 plans, one per robot, using each robot's own ids. Say in `reasoning` how you divided the work.
-------------------------------------- COMPLETION --------------------------------------
  plans:
    [1]
      agent_id: ridgeback_3
      task:
        task: Task.ONTOP
        object_type: notebook.n.01_5
        object_id: 1
        reference: cabinet.n.01_3
      actions:
        [1]
          action_type: wait
          ticks: 500
        [2]
          action_type: unload_from
          target: jackal_3
        [3] action_type: release
        [4]
          action_type: navigate_to
          target: cabinet.n.01_3
        [5]
          action_type: grasp
          target: notebook.n.01_5
        [6]
          action_type: place_on_top
          target: cabinet.n.01_3
      reasoning: Notebook 5 is already held, so wait while jackal_3 comes to the bedroom. Unload and temporarily release it, then move empty to the cabinet, regrasp it, and place it on the required first support.
    [2]
      agent_id: jackal_3
      task:
        task: Task.ONTOP
        object_type: notebook.n.01_5
        object_id: 1
        reference: cabinet.n.01_3
      actions:
        [1]
          action_type: navigate_to
          target: bedroom_0
        [2]
          action_type: wait
          ticks: 600
      reasoning: Act as the carrier for ridgeback_3. Travel from the living room to the bedroom and hold position so ridgeback_3 can unload notebook 5.
    [3]
      agent_id: drone_3
      task:
        task: Task.ONTOP
        object_type: notebook.n.01_5
        object_id: 1
        reference: cabinet.n.01_3
      actions:
        [1]
          action_type: wait
          ticks: 100
      reasoning: The notebook requires an arm and is already held by ridgeback_3; remain idle without competing for the cargo.
  reasoning: Ridgeback_3 must handle the notebook because it is the only notebook-capable arm, but its base is locked while holding. Jackal_3 first travels to the bedroom to receive the notebook; ridgeback then releases it, navigates empty to the cabinet, and completes the first placement. Drone_3 cannot lift notebooks and waits.
====================================================================================================
#10  ridgeback_1  env_step 1102  t=215.575s  Team Plan Generation [team_1]
  usage: 9009 tokens (prompt 6890, completion 2119)
---------------------------------- PROMPT / SYSTEM ----------------------------------
## 1. YOUR ROLE
You command TEAM 'team_1' -- 3 robots (ridgeback_1, jackal_1, drone_1) -- in a multi-agent
cooperative household task, alongside other teams doing the same. You are the
TEAM CONTROLLER: you are given all 3 robots' observations in one call and
answer with one plan per robot, in that same call.

- Divide the work. Two robots sent to the same object waste one of them: the
  loser burns the whole trip and its grasp fails with OBJECT_CLAIMED.
- Your robots start their plans together and you are not asked again until
  every one of them has finished. A robot that finishes early holds position
  and does nothing useful, so plans of wildly different lengths waste the
  short ones.
- Other teams are driven by their own controllers, not by you. You coordinate
  with them only through the messages quoted in this prompt.
- At the end of the prompt are each robot's last few plans, with their
  actions and how each ended, and the messages this team has sent and
  received. A plan that failed for a reason that still holds will fail the
  same way again, and a question you already asked has its answer in the
  record.

PLAN RESPONSE:
- Return a structured plan for EVERY robot listed above, one each, tagged with
  that robot's agent_id.
- Give each robot one task and at most 6 actions; 3-6 short
  executable actions are usually enough.
- Use exact item_id values from that robot's own section of the prompt.
- Say in the team-level `reasoning` how you divided the work between them.

## 2. ENVIRONMENT RULES
Your robots act through high-level primitives, not joint commands. Each one
takes many simulation steps: driving across a room costs 30 ticks per metre, so
distance is the main cost you control. None of them can see -- each is given a
symbolic description of the room it is standing in, and only that room, and
those descriptions are listed below one robot at a time.

Rules that decide whether an action succeeds:
- To grasp, place, open or toggle an object a robot must be closer to it than
  that object's own distance threshold; beyond it the action fails with TOO_FAR.
  Each object in a robot's room listing carries what that robot can do to it
  after "->", and a distance in metres ONLY when it is out of range -- no
  distance means that robot is already close enough to act on it now.
- An out-of-range object is marked "unreachable" and offers navigate_to and
  NOTHING else. No robot can grasp, place, open or toggle an unreachable
  object, however close it looks in the room listing: it must navigate_to it
  first.
- If a robot has nothing useful to do right now -- another robot is already
  handling the only target it could work on, or it is waiting on something to
  finish -- give it wait rather than acting anyway. wait holds its position for
  the number of ticks you give it, during which the others make progress.
- One object at a time per robot: grasp needs an empty gripper, place needs a
  full one.
- Objects are exclusive, including between your own robots. If anyone is
  holding something, a grasp for it fails with "held by <agent>". Sending two
  robots after one target costs the loser the whole trip for nothing.
- Some tasks are a route: THE TEAM'S TASK lists supports the cargo must rest on
  in order, marked done / NEXT. Only the NEXT support counts when the cargo is
  placed on it; a support reached out of order does not count and costs
  nothing -- progress resumes when NEXT holds. Progress is judged on where the
  cargo rests, not on what a robot intended.
- Every id in THE TEAM'S TASK is a valid navigate_to target for any robot from
  ANY room, even when it is not in that robot's listing: navigate_to(<that id>)
  drives it there, through the house, and its next listing shows that room.
  That is how a robot changes rooms. The cargo is where the task says it
  starts (or on the last support marked done) -- send a robot there; it will
  not be found where the robots stand.
- The line "Rooms in this house" names every room. navigate_to(<room name>)
  drives a robot to a free spot inside that room, so it can reach a room whose
  objects it cannot name yet, or go and look for something.
- Refer to objects only by the ids in that robot's own room listing, which are
  the objects in the room it is standing in. They look like apple.n.01_1. Never
  invent one, and never give one robot an id that appeared only under another
  robot -- it is in a room that robot cannot see.
- An entry marked "blocked" is in that room but currently unavailable -- the
  bracketed note says why.

When an action fails, that robot's plan is abandoned. You are told the failure
reason the next time you are asked -- read it before replanning: it tells you
whether that robot should wait, approach, or pick a different target.

## 3. ROBOT CAPABILITIES
Three kinds of robot. A robot's kind is on its own header ("(drone)") and on
its line in a teammate's listing ("[carrier, ...]", "[base locks while
holding]", "[drone]").

ARM -- a robot with a gripper: grasp, place_on_top, release, open/close,
toggle, load_onto, unload_from, navigate_to, wait.
- Some arms' bases LOCK while the gripper is loaded, and navigate_to then fails
  with BASE_LOCKED; such a robot cannot deliver what it picks up. Have it load
  the object onto a carrier robot with load_onto, let the carrier drive, and
  have an arm take it back at the far end with unload_from. Both actions name
  the *carrier* as their target and need the two robots within reach of each
  other. This is a division of labour, not a detour: it is why a task can need
  more than one of your robots.
- ONLY a robot marked [base locks while holding] needs a carrier. Any other
  robot that can grasp -- a drone, an unmarked arm -- carries what it holds by
  itself: grasp, navigate_to the support, place_on_top, done. A drone that can
  lift the cargo needs nobody: routing its cargo through a carrier and back is
  a detour that costs two extra actions and a round of waiting for nothing.
  Use the carrier for the base-locked robot's legs, and only for those.

CARRIER -- a robot with no arm: cargo rides on its back.
- A carrier and what it is carrying are ONE line in that robot's room listing:

    - agent_1  (teammate)  [carrier, carrying box.n.01_1]  -> unload_from

  The cargo has no line of its own and cannot be grasped where it sits.
  unload_from(agent_1) takes it off that carrier's back and into the acting
  robot's hand; load_onto(agent_1) puts what that robot holds onto it. Both
  name the carrier, both need the two robots within reach of each other, and
  unload_from is the only way to get cargo back.
- **A carrier has no arm**, so give it navigate_to and wait and nothing else:
  no grasp, no place, no release, no load_onto or unload_from -- those are done
  *to* it by a robot that does have a hand. Its own section lists its load on
  an "On your back:" line, and it cannot put that down itself. Its job is to
  drive to where an arm is waiting, which is the whole reason a task needs two
  of them.

DRONE -- flies, holds its load under a suction mount, and its base never locks:
it carries what it grasps by itself.
- What a drone may lift is limited. The drone cannot lift the notebook. A
  robot tagged [drone] can grasp and carry the die (die.n.01_1) but NOT the
  notebook (notebook.n.01_1): grasp or unload_from on it fails with
  CANNOT_LIFT, and getting closer does not change that. Only a robot with an
  arm can lift the notebook, so give that leg to an arm; this division of
  labour is what the task is built around.

THIS TEAM'S ROBOTS:
  - ridgeback_1: ARM, base LOCKS while holding (needs a carrier to move cargo)
  - jackal_1: CARRIER (no arm; navigate_to and wait only)
  - drone_1: DRONE (flies, carries what it holds; see the lift table)

WHO MAY LIFT WHAT (this activity):
  - notebook.n.01: arm

## 4. COOPERATION MODE: INDIVIDUAL
Every team plans for itself. No team sends or receives messages; you learn
what the other teams are doing only from what your robots see (a teammate of
another team in the listing, an object held by one of its robots). Do not
wait for others to speak. When another team already holds the cargo, give
your robots something else or wait.
---------------------------------- PROMPT / USER ----------------------------------
=== STEP 1102 ===

## 6. OBSERVATIONS -- TEAM team_1 (3 robots)

THE TEAM'S TASK (the same for every robot), in the ids it is written in:
  Move notebook.n.01_1, in this order, onto: the cabinet in the child's room, the bookcase in the kitchen. Move notebook.n.01_2, in this order, onto: the bookcase in the kitchen, the armchair in the dining room. Move notebook.n.01_3, in this order, onto: the armchair in the dining room, the coffee table in the living room. Move notebook.n.01_4, in this order, onto: the cabinet in the living room, the bed in the bedroom. Move notebook.n.01_5, in this order, onto: the cabinet in the bedroom, the bed in the child's room.
Route S1-M5, carry notebook.n.01_1 through these in order:
  it starts ontop(notebook.n.01_1, floor.n.01_5)
  NEXT  C1  ontop(notebook.n.01_1, cabinet.n.01_1)
        D   ontop(notebook.n.01_1, bookcase.n.01_1)
Route S1-M3, carry notebook.n.01_2 through these in order:
  it starts ontop(notebook.n.01_2, floor.n.01_3)
  NEXT  C1  ontop(notebook.n.01_2, bookcase.n.01_1)
        D   ontop(notebook.n.01_2, armchair.n.01_1)
Route S1-M2, carry notebook.n.01_3 through these in order:
  it starts ontop(notebook.n.01_3, floor.n.01_2)
  NEXT  C1  ontop(notebook.n.01_3, armchair.n.01_1)
        D   ontop(notebook.n.01_3, coffee_table.n.01_1)
Route S1-M1, carry notebook.n.01_4 through these in order:
  it starts ontop(notebook.n.01_4, floor.n.01_1)
  NEXT  C1  ontop(notebook.n.01_4, cabinet.n.01_2)
        D   ontop(notebook.n.01_4, bed.n.01_2)
Route S1-M4, carry notebook.n.01_5 through these in order:
  it starts ontop(notebook.n.01_5, floor.n.01_4)
  NEXT  C1  ontop(notebook.n.01_5, cabinet.n.01_3)
        D   ontop(notebook.n.01_5, bed.n.01_1)
A support reached out of order does not count, and nothing is lost by it: progress resumes when the NEXT one holds.

=== ROBOT ridgeback_1 ===
Step 1102/8000 | you are ridgeback_1 in living_room_0 (a living room)
Rooms in this house (navigate_to any of them): bathroom_0, bedroom_0, childs_room_0, closet_0, closet_1, corridor_0, dining_room_0, empty_room_0, empty_room_1, kitchen_0, living_room_0, staircase_0
Holding: nothing

living_room_0:
  - cabinet.n.01_2  Open  -> close, grasp, navigate_to  [Open is True]
  - coffee_table.n.01_1  -> unreachable, navigate_to  [3.0 m away]
  - drone_1  (teammate)  [drone]
  - drone_2  (teammate)  [drone]
  - drone_3  (teammate)  [drone]
  - floor.n.01_1  -> navigate_to
  - jackal_1  (teammate)  [carrier, empty]  -> unreachable, navigate_to  [2.3 m away]
  - jackal_2  (teammate)  [carrier, empty]  -> unreachable, navigate_to  [3.0 m away]
  - jackal_3  (teammate)  [carrier, empty]  -> unreachable, navigate_to  [2.5 m away]
  - notebook.n.01_4  held by ridgeback_2  -> unreachable, navigate_to  [3.4 m away]
  - ridgeback_2  (teammate)  [base locks while holding]

Relations:
  ontop(cabinet.n.01_2, floor.n.01_1)
  ontop(coffee_table.n.01_1, floor.n.01_1)
  ontop(jackal_1, floor.n.01_1)
  ontop(jackal_2, floor.n.01_1)
  ontop(jackal_3, floor.n.01_1)
  ontop(notebook.n.01_4, ridgeback_2)
  ontop(ridgeback_1, floor.n.01_1)
  ontop(ridgeback_2, floor.n.01_1)
  under(jackal_1, drone_1)
  under(jackal_3, drone_3)

=== ROBOT jackal_1 ===
Step 1102/8000 | you are jackal_1 in living_room_0 (a living room)
Rooms in this house (navigate_to any of them): bathroom_0, bedroom_0, childs_room_0, closet_0, closet_1, corridor_0, dining_room_0, empty_room_0, empty_room_1, kitchen_0, living_room_0, staircase_0
Holding: nothing

living_room_0:
  - cabinet.n.01_2  Open  -> unreachable, navigate_to  [3.2 m away]
  - coffee_table.n.01_1  -> navigate_to
  - drone_1  (teammate)  [drone]
  - drone_2  (teammate)  [drone]
  - drone_3  (teammate)  [drone]
  - floor.n.01_1  -> navigate_to
  - jackal_2  (teammate)  [carrier, empty]
  - jackal_3  (teammate)  [carrier, empty]
  - notebook.n.01_4  held by ridgeback_2  -> navigate_to
  - ridgeback_1  (teammate)  [base locks while holding]
  - ridgeback_2  (teammate)  [base locks while holding]

Relations:
  ontop(cabinet.n.01_2, floor.n.01_1)
  ontop(coffee_table.n.01_1, floor.n.01_1)
  ontop(jackal_1, floor.n.01_1)
  ontop(jackal_2, floor.n.01_1)
  ontop(jackal_3, floor.n.01_1)
  ontop(notebook.n.01_4, ridgeback_2)
  ontop(ridgeback_1, floor.n.01_1)
  ontop(ridgeback_2, floor.n.01_1)
  under(jackal_1, drone_1)
  under(jackal_3, drone_3)

=== ROBOT drone_1 ===
Step 1102/8000 | you are drone_1 (drone) in living_room_0 (a living room)
Rooms in this house (navigate_to any of them): bathroom_0, bedroom_0, childs_room_0, closet_0, closet_1, corridor_0, dining_room_0, empty_room_0, empty_room_1, kitchen_0, living_room_0, staircase_0
Holding: nothing

living_room_0:
  - cabinet.n.01_2  Open  -> unreachable, navigate_to  [3.2 m away]
  - coffee_table.n.01_1  -> grasp, navigate_to
  - drone_2  (teammate)  [drone]
  - drone_3  (teammate)  [drone]
  - floor.n.01_1  -> navigate_to
  - jackal_1  (teammate)  [carrier, empty]  -> navigate_to
  - jackal_2  (teammate)  [carrier, empty]  -> navigate_to
  - jackal_3  (teammate)  [carrier, empty]  -> unreachable, navigate_to  [1.7 m away]
  - notebook.n.01_4  held by ridgeback_2  -> unreachable, navigate_to  [1.2 m away]
  - ridgeback_1  (teammate)  [base locks while holding]
  - ridgeback_2  (teammate)  [base locks while holding]

Relations:
  ontop(cabinet.n.01_2, floor.n.01_1)
  ontop(coffee_table.n.01_1, floor.n.01_1)
  ontop(jackal_1, floor.n.01_1)
  ontop(jackal_2, floor.n.01_1)
  ontop(jackal_3, floor.n.01_1)
  ontop(notebook.n.01_4, ridgeback_2)
  ontop(ridgeback_1, floor.n.01_1)
  ontop(ridgeback_2, floor.n.01_1)
  under(jackal_1, drone_1)
  under(jackal_3, drone_3)

## 9. ACTION HISTORY AND FAILURES
--- ridgeback_1 ---
Its current plan: wait_for_team(team_1) [interrupted]
YOUR FINISHED PLANS (most recent last):
  #2 [FAILED] ontop(notebook.n.01_4, cabinet.n.01_2)
      plan: grasp(notebook.n.01_4) -> load_onto(jackal_1) -> navigate_to(cabinet.n.01_2) -> unload_from(jackal_1) -> place_on_top(cabinet.n.01_2)
      you chose it because: Ridgeback handles the notebook because only an arm can lift it, loading it onto jackal_1 before traveling because its base locks while holding. It then unloads and places the notebook on the first required support.
      it failed because: unload_from: PRE_CONDITION_ERROR: You are 2.30 m from jackal_1, too far to unload from it (you must be within 1.55 m). Navigate to it first.. Additional info: {'target object': 'jackal_1', 'distanc...
  #4 [DONE] ontop(notebook.n.01_4, cabinet.n.01_2)
      plan: wait(600)
      you chose it because: Notebook.n.01_4 is already held by ridgeback_2 from another team, so I must not compete for it. I wait for that team to complete or release the current route stage.

--- jackal_1 ---
Its current plan: wait_for_team(team_1) [interrupted]
YOUR FINISHED PLANS (most recent last):
  #2 [FAILED] ontop(notebook.n.01_4, cabinet.n.01_2)
      plan: wait(150) -> navigate_to(cabinet.n.01_2) -> place_on_top(cabinet.n.01_2)
      you chose it because: Jackal_1 is assigned as the carrier for ridgeback_1's loaded notebook, waiting for loading to complete and then transporting it to cabinet.n.01_2.
      it failed because: navigate_to: An error occurred during each attempt of this action. Attempt 0: PLANNING_ERROR: Cannot reach bottom_cabinet_jhymlr_0: there is no free floor space around it to stand on (need a spot 1...
  #4 [DONE] ontop(notebook.n.01_4, cabinet.n.01_2)
      plan: wait(600)
      you chose it because: I am not carrying anything, and the only visible route cargo is exclusively held by ridgeback_2. I wait rather than repeat the failed cabinet navigation or interfere with another team.

--- drone_1 ---
Its current plan: ontop(notebook.n.01_4, cabinet.n.01_2) [success]
YOUR FINISHED PLANS (most recent last):
  #1 [DONE] ontop(notebook.n.01_4, cabinet.n.01_2)
      plan: wait(500)
      you chose it because: The drone cannot lift notebooks and is not needed for this arm-and-carrier route, so it waits without competing for the exclusive notebook.
  #2 [DONE] ontop(notebook.n.01_4, cabinet.n.01_2)
      plan: wait(600)
      you chose it because: A drone cannot lift notebooks, and notebook.n.01_4 is already held by ridgeback_2. I wait while the other team handles this arm-and-carrier route.

Return exactly 3 plans, one per robot, using each robot's own ids. Say in `reasoning` how you divided the work.
-------------------------------------- COMPLETION --------------------------------------
  plans:
    [1]
      agent_id: ridgeback_1
      task:
        task: Task.ONTOP
        object_type: notebook.n.01_1
        object_id: 1
        reference: cabinet.n.01_1
      actions:
        [1]
          action_type: navigate_to
          target: notebook.n.01_1
        [2]
          action_type: grasp
          target: notebook.n.01_1
        [3]
          action_type: load_onto
          target: jackal_1
        [4]
          action_type: navigate_to
          target: jackal_1
        [5]
          action_type: unload_from
          target: jackal_1
        [6]
          action_type: place_on_top
          target: cabinet.n.01_1
      reasoning: I handle notebook.n.01_1 because only an arm can lift it. I load it onto jackal_1 for transport, then reclaim and place it on the first required support.
    [2]
      agent_id: jackal_1
      task:
        task: Task.ONTOP
        object_type: notebook.n.01_1
        object_id: 1
        reference: cabinet.n.01_1
      actions:
        [1]
          action_type: navigate_to
          target: notebook.n.01_1
        [2]
          action_type: wait
          ticks: 80
        [3]
          action_type: navigate_to
          target: cabinet.n.01_1
      reasoning: I serve as the carrier for ridgeback_1, meeting it at notebook.n.01_1 and transporting the loaded notebook to cabinet.n.01_1.
    [3]
      agent_id: drone_1
      task:
        task: Task.ONTOP
        object_type: notebook.n.01_1
        object_id: 1
        reference: cabinet.n.01_1
      actions:
        [1]
          action_type: wait
          ticks: 600
      reasoning: I cannot lift notebooks, and notebook.n.01_4 is held by another team's arm. I wait rather than interfere with either exclusive cargo.
  reasoning: Ridgeback_1 performs the notebook manipulation, while jackal_1 provides the required transport because ridgeback_1's base locks while holding. Drone_1 has no useful notebook role and waits.
====================================================================================================
#11  ridgeback_2  env_step 1486  t=248.444s  Team Plan Generation [team_2]
  usage: 7749 tokens (prompt 6963, completion 786)
---------------------------------- PROMPT / SYSTEM ----------------------------------
## 1. YOUR ROLE
You command TEAM 'team_2' -- 3 robots (ridgeback_2, jackal_2, drone_2) -- in a multi-agent
cooperative household task, alongside other teams doing the same. You are the
TEAM CONTROLLER: you are given all 3 robots' observations in one call and
answer with one plan per robot, in that same call.

- Divide the work. Two robots sent to the same object waste one of them: the
  loser burns the whole trip and its grasp fails with OBJECT_CLAIMED.
- Your robots start their plans together and you are not asked again until
  every one of them has finished. A robot that finishes early holds position
  and does nothing useful, so plans of wildly different lengths waste the
  short ones.
- Other teams are driven by their own controllers, not by you. You coordinate
  with them only through the messages quoted in this prompt.
- At the end of the prompt are each robot's last few plans, with their
  actions and how each ended, and the messages this team has sent and
  received. A plan that failed for a reason that still holds will fail the
  same way again, and a question you already asked has its answer in the
  record.

PLAN RESPONSE:
- Return a structured plan for EVERY robot listed above, one each, tagged with
  that robot's agent_id.
- Give each robot one task and at most 6 actions; 3-6 short
  executable actions are usually enough.
- Use exact item_id values from that robot's own section of the prompt.
- Say in the team-level `reasoning` how you divided the work between them.

## 2. ENVIRONMENT RULES
Your robots act through high-level primitives, not joint commands. Each one
takes many simulation steps: driving across a room costs 30 ticks per metre, so
distance is the main cost you control. None of them can see -- each is given a
symbolic description of the room it is standing in, and only that room, and
those descriptions are listed below one robot at a time.

Rules that decide whether an action succeeds:
- To grasp, place, open or toggle an object a robot must be closer to it than
  that object's own distance threshold; beyond it the action fails with TOO_FAR.
  Each object in a robot's room listing carries what that robot can do to it
  after "->", and a distance in metres ONLY when it is out of range -- no
  distance means that robot is already close enough to act on it now.
- An out-of-range object is marked "unreachable" and offers navigate_to and
  NOTHING else. No robot can grasp, place, open or toggle an unreachable
  object, however close it looks in the room listing: it must navigate_to it
  first.
- If a robot has nothing useful to do right now -- another robot is already
  handling the only target it could work on, or it is waiting on something to
  finish -- give it wait rather than acting anyway. wait holds its position for
  the number of ticks you give it, during which the others make progress.
- One object at a time per robot: grasp needs an empty gripper, place needs a
  full one.
- Objects are exclusive, including between your own robots. If anyone is
  holding something, a grasp for it fails with "held by <agent>". Sending two
  robots after one target costs the loser the whole trip for nothing.
- Some tasks are a route: THE TEAM'S TASK lists supports the cargo must rest on
  in order, marked done / NEXT. Only the NEXT support counts when the cargo is
  placed on it; a support reached out of order does not count and costs
  nothing -- progress resumes when NEXT holds. Progress is judged on where the
  cargo rests, not on what a robot intended.
- Every id in THE TEAM'S TASK is a valid navigate_to target for any robot from
  ANY room, even when it is not in that robot's listing: navigate_to(<that id>)
  drives it there, through the house, and its next listing shows that room.
  That is how a robot changes rooms. The cargo is where the task says it
  starts (or on the last support marked done) -- send a robot there; it will
  not be found where the robots stand.
- The line "Rooms in this house" names every room. navigate_to(<room name>)
  drives a robot to a free spot inside that room, so it can reach a room whose
  objects it cannot name yet, or go and look for something.
- Refer to objects only by the ids in that robot's own room listing, which are
  the objects in the room it is standing in. They look like apple.n.01_1. Never
  invent one, and never give one robot an id that appeared only under another
  robot -- it is in a room that robot cannot see.
- An entry marked "blocked" is in that room but currently unavailable -- the
  bracketed note says why.

When an action fails, that robot's plan is abandoned. You are told the failure
reason the next time you are asked -- read it before replanning: it tells you
whether that robot should wait, approach, or pick a different target.

## 3. ROBOT CAPABILITIES
Three kinds of robot. A robot's kind is on its own header ("(drone)") and on
its line in a teammate's listing ("[carrier, ...]", "[base locks while
holding]", "[drone]").

ARM -- a robot with a gripper: grasp, place_on_top, release, open/close,
toggle, load_onto, unload_from, navigate_to, wait.
- Some arms' bases LOCK while the gripper is loaded, and navigate_to then fails
  with BASE_LOCKED; such a robot cannot deliver what it picks up. Have it load
  the object onto a carrier robot with load_onto, let the carrier drive, and
  have an arm take it back at the far end with unload_from. Both actions name
  the *carrier* as their target and need the two robots within reach of each
  other. This is a division of labour, not a detour: it is why a task can need
  more than one of your robots.
- ONLY a robot marked [base locks while holding] needs a carrier. Any other
  robot that can grasp -- a drone, an unmarked arm -- carries what it holds by
  itself: grasp, navigate_to the support, place_on_top, done. A drone that can
  lift the cargo needs nobody: routing its cargo through a carrier and back is
  a detour that costs two extra actions and a round of waiting for nothing.
  Use the carrier for the base-locked robot's legs, and only for those.

CARRIER -- a robot with no arm: cargo rides on its back.
- A carrier and what it is carrying are ONE line in that robot's room listing:

    - agent_1  (teammate)  [carrier, carrying box.n.01_1]  -> unload_from

  The cargo has no line of its own and cannot be grasped where it sits.
  unload_from(agent_1) takes it off that carrier's back and into the acting
  robot's hand; load_onto(agent_1) puts what that robot holds onto it. Both
  name the carrier, both need the two robots within reach of each other, and
  unload_from is the only way to get cargo back.
- **A carrier has no arm**, so give it navigate_to and wait and nothing else:
  no grasp, no place, no release, no load_onto or unload_from -- those are done
  *to* it by a robot that does have a hand. Its own section lists its load on
  an "On your back:" line, and it cannot put that down itself. Its job is to
  drive to where an arm is waiting, which is the whole reason a task needs two
  of them.

DRONE -- flies, holds its load under a suction mount, and its base never locks:
it carries what it grasps by itself.
- What a drone may lift is limited. The drone cannot lift the notebook. A
  robot tagged [drone] can grasp and carry the die (die.n.01_1) but NOT the
  notebook (notebook.n.01_1): grasp or unload_from on it fails with
  CANNOT_LIFT, and getting closer does not change that. Only a robot with an
  arm can lift the notebook, so give that leg to an arm; this division of
  labour is what the task is built around.

THIS TEAM'S ROBOTS:
  - ridgeback_2: ARM, base LOCKS while holding (needs a carrier to move cargo)
  - jackal_2: CARRIER (no arm; navigate_to and wait only)
  - drone_2: DRONE (flies, carries what it holds; see the lift table)

WHO MAY LIFT WHAT (this activity):
  - notebook.n.01: arm

## 4. COOPERATION MODE: INDIVIDUAL
Every team plans for itself. No team sends or receives messages; you learn
what the other teams are doing only from what your robots see (a teammate of
another team in the listing, an object held by one of its robots). Do not
wait for others to speak. When another team already holds the cargo, give
your robots something else or wait.
---------------------------------- PROMPT / USER ----------------------------------
=== STEP 1486 ===

## 6. OBSERVATIONS -- TEAM team_2 (3 robots)

THE TEAM'S TASK (the same for every robot), in the ids it is written in:
  Move notebook.n.01_1, in this order, onto: the cabinet in the child's room, the bookcase in the kitchen. Move notebook.n.01_2, in this order, onto: the bookcase in the kitchen, the armchair in the dining room. Move notebook.n.01_3, in this order, onto: the armchair in the dining room, the coffee table in the living room. Move notebook.n.01_4, in this order, onto: the cabinet in the living room, the bed in the bedroom. Move notebook.n.01_5, in this order, onto: the cabinet in the bedroom, the bed in the child's room.
Route S1-M5, carry notebook.n.01_1 through these in order:
  it starts ontop(notebook.n.01_1, floor.n.01_5)
  NEXT  C1  ontop(notebook.n.01_1, cabinet.n.01_1)
        D   ontop(notebook.n.01_1, bookcase.n.01_1)
Route S1-M3, carry notebook.n.01_2 through these in order:
  it starts ontop(notebook.n.01_2, floor.n.01_3)
  NEXT  C1  ontop(notebook.n.01_2, bookcase.n.01_1)
        D   ontop(notebook.n.01_2, armchair.n.01_1)
Route S1-M2, carry notebook.n.01_3 through these in order:
  it starts ontop(notebook.n.01_3, floor.n.01_2)
  NEXT  C1  ontop(notebook.n.01_3, armchair.n.01_1)
        D   ontop(notebook.n.01_3, coffee_table.n.01_1)
Route S1-M1, carry notebook.n.01_4 through these in order:
  it starts ontop(notebook.n.01_4, floor.n.01_1)
  NEXT  C1  ontop(notebook.n.01_4, cabinet.n.01_2)
        D   ontop(notebook.n.01_4, bed.n.01_2)
Route S1-M4, carry notebook.n.01_5 through these in order:
  it starts ontop(notebook.n.01_5, floor.n.01_4)
  NEXT  C1  ontop(notebook.n.01_5, cabinet.n.01_3)
        D   ontop(notebook.n.01_5, bed.n.01_1)
A support reached out of order does not count, and nothing is lost by it: progress resumes when the NEXT one holds.

=== ROBOT ridgeback_2 ===
Step 1486/8000 | you are ridgeback_2 in living_room_0 (a living room)
Rooms in this house (navigate_to any of them): bathroom_0, bedroom_0, childs_room_0, closet_0, closet_1, corridor_0, dining_room_0, empty_room_0, empty_room_1, kitchen_0, living_room_0, staircase_0
Holding: notebook.n.01_4 (notebook)  [your base is locked while loaded: no navigate_to]

living_room_0:
  - cabinet.n.01_2  Open  -> unreachable  [too far (4.2 m) -- and your base is locked while you hold notebook.n.01_4]
  - coffee_table.n.01_1  -> place_on_top  [places notebook.n.01_4]
  - drone_1  (teammate)  [drone]
  - drone_2  (teammate)  [drone]
  - drone_3  (teammate)  [drone]
  - floor.n.01_1  -> place_on_top  [places notebook.n.01_4]
  - jackal_2  (teammate)  [carrier, empty]  -> load_onto
  - notebook.n.01_4  held by ridgeback_2  -> release  [drops what you hold]

Relations:
  ontop(cabinet.n.01_2, floor.n.01_1)
  ontop(coffee_table.n.01_1, floor.n.01_1)
  ontop(jackal_2, floor.n.01_1)
  ontop(notebook.n.01_4, ridgeback_2)
  ontop(ridgeback_2, floor.n.01_1)

=== ROBOT jackal_2 ===
Step 1486/8000 | you are jackal_2 in living_room_0 (a living room)
Rooms in this house (navigate_to any of them): bathroom_0, bedroom_0, childs_room_0, closet_0, closet_1, corridor_0, dining_room_0, empty_room_0, empty_room_1, kitchen_0, living_room_0, staircase_0
Holding: nothing

living_room_0:
  - cabinet.n.01_2  Open  -> unreachable, navigate_to  [3.7 m away]
  - coffee_table.n.01_1  -> unreachable, navigate_to  [2.3 m away]
  - drone_1  (teammate)  [drone]
  - drone_2  (teammate)  [drone]
  - drone_3  (teammate)  [drone]
  - floor.n.01_1  -> navigate_to
  - notebook.n.01_4  held by ridgeback_2  -> navigate_to
  - ridgeback_2  (teammate)  [base locks while holding]

Relations:
  ontop(cabinet.n.01_2, floor.n.01_1)
  ontop(coffee_table.n.01_1, floor.n.01_1)
  ontop(jackal_2, floor.n.01_1)
  ontop(notebook.n.01_4, ridgeback_2)
  ontop(ridgeback_2, floor.n.01_1)

=== ROBOT drone_2 ===
Step 1486/8000 | you are drone_2 (drone) in living_room_0 (a living room)
Rooms in this house (navigate_to any of them): bathroom_0, bedroom_0, childs_room_0, closet_0, closet_1, corridor_0, dining_room_0, empty_room_0, empty_room_1, kitchen_0, living_room_0, staircase_0
Holding: nothing

living_room_0:
  - cabinet.n.01_2  Open  -> unreachable, navigate_to  [2.1 m away]
  - coffee_table.n.01_1  -> unreachable, navigate_to  [1.9 m away]
  - drone_1  (teammate)  [drone]
  - drone_3  (teammate)  [drone]
  - floor.n.01_1  -> navigate_to
  - jackal_2  (teammate)  [carrier, empty]  -> unreachable, navigate_to  [1.7 m away]
  - notebook.n.01_4  held by ridgeback_2  -> unreachable, navigate_to  [2.3 m away]
  - ridgeback_2  (teammate)  [base locks while holding]

Relations:
  ontop(cabinet.n.01_2, floor.n.01_1)
  ontop(coffee_table.n.01_1, floor.n.01_1)
  ontop(jackal_2, floor.n.01_1)
  ontop(notebook.n.01_4, ridgeback_2)
  ontop(ridgeback_2, floor.n.01_1)

## 9. ACTION HISTORY AND FAILURES
--- ridgeback_2 ---
Its current plan: wait_for_team(team_2) [interrupted]
YOUR FINISHED PLANS (most recent last):
  #2 [FAILED] ontop(notebook.n.01_4, cabinet.n.01_2)
      plan: navigate_to(notebook.n.01_4) -> grasp(notebook.n.01_4) -> load_onto(jackal_2) -> place_on_top(cabinet.n.01_2)
      you chose it because: Handle notebook 4's first route leg. Because my base locks while holding, I will grasp it and transfer it to jackal_2 for transport.
      it failed because: grasp: An error occurred during each attempt of this action. Attempt 0: PRE_CONDITION_ERROR: notebook_155 is riding on jackal_1's back, so you cannot grasp it. Take it with unload_from(jackal_1) in...
  #4 [FAILED] ontop(notebook.n.01_4, cabinet.n.01_2)
      plan: navigate_to(jackal_1) -> unload_from(jackal_1) -> place_on_top(cabinet.n.01_2)
      you chose it because: Notebook 4 is already on jackal_1, so recover it with unload_from rather than attempting a grasp. The cabinet is the current reachable first support.
      it failed because: place_on_top: An error occurred during each attempt of this action. Attempt 0: PRE_CONDITION_ERROR: You are 4.25 m from bottom_cabinet_jhymlr_0, too far to place onto it (you must be within 1.63 m)...
  #6 [FAILED] ontop(notebook.n.01_4, cabinet.n.01_2)
      plan: wait(150) -> unload_from(jackal_1) -> load_onto(jackal_2) -> navigate_to(floor.n.01_1) -> wait(250) -> unload_from(jackal_2) -> place_on_top(cabinet.n.01_2)
      you chose it because: Recover notebook 4 from jackal_1, transfer it to our carrier jackal_2, then use the free floor position to approach the cabinet and unload/place it. The wait allows jackal_2 to reach the initial transfer point.
      it failed because: unload_from: PRE_CONDITION_ERROR: Your gripper is already full.. Additional info: {'target object': 'jackal_1', 'reason_code': 'PRE_CONDITION_ERROR'}

--- jackal_2 ---
Its current plan: ontop(notebook.n.01_4, cabinet.n.01_2) [failed]
YOUR FINISHED PLANS (most recent last):
  #2 [FAILED] ontop(notebook.n.01_4, cabinet.n.01_2)
      plan: wait(150) -> navigate_to(cabinet.n.01_2) -> place_on_top(cabinet.n.01_2)
      you chose it because: Act as the carrier for ridgeback_2. Wait for the notebook transfer, then carry it to the living-room cabinet.
      it failed because: navigate_to: An error occurred during each attempt of this action. Attempt 0: PLANNING_ERROR: Cannot reach bottom_cabinet_jhymlr_0: there is no free floor space around it to stand on (need a spot 1...
  #4 [DONE] ontop(notebook.n.01_4, cabinet.n.01_2)
      plan: wait(500)
      you chose it because: The arm can unload and place the notebook directly; I remain available but do not attempt the cabinet navigation that previously failed for lack of free floor space.
  #6 [FAILED] ontop(notebook.n.01_4, cabinet.n.01_2)
      plan: navigate_to(ridgeback_2) -> wait(300) -> navigate_to(ridgeback_2) -> wait(300) -> place_on_top(cabinet.n.01_2)
      you chose it because: As the carrier, first approach ridgeback_2 for loading, then follow it to the floor position near the cabinet so it can unload the notebook.
      it failed because: place_on_top: An error occurred during each attempt of this action. Attempt 0: PRE_CONDITION_ERROR: You have no arm, so you cannot place onto. You can navigate_to and wait. Cargo is put on your bac...

--- drone_2 ---
Its current plan: wait_for_team(team_2) [interrupted]
YOUR FINISHED PLANS (most recent last):
  #1 [DONE] ontop(notebook.n.01_4, cabinet.n.01_2)
      plan: wait(300)
      you chose it because: The notebook cannot be lifted by a drone, and ridgeback_2 with jackal_2 are assigned the only viable first leg, so I wait without competing for the object.
  #2 [DONE] ontop(notebook.n.01_4, cabinet.n.01_2)
      plan: wait(500)
      you chose it because: A drone cannot lift notebooks, and notebook 4 is already held by jackal_1. I wait without competing for the exclusive cargo.
  #3 [DONE] ontop(notebook.n.01_4, cabinet.n.01_2)
      plan: wait(600)
      you chose it because: The drone cannot lift notebooks and should avoid competing for the exclusive cargo; it waits while the arm and carrier complete the cabinet leg.

Return exactly 3 plans, one per robot, using each robot's own ids. Say in `reasoning` how you divided the work.
-------------------------------------- COMPLETION --------------------------------------
  plans:
    [1]
      agent_id: ridgeback_2
      task:
        task: Task.ONTOP
        object_type: notebook.n.01_4
        object_id: 1
        reference: cabinet.n.01_2
      actions:
        [1]
          action_type: load_onto
          target: jackal_2
        [2]
          action_type: wait
          ticks: 100
        [3]
          action_type: navigate_to
          target: floor.n.01_1
        [4]
          action_type: unload_from
          target: jackal_2
        [5]
          action_type: place_on_top
          target: cabinet.n.01_2
      reasoning: I am the only arm that can lift the notebook. I transfer it to jackal_2 to unlock my base, then rendezvous at the free floor position and unload/place it on the cabinet.
    [2]
      agent_id: jackal_2
      task:
        task: Task.ONTOP
        object_type: notebook.n.01_4
        object_id: 1
        reference: cabinet.n.01_2
      actions:
        [1]
          action_type: wait
          ticks: 50
        [2]
          action_type: navigate_to
          target: floor.n.01_1
        [3]
          action_type: wait
          ticks: 300
      reasoning: I serve as the carrier: after allowing ridgeback_2 to load the notebook, I move to the free floor position near the cabinet and hold there for the arm to unload and place it.
    [3]
      agent_id: drone_2
      task:
        task: Task.ONTOP
        object_type: notebook.n.01_4
        object_id: 1
        reference: cabinet.n.01_2
      actions:
        [1]
          action_type: wait
          ticks: 500
      reasoning: Notebook 4 requires an arm and is already held by ridgeback_2, so I avoid competing for the exclusive object and wait.
  reasoning: ridgeback_2 handles the notebook and final placement, while jackal_2 provides the required transport because ridgeback_2 locks while holding. drone_2 cannot lift notebooks and therefore waits without interfering.
====================================================================================================
#12  ridgeback_1  env_step 1703  t=277.395s  Team Plan Generation [team_1]
  usage: 7922 tokens (prompt 6824, completion 1098)
---------------------------------- PROMPT / SYSTEM ----------------------------------
## 1. YOUR ROLE
You command TEAM 'team_1' -- 3 robots (ridgeback_1, jackal_1, drone_1) -- in a multi-agent
cooperative household task, alongside other teams doing the same. You are the
TEAM CONTROLLER: you are given all 3 robots' observations in one call and
answer with one plan per robot, in that same call.

- Divide the work. Two robots sent to the same object waste one of them: the
  loser burns the whole trip and its grasp fails with OBJECT_CLAIMED.
- Your robots start their plans together and you are not asked again until
  every one of them has finished. A robot that finishes early holds position
  and does nothing useful, so plans of wildly different lengths waste the
  short ones.
- Other teams are driven by their own controllers, not by you. You coordinate
  with them only through the messages quoted in this prompt.
- At the end of the prompt are each robot's last few plans, with their
  actions and how each ended, and the messages this team has sent and
  received. A plan that failed for a reason that still holds will fail the
  same way again, and a question you already asked has its answer in the
  record.

PLAN RESPONSE:
- Return a structured plan for EVERY robot listed above, one each, tagged with
  that robot's agent_id.
- Give each robot one task and at most 6 actions; 3-6 short
  executable actions are usually enough.
- Use exact item_id values from that robot's own section of the prompt.
- Say in the team-level `reasoning` how you divided the work between them.

## 2. ENVIRONMENT RULES
Your robots act through high-level primitives, not joint commands. Each one
takes many simulation steps: driving across a room costs 30 ticks per metre, so
distance is the main cost you control. None of them can see -- each is given a
symbolic description of the room it is standing in, and only that room, and
those descriptions are listed below one robot at a time.

Rules that decide whether an action succeeds:
- To grasp, place, open or toggle an object a robot must be closer to it than
  that object's own distance threshold; beyond it the action fails with TOO_FAR.
  Each object in a robot's room listing carries what that robot can do to it
  after "->", and a distance in metres ONLY when it is out of range -- no
  distance means that robot is already close enough to act on it now.
- An out-of-range object is marked "unreachable" and offers navigate_to and
  NOTHING else. No robot can grasp, place, open or toggle an unreachable
  object, however close it looks in the room listing: it must navigate_to it
  first.
- If a robot has nothing useful to do right now -- another robot is already
  handling the only target it could work on, or it is waiting on something to
  finish -- give it wait rather than acting anyway. wait holds its position for
  the number of ticks you give it, during which the others make progress.
- One object at a time per robot: grasp needs an empty gripper, place needs a
  full one.
- Objects are exclusive, including between your own robots. If anyone is
  holding something, a grasp for it fails with "held by <agent>". Sending two
  robots after one target costs the loser the whole trip for nothing.
- Some tasks are a route: THE TEAM'S TASK lists supports the cargo must rest on
  in order, marked done / NEXT. Only the NEXT support counts when the cargo is
  placed on it; a support reached out of order does not count and costs
  nothing -- progress resumes when NEXT holds. Progress is judged on where the
  cargo rests, not on what a robot intended.
- Every id in THE TEAM'S TASK is a valid navigate_to target for any robot from
  ANY room, even when it is not in that robot's listing: navigate_to(<that id>)
  drives it there, through the house, and its next listing shows that room.
  That is how a robot changes rooms. The cargo is where the task says it
  starts (or on the last support marked done) -- send a robot there; it will
  not be found where the robots stand.
- The line "Rooms in this house" names every room. navigate_to(<room name>)
  drives a robot to a free spot inside that room, so it can reach a room whose
  objects it cannot name yet, or go and look for something.
- Refer to objects only by the ids in that robot's own room listing, which are
  the objects in the room it is standing in. They look like apple.n.01_1. Never
  invent one, and never give one robot an id that appeared only under another
  robot -- it is in a room that robot cannot see.
- An entry marked "blocked" is in that room but currently unavailable -- the
  bracketed note says why.

When an action fails, that robot's plan is abandoned. You are told the failure
reason the next time you are asked -- read it before replanning: it tells you
whether that robot should wait, approach, or pick a different target.

## 3. ROBOT CAPABILITIES
Three kinds of robot. A robot's kind is on its own header ("(drone)") and on
its line in a teammate's listing ("[carrier, ...]", "[base locks while
holding]", "[drone]").

ARM -- a robot with a gripper: grasp, place_on_top, release, open/close,
toggle, load_onto, unload_from, navigate_to, wait.
- Some arms' bases LOCK while the gripper is loaded, and navigate_to then fails
  with BASE_LOCKED; such a robot cannot deliver what it picks up. Have it load
  the object onto a carrier robot with load_onto, let the carrier drive, and
  have an arm take it back at the far end with unload_from. Both actions name
  the *carrier* as their target and need the two robots within reach of each
  other. This is a division of labour, not a detour: it is why a task can need
  more than one of your robots.
- ONLY a robot marked [base locks while holding] needs a carrier. Any other
  robot that can grasp -- a drone, an unmarked arm -- carries what it holds by
  itself: grasp, navigate_to the support, place_on_top, done. A drone that can
  lift the cargo needs nobody: routing its cargo through a carrier and back is
  a detour that costs two extra actions and a round of waiting for nothing.
  Use the carrier for the base-locked robot's legs, and only for those.

CARRIER -- a robot with no arm: cargo rides on its back.
- A carrier and what it is carrying are ONE line in that robot's room listing:

    - agent_1  (teammate)  [carrier, carrying box.n.01_1]  -> unload_from

  The cargo has no line of its own and cannot be grasped where it sits.
  unload_from(agent_1) takes it off that carrier's back and into the acting
  robot's hand; load_onto(agent_1) puts what that robot holds onto it. Both
  name the carrier, both need the two robots within reach of each other, and
  unload_from is the only way to get cargo back.
- **A carrier has no arm**, so give it navigate_to and wait and nothing else:
  no grasp, no place, no release, no load_onto or unload_from -- those are done
  *to* it by a robot that does have a hand. Its own section lists its load on
  an "On your back:" line, and it cannot put that down itself. Its job is to
  drive to where an arm is waiting, which is the whole reason a task needs two
  of them.

DRONE -- flies, holds its load under a suction mount, and its base never locks:
it carries what it grasps by itself.
- What a drone may lift is limited. The drone cannot lift the notebook. A
  robot tagged [drone] can grasp and carry the die (die.n.01_1) but NOT the
  notebook (notebook.n.01_1): grasp or unload_from on it fails with
  CANNOT_LIFT, and getting closer does not change that. Only a robot with an
  arm can lift the notebook, so give that leg to an arm; this division of
  labour is what the task is built around.

THIS TEAM'S ROBOTS:
  - ridgeback_1: ARM, base LOCKS while holding (needs a carrier to move cargo)
  - jackal_1: CARRIER (no arm; navigate_to and wait only)
  - drone_1: DRONE (flies, carries what it holds; see the lift table)

WHO MAY LIFT WHAT (this activity):
  - notebook.n.01: arm

## 4. COOPERATION MODE: INDIVIDUAL
Every team plans for itself. No team sends or receives messages; you learn
what the other teams are doing only from what your robots see (a teammate of
another team in the listing, an object held by one of its robots). Do not
wait for others to speak. When another team already holds the cargo, give
your robots something else or wait.
---------------------------------- PROMPT / USER ----------------------------------
=== STEP 1703 ===

## 6. OBSERVATIONS -- TEAM team_1 (3 robots)

THE TEAM'S TASK (the same for every robot), in the ids it is written in:
  Move notebook.n.01_1, in this order, onto: the cabinet in the child's room, the bookcase in the kitchen. Move notebook.n.01_2, in this order, onto: the bookcase in the kitchen, the armchair in the dining room. Move notebook.n.01_3, in this order, onto: the armchair in the dining room, the coffee table in the living room. Move notebook.n.01_4, in this order, onto: the cabinet in the living room, the bed in the bedroom. Move notebook.n.01_5, in this order, onto: the cabinet in the bedroom, the bed in the child's room.
Route S1-M5, carry notebook.n.01_1 through these in order:
  it starts ontop(notebook.n.01_1, floor.n.01_5)
  NEXT  C1  ontop(notebook.n.01_1, cabinet.n.01_1)
        D   ontop(notebook.n.01_1, bookcase.n.01_1)
Route S1-M3, carry notebook.n.01_2 through these in order:
  it starts ontop(notebook.n.01_2, floor.n.01_3)
  NEXT  C1  ontop(notebook.n.01_2, bookcase.n.01_1)
        D   ontop(notebook.n.01_2, armchair.n.01_1)
Route S1-M2, carry notebook.n.01_3 through these in order:
  it starts ontop(notebook.n.01_3, floor.n.01_2)
  NEXT  C1  ontop(notebook.n.01_3, armchair.n.01_1)
        D   ontop(notebook.n.01_3, coffee_table.n.01_1)
Route S1-M1, carry notebook.n.01_4 through these in order:
  done  C1  ontop(notebook.n.01_4, cabinet.n.01_2)
  NEXT  D   ontop(notebook.n.01_4, bed.n.01_2)
Route S1-M4, carry notebook.n.01_5 through these in order:
  it starts ontop(notebook.n.01_5, floor.n.01_4)
  NEXT  C1  ontop(notebook.n.01_5, cabinet.n.01_3)
        D   ontop(notebook.n.01_5, bed.n.01_1)
A support reached out of order does not count, and nothing is lost by it: progress resumes when the NEXT one holds.

=== ROBOT ridgeback_1 ===
Step 1703/8000 | you are ridgeback_1 in childs_room_0 (a childs room)
Rooms in this house (navigate_to any of them): bathroom_0, bedroom_0, childs_room_0, closet_0, closet_1, corridor_0, dining_room_0, empty_room_0, empty_room_1, kitchen_0, living_room_0, staircase_0
Holding: notebook.n.01_1 (notebook)  [your base is locked while loaded: no navigate_to]

childs_room_0:
  - bed.n.01_1  -> unreachable  [too far (2.8 m) -- and your base is locked while you hold notebook.n.01_1]
  - cabinet.n.01_1  Open  -> close, place_inside, place_on_top  [places notebook.n.01_1]
  - floor.n.01_5  -> place_on_top  [places notebook.n.01_1]
  - jackal_1  (teammate)  [carrier, empty]  -> unreachable  [too far (1.7 m) -- and your base is locked]
  - notebook.n.01_1  held by ridgeback_1  -> release  [drops what you hold]

Relations:
  ontop(bed.n.01_1, floor.n.01_5)
  ontop(cabinet.n.01_1, floor.n.01_5)
  ontop(jackal_1, floor.n.01_5)
  ontop(notebook.n.01_1, ridgeback_1)
  ontop(ridgeback_1, floor.n.01_5)

=== ROBOT jackal_1 ===
Step 1703/8000 | you are jackal_1 in childs_room_0 (a childs room)
Rooms in this house (navigate_to any of them): bathroom_0, bedroom_0, childs_room_0, closet_0, closet_1, corridor_0, dining_room_0, empty_room_0, empty_room_1, kitchen_0, living_room_0, staircase_0
Holding: nothing

childs_room_0:
  - bed.n.01_1  -> navigate_to
  - cabinet.n.01_1  Open  -> navigate_to
  - floor.n.01_5  -> navigate_to
  - notebook.n.01_1  held by ridgeback_1  -> unreachable, navigate_to  [1.9 m away]
  - ridgeback_1  (teammate)  [base locks while holding]

Relations:
  ontop(bed.n.01_1, floor.n.01_5)
  ontop(cabinet.n.01_1, floor.n.01_5)
  ontop(jackal_1, floor.n.01_5)
  ontop(notebook.n.01_1, ridgeback_1)
  ontop(ridgeback_1, floor.n.01_5)

=== ROBOT drone_1 ===
Step 1703/8000 | you are drone_1 (drone) in living_room_0 (a living room)
Rooms in this house (navigate_to any of them): bathroom_0, bedroom_0, childs_room_0, closet_0, closet_1, corridor_0, dining_room_0, empty_room_0, empty_room_1, kitchen_0, living_room_0, staircase_0
Holding: nothing

living_room_0:
  - cabinet.n.01_2  Open  -> unreachable, navigate_to  [3.2 m away]
  - coffee_table.n.01_1  -> grasp, navigate_to
  - drone_2  (teammate)  [drone]
  - drone_3  (teammate)  [drone]
  - floor.n.01_1  -> navigate_to
  - jackal_2  (teammate)  [carrier, empty]  -> unreachable, navigate_to  [1.9 m away]
  - notebook.n.01_4  -> unreachable, navigate_to  [3.3 m away]
  - ridgeback_2  (teammate)  [base locks while holding]

Relations:
  ontop(cabinet.n.01_2, floor.n.01_1)
  ontop(coffee_table.n.01_1, floor.n.01_1)
  ontop(jackal_2, floor.n.01_1)
  ontop(notebook.n.01_4, cabinet.n.01_2)
  ontop(ridgeback_2, floor.n.01_1)

## 9. ACTION HISTORY AND FAILURES
--- ridgeback_1 ---
Its current plan: wait_for_team(team_1) [interrupted]
YOUR FINISHED PLANS (most recent last):
  #2 [FAILED] ontop(notebook.n.01_4, cabinet.n.01_2)
      plan: grasp(notebook.n.01_4) -> load_onto(jackal_1) -> navigate_to(cabinet.n.01_2) -> unload_from(jackal_1) -> place_on_top(cabinet.n.01_2)
      you chose it because: Ridgeback handles the notebook because only an arm can lift it, loading it onto jackal_1 before traveling because its base locks while holding. It then unloads and places the notebook on the first required support.
      it failed because: unload_from: PRE_CONDITION_ERROR: You are 2.30 m from jackal_1, too far to unload from it (you must be within 1.55 m). Navigate to it first.. Additional info: {'target object': 'jackal_1', 'distanc...
  #4 [DONE] ontop(notebook.n.01_4, cabinet.n.01_2)
      plan: wait(600)
      you chose it because: Notebook.n.01_4 is already held by ridgeback_2 from another team, so I must not compete for it. I wait for that team to complete or release the current route stage.
  #6 [FAILED] ontop(notebook.n.01_1, cabinet.n.01_1)
      plan: navigate_to(notebook.n.01_1) -> grasp(notebook.n.01_1) -> load_onto(jackal_1) -> navigate_to(jackal_1) -> unload_from(jackal_1) -> place_on_top(cabinet.n.01_1)
      you chose it because: I handle notebook.n.01_1 because only an arm can lift it. I load it onto jackal_1 for transport, then reclaim and place it on the first required support.
      it failed because: load_onto: PRE_CONDITION_ERROR: You are 6.73 m from jackal_1, too far to load onto it (you must be within 1.55 m). Navigate to it first.. Additional info: {'target object': 'jackal_1', 'distance': ...

--- jackal_1 ---
Its current plan: wait_for_team(team_1) [interrupted]
YOUR FINISHED PLANS (most recent last):
  #2 [FAILED] ontop(notebook.n.01_4, cabinet.n.01_2)
      plan: wait(150) -> navigate_to(cabinet.n.01_2) -> place_on_top(cabinet.n.01_2)
      you chose it because: Jackal_1 is assigned as the carrier for ridgeback_1's loaded notebook, waiting for loading to complete and then transporting it to cabinet.n.01_2.
      it failed because: navigate_to: An error occurred during each attempt of this action. Attempt 0: PLANNING_ERROR: Cannot reach bottom_cabinet_jhymlr_0: there is no free floor space around it to stand on (need a spot 1...
  #4 [DONE] ontop(notebook.n.01_4, cabinet.n.01_2)
      plan: wait(600)
      you chose it because: I am not carrying anything, and the only visible route cargo is exclusively held by ridgeback_2. I wait rather than repeat the failed cabinet navigation or interfere with another team.
  #6 [FAILED] ontop(notebook.n.01_1, cabinet.n.01_1)
      plan: navigate_to(notebook.n.01_1) -> wait(80) -> navigate_to(cabinet.n.01_1) -> place_on_top(cabinet.n.01_1)
      you chose it because: I serve as the carrier for ridgeback_1, meeting it at notebook.n.01_1 and transporting the loaded notebook to cabinet.n.01_1.
      it failed because: place_on_top: An error occurred during each attempt of this action. Attempt 0: PRE_CONDITION_ERROR: You have no arm, so you cannot place onto. You can navigate_to and wait. Cargo is put on your bac...

--- drone_1 ---
Its current plan: ontop(notebook.n.01_1, cabinet.n.01_1) [success]
YOUR FINISHED PLANS (most recent last):
  #1 [DONE] ontop(notebook.n.01_4, cabinet.n.01_2)
      plan: wait(500)
      you chose it because: The drone cannot lift notebooks and is not needed for this arm-and-carrier route, so it waits without competing for the exclusive notebook.
  #2 [DONE] ontop(notebook.n.01_4, cabinet.n.01_2)
      plan: wait(600)
      you chose it because: A drone cannot lift notebooks, and notebook.n.01_4 is already held by ridgeback_2. I wait while the other team handles this arm-and-carrier route.
  #3 [DONE] ontop(notebook.n.01_1, cabinet.n.01_1)
      plan: wait(600)
      you chose it because: I cannot lift notebooks, and notebook.n.01_4 is held by another team's arm. I wait rather than interfere with either exclusive cargo.

Return exactly 3 plans, one per robot, using each robot's own ids. Say in `reasoning` how you divided the work.
-------------------------------------- COMPLETION --------------------------------------
  plans:
    [1]
      agent_id: ridgeback_1
      task:
        task: Task.ONTOP
        object_type: notebook.n.01_1
        object_id: 1
        reference: cabinet.n.01_1
      actions:
        [1]
          action_type: wait
          ticks: 200
        [2]
          action_type: load_onto
          target: jackal_1
        [3]
          action_type: wait
          ticks: 300
        [4]
          action_type: unload_from
          target: jackal_1
        [5]
          action_type: place_on_top
          target: cabinet.n.01_1
      reasoning: Ridgeback already holds notebook.n.01_1 but its base is locked. It waits for jackal_1 to approach, loads the notebook onto the carrier, then reclaims and places it on cabinet.n.01_1 after transport.
    [2]
      agent_id: jackal_1
      task:
        task: Task.ONTOP
        object_type: notebook.n.01_1
        object_id: 1
        reference: cabinet.n.01_1
      actions:
        [1]
          action_type: navigate_to
          target: ridgeback_1
        [2]
          action_type: wait
          ticks: 250
        [3]
          action_type: navigate_to
          target: cabinet.n.01_1
      reasoning: Jackal_1 approaches the loaded ridgeback_1 closely enough for the handoff, waits for loading, and then carries the notebook to the required cabinet. As a carrier it does not attempt placement.
    [3]
      agent_id: drone_1
      task:
        task: Task.ONTOP
        object_type: notebook.n.01_1
        object_id: 1
        reference: cabinet.n.01_1
      actions:
        [1]
          action_type: wait
          ticks: 600
      reasoning: Drone_1 cannot lift notebooks and is not needed for this arm-and-carrier transfer, so it waits without contesting the exclusive cargo.
  reasoning: Ridgeback performs the notebook handoff and final placement, while jackal_1 supplies the transport required because ridgeback's base locks when holding. Drone_1 waits because it cannot lift notebooks.
====================================================================================================
#13  ridgeback_3  env_step 1748  t=289.885s  Team Plan Generation [team_3]
  usage: 7998 tokens (prompt 7031, completion 967)
---------------------------------- PROMPT / SYSTEM ----------------------------------
## 1. YOUR ROLE
You command TEAM 'team_3' -- 3 robots (ridgeback_3, jackal_3, drone_3) -- in a multi-agent
cooperative household task, alongside other teams doing the same. You are the
TEAM CONTROLLER: you are given all 3 robots' observations in one call and
answer with one plan per robot, in that same call.

- Divide the work. Two robots sent to the same object waste one of them: the
  loser burns the whole trip and its grasp fails with OBJECT_CLAIMED.
- Your robots start their plans together and you are not asked again until
  every one of them has finished. A robot that finishes early holds position
  and does nothing useful, so plans of wildly different lengths waste the
  short ones.
- Other teams are driven by their own controllers, not by you. You coordinate
  with them only through the messages quoted in this prompt.
- At the end of the prompt are each robot's last few plans, with their
  actions and how each ended, and the messages this team has sent and
  received. A plan that failed for a reason that still holds will fail the
  same way again, and a question you already asked has its answer in the
  record.

PLAN RESPONSE:
- Return a structured plan for EVERY robot listed above, one each, tagged with
  that robot's agent_id.
- Give each robot one task and at most 6 actions; 3-6 short
  executable actions are usually enough.
- Use exact item_id values from that robot's own section of the prompt.
- Say in the team-level `reasoning` how you divided the work between them.

## 2. ENVIRONMENT RULES
Your robots act through high-level primitives, not joint commands. Each one
takes many simulation steps: driving across a room costs 30 ticks per metre, so
distance is the main cost you control. None of them can see -- each is given a
symbolic description of the room it is standing in, and only that room, and
those descriptions are listed below one robot at a time.

Rules that decide whether an action succeeds:
- To grasp, place, open or toggle an object a robot must be closer to it than
  that object's own distance threshold; beyond it the action fails with TOO_FAR.
  Each object in a robot's room listing carries what that robot can do to it
  after "->", and a distance in metres ONLY when it is out of range -- no
  distance means that robot is already close enough to act on it now.
- An out-of-range object is marked "unreachable" and offers navigate_to and
  NOTHING else. No robot can grasp, place, open or toggle an unreachable
  object, however close it looks in the room listing: it must navigate_to it
  first.
- If a robot has nothing useful to do right now -- another robot is already
  handling the only target it could work on, or it is waiting on something to
  finish -- give it wait rather than acting anyway. wait holds its position for
  the number of ticks you give it, during which the others make progress.
- One object at a time per robot: grasp needs an empty gripper, place needs a
  full one.
- Objects are exclusive, including between your own robots. If anyone is
  holding something, a grasp for it fails with "held by <agent>". Sending two
  robots after one target costs the loser the whole trip for nothing.
- Some tasks are a route: THE TEAM'S TASK lists supports the cargo must rest on
  in order, marked done / NEXT. Only the NEXT support counts when the cargo is
  placed on it; a support reached out of order does not count and costs
  nothing -- progress resumes when NEXT holds. Progress is judged on where the
  cargo rests, not on what a robot intended.
- Every id in THE TEAM'S TASK is a valid navigate_to target for any robot from
  ANY room, even when it is not in that robot's listing: navigate_to(<that id>)
  drives it there, through the house, and its next listing shows that room.
  That is how a robot changes rooms. The cargo is where the task says it
  starts (or on the last support marked done) -- send a robot there; it will
  not be found where the robots stand.
- The line "Rooms in this house" names every room. navigate_to(<room name>)
  drives a robot to a free spot inside that room, so it can reach a room whose
  objects it cannot name yet, or go and look for something.
- Refer to objects only by the ids in that robot's own room listing, which are
  the objects in the room it is standing in. They look like apple.n.01_1. Never
  invent one, and never give one robot an id that appeared only under another
  robot -- it is in a room that robot cannot see.
- An entry marked "blocked" is in that room but currently unavailable -- the
  bracketed note says why.

When an action fails, that robot's plan is abandoned. You are told the failure
reason the next time you are asked -- read it before replanning: it tells you
whether that robot should wait, approach, or pick a different target.

## 3. ROBOT CAPABILITIES
Three kinds of robot. A robot's kind is on its own header ("(drone)") and on
its line in a teammate's listing ("[carrier, ...]", "[base locks while
holding]", "[drone]").

ARM -- a robot with a gripper: grasp, place_on_top, release, open/close,
toggle, load_onto, unload_from, navigate_to, wait.
- Some arms' bases LOCK while the gripper is loaded, and navigate_to then fails
  with BASE_LOCKED; such a robot cannot deliver what it picks up. Have it load
  the object onto a carrier robot with load_onto, let the carrier drive, and
  have an arm take it back at the far end with unload_from. Both actions name
  the *carrier* as their target and need the two robots within reach of each
  other. This is a division of labour, not a detour: it is why a task can need
  more than one of your robots.
- ONLY a robot marked [base locks while holding] needs a carrier. Any other
  robot that can grasp -- a drone, an unmarked arm -- carries what it holds by
  itself: grasp, navigate_to the support, place_on_top, done. A drone that can
  lift the cargo needs nobody: routing its cargo through a carrier and back is
  a detour that costs two extra actions and a round of waiting for nothing.
  Use the carrier for the base-locked robot's legs, and only for those.

CARRIER -- a robot with no arm: cargo rides on its back.
- A carrier and what it is carrying are ONE line in that robot's room listing:

    - agent_1  (teammate)  [carrier, carrying box.n.01_1]  -> unload_from

  The cargo has no line of its own and cannot be grasped where it sits.
  unload_from(agent_1) takes it off that carrier's back and into the acting
  robot's hand; load_onto(agent_1) puts what that robot holds onto it. Both
  name the carrier, both need the two robots within reach of each other, and
  unload_from is the only way to get cargo back.
- **A carrier has no arm**, so give it navigate_to and wait and nothing else:
  no grasp, no place, no release, no load_onto or unload_from -- those are done
  *to* it by a robot that does have a hand. Its own section lists its load on
  an "On your back:" line, and it cannot put that down itself. Its job is to
  drive to where an arm is waiting, which is the whole reason a task needs two
  of them.

DRONE -- flies, holds its load under a suction mount, and its base never locks:
it carries what it grasps by itself.
- What a drone may lift is limited. The drone cannot lift the notebook. A
  robot tagged [drone] can grasp and carry the die (die.n.01_1) but NOT the
  notebook (notebook.n.01_1): grasp or unload_from on it fails with
  CANNOT_LIFT, and getting closer does not change that. Only a robot with an
  arm can lift the notebook, so give that leg to an arm; this division of
  labour is what the task is built around.

THIS TEAM'S ROBOTS:
  - ridgeback_3: ARM, base LOCKS while holding (needs a carrier to move cargo)
  - jackal_3: CARRIER (no arm; navigate_to and wait only)
  - drone_3: DRONE (flies, carries what it holds; see the lift table)

WHO MAY LIFT WHAT (this activity):
  - notebook.n.01: arm

## 4. COOPERATION MODE: INDIVIDUAL
Every team plans for itself. No team sends or receives messages; you learn
what the other teams are doing only from what your robots see (a teammate of
another team in the listing, an object held by one of its robots). Do not
wait for others to speak. When another team already holds the cargo, give
your robots something else or wait.
---------------------------------- PROMPT / USER ----------------------------------
=== STEP 1748 ===

## 6. OBSERVATIONS -- TEAM team_3 (3 robots)

THE TEAM'S TASK (the same for every robot), in the ids it is written in:
  Move notebook.n.01_1, in this order, onto: the cabinet in the child's room, the bookcase in the kitchen. Move notebook.n.01_2, in this order, onto: the bookcase in the kitchen, the armchair in the dining room. Move notebook.n.01_3, in this order, onto: the armchair in the dining room, the coffee table in the living room. Move notebook.n.01_4, in this order, onto: the cabinet in the living room, the bed in the bedroom. Move notebook.n.01_5, in this order, onto: the cabinet in the bedroom, the bed in the child's room.
Route S1-M5, carry notebook.n.01_1 through these in order:
  it starts ontop(notebook.n.01_1, floor.n.01_5)
  NEXT  C1  ontop(notebook.n.01_1, cabinet.n.01_1)
        D   ontop(notebook.n.01_1, bookcase.n.01_1)
Route S1-M3, carry notebook.n.01_2 through these in order:
  it starts ontop(notebook.n.01_2, floor.n.01_3)
  NEXT  C1  ontop(notebook.n.01_2, bookcase.n.01_1)
        D   ontop(notebook.n.01_2, armchair.n.01_1)
Route S1-M2, carry notebook.n.01_3 through these in order:
  it starts ontop(notebook.n.01_3, floor.n.01_2)
  NEXT  C1  ontop(notebook.n.01_3, armchair.n.01_1)
        D   ontop(notebook.n.01_3, coffee_table.n.01_1)
Route S1-M1, carry notebook.n.01_4 through these in order:
  done  C1  ontop(notebook.n.01_4, cabinet.n.01_2)
  NEXT  D   ontop(notebook.n.01_4, bed.n.01_2)
Route S1-M4, carry notebook.n.01_5 through these in order:
  it starts ontop(notebook.n.01_5, floor.n.01_4)
  NEXT  C1  ontop(notebook.n.01_5, cabinet.n.01_3)
        D   ontop(notebook.n.01_5, bed.n.01_1)
A support reached out of order does not count, and nothing is lost by it: progress resumes when the NEXT one holds.

=== ROBOT ridgeback_3 ===
Step 1748/8000 | you are ridgeback_3 in bedroom_0 (a bedroom)
Rooms in this house (navigate_to any of them): bathroom_0, bedroom_0, childs_room_0, closet_0, closet_1, corridor_0, dining_room_0, empty_room_0, empty_room_1, kitchen_0, living_room_0, staircase_0
Holding: notebook.n.01_5 (notebook)  [your base is locked while loaded: no navigate_to]

bedroom_0:
  - bed.n.01_2  -> place_on_top  [places notebook.n.01_5]
  - cabinet.n.01_3  -> unreachable  [too far (2.5 m) -- and your base is locked while you hold notebook.n.01_5]
  - floor.n.01_4  -> place_on_top  [places notebook.n.01_5]
  - jackal_3  (teammate)  [carrier, empty]  -> unreachable  [too far (1.7 m) -- and your base is locked]
  - notebook.n.01_5  held by ridgeback_3  -> release  [drops what you hold]

Relations:
  ontop(bed.n.01_2, floor.n.01_4)
  ontop(cabinet.n.01_3, floor.n.01_4)
  ontop(jackal_3, floor.n.01_4)
  ontop(notebook.n.01_5, ridgeback_3)
  ontop(ridgeback_3, floor.n.01_4)
  under(floor.n.01_4, bed.n.01_2)

=== ROBOT jackal_3 ===
Step 1748/8000 | you are jackal_3 in bedroom_0 (a bedroom)
Rooms in this house (navigate_to any of them): bathroom_0, bedroom_0, childs_room_0, closet_0, closet_1, corridor_0, dining_room_0, empty_room_0, empty_room_1, kitchen_0, living_room_0, staircase_0
Holding: nothing

bedroom_0:
  - bed.n.01_2  -> navigate_to
  - cabinet.n.01_3  -> navigate_to
  - floor.n.01_4  -> navigate_to
  - notebook.n.01_5  held by ridgeback_3  -> unreachable, navigate_to  [1.7 m away]
  - ridgeback_3  (teammate)  [base locks while holding]

Relations:
  ontop(bed.n.01_2, floor.n.01_4)
  ontop(cabinet.n.01_3, floor.n.01_4)
  ontop(jackal_3, floor.n.01_4)
  ontop(notebook.n.01_5, ridgeback_3)
  ontop(ridgeback_3, floor.n.01_4)
  under(floor.n.01_4, bed.n.01_2)

=== ROBOT drone_3 ===
Step 1748/8000 | you are drone_3 (drone) in living_room_0 (a living room)
Rooms in this house (navigate_to any of them): bathroom_0, bedroom_0, childs_room_0, closet_0, closet_1, corridor_0, dining_room_0, empty_room_0, empty_room_1, kitchen_0, living_room_0, staircase_0
Holding: nothing

living_room_0:
  - cabinet.n.01_2  Open  -> unreachable, navigate_to  [2.6 m away]
  - coffee_table.n.01_1  -> grasp, navigate_to
  - drone_1  (teammate)  [drone]
  - drone_2  (teammate)  [drone]
  - floor.n.01_1  -> navigate_to
  - jackal_2  (teammate)  [carrier, empty]  -> unreachable, navigate_to  [2.7 m away]
  - notebook.n.01_4  -> unreachable, navigate_to  [2.8 m away]
  - ridgeback_2  (teammate)  [base locks while holding]

Relations:
  ontop(cabinet.n.01_2, floor.n.01_1)
  ontop(coffee_table.n.01_1, floor.n.01_1)
  ontop(jackal_2, floor.n.01_1)
  ontop(notebook.n.01_4, cabinet.n.01_2)
  ontop(ridgeback_2, floor.n.01_1)

## 9. ACTION HISTORY AND FAILURES
--- ridgeback_3 ---
Its current plan: wait_for_team(team_3) [interrupted]
YOUR FINISHED PLANS (most recent last):
  #4 [FAILED] ontop(notebook.n.01_3, coffee_table.n.01_1)
      plan: navigate_to(armchair.n.01_1) -> grasp(notebook.n.01_3) -> load_onto(jackal_3) -> navigate_to(coffee_table.n.01_1) -> unload_from(jackal_3) -> place_on_top(coffee_table.n.01_1)
      you chose it because: Notebook 3 has already reached the armchair and now needs its final coffee-table leg. I use the arm for lifting and placing, with jackal_3 transporting it because the ridgeback base locks while holding.
      it failed because: navigate_to: An error occurred during each attempt of this action. Attempt 0: PLANNING_ERROR: Cannot reach armchair_qplklw_2: there is no free floor space around it to stand on (need a spot 0.7-1.3...
  #6 [FAILED] ontop(notebook.n.01_5, cabinet.n.01_3)
      plan: navigate_to(notebook.n.01_5) -> grasp(notebook.n.01_5) -> load_onto(jackal_3) -> wait(600) -> unload_from(jackal_3) -> place_on_top(cabinet.n.01_3)
      you chose it because: Handle notebook 5 with the arm, then unload and place it on its first support after jackal_3 transports it.
      it failed because: load_onto: PRE_CONDITION_ERROR: You are 7.37 m from jackal_3, too far to load onto it (you must be within 1.55 m). Navigate to it first.. Additional info: {'target object': 'jackal_3', 'distance': ...
  #7 [FAILED] ontop(notebook.n.01_5, cabinet.n.01_3)
      plan: wait(500) -> unload_from(jackal_3) -> release() -> navigate_to(cabinet.n.01_3) -> grasp(notebook.n.01_5) -> place_on_top(cabinet.n.01_3)
      you chose it because: Notebook 5 is already held, so wait while jackal_3 comes to the bedroom. Unload and temporarily release it, then move empty to the cabinet, regrasp it, and place it on the required first support.
      it failed because: unload_from: PRE_CONDITION_ERROR: You are 1.74 m from jackal_3, too far to unload from it (you must be within 1.69 m). Navigate to it first.. Additional info: {'target object': 'jackal_3', 'distanc...

--- jackal_3 ---
Its current plan: ontop(notebook.n.01_5, cabinet.n.01_3) [failed]
YOUR FINISHED PLANS (most recent last):
  #4 [FAILED] ontop(notebook.n.01_3, coffee_table.n.01_1)
      plan: navigate_to(armchair.n.01_1) -> wait(600) -> navigate_to(coffee_table.n.01_1) -> place_on_top(coffee_table.n.01_1)
      you chose it because: Position at the armchair to receive notebook 3 from ridgeback_3, wait for loading to complete, then carry it to the coffee table.
      it failed because: navigate_to: An error occurred during each attempt of this action. Attempt 0: PLANNING_ERROR: Cannot reach armchair_qplklw_2: there is no free floor space around it to stand on (need a spot 0.9-1.5...
  #6 [FAILED] ontop(notebook.n.01_5, cabinet.n.01_3)
      plan: navigate_to(notebook.n.01_5) -> wait(600) -> navigate_to(cabinet.n.01_3) -> place_on_top(cabinet.n.01_3)
      you chose it because: Serve as the carrier for notebook 5: wait at its starting location for ridgeback_3 to load it, then transport it to the bedroom cabinet.
      it failed because: navigate_to: An error occurred during each attempt of this action. Attempt 0: PLANNING_ERROR: Cannot reach notebook_154: there is no free floor space around it to stand on (need a spot 0.7-1.3 m aw...
  #8 [FAILED] ontop(notebook.n.01_5, cabinet.n.01_3)
      plan: navigate_to(bedroom_0) -> wait(600) -> place_on_top(cabinet.n.01_3)
      you chose it because: Act as the carrier for ridgeback_3. Travel from the living room to the bedroom and hold position so ridgeback_3 can unload notebook 5.
      it failed because: place_on_top: An error occurred during each attempt of this action. Attempt 0: PRE_CONDITION_ERROR: You have no arm, so you cannot place onto. You can navigate_to and wait. Cargo is put on your bac...

--- drone_3 ---
Its current plan: wait_for_team(team_3) [interrupted]
YOUR FINISHED PLANS (most recent last):
  #2 [DONE] ontop(notebook.n.01_3, coffee_table.n.01_1)
      plan: wait(100)
      you chose it because: The drone cannot lift notebooks, so it does not contest the arm-and-carrier operation and remains idle.
  #3 [DONE] ontop(notebook.n.01_5, cabinet.n.01_3)
      plan: wait(100)
      you chose it because: Notebook 3 is already complete, notebook 4 is held by another team, and the drone cannot lift notebooks; remain idle while the arm-carrier pair handles notebook 5.
  #5 [DONE] ontop(notebook.n.01_5, cabinet.n.01_3)
      plan: wait(100)
      you chose it because: The notebook requires an arm and is already held by ridgeback_3; remain idle without competing for the cargo.

Return exactly 3 plans, one per robot, using each robot's own ids. Say in `reasoning` how you divided the work.
-------------------------------------- COMPLETION --------------------------------------
  plans:
    [1]
      agent_id: ridgeback_3
      task:
        task: Task.ONTOP
        object_type: notebook.n.01_5
        object_id: 1
        reference: cabinet.n.01_3
      actions:
        [1]
          action_type: wait
          ticks: 250
        [2]
          action_type: load_onto
          target: jackal_3
        [3]
          action_type: wait
          ticks: 600
        [4]
          action_type: unload_from
          target: jackal_3
        [5]
          action_type: place_on_top
          target: cabinet.n.01_3
      reasoning: Notebook 5 is already held. Wait for jackal_3 to approach, load the notebook onto the carrier, then unload and place it on the required cabinet after transport.
    [2]
      agent_id: jackal_3
      task:
        task: Task.ONTOP
        object_type: notebook.n.01_5
        object_id: 1
        reference: cabinet.n.01_3
      actions:
        [1]
          action_type: navigate_to
          target: ridgeback_3
        [2]
          action_type: wait
          ticks: 300
        [3]
          action_type: navigate_to
          target: cabinet.n.01_3
        [4]
          action_type: wait
          ticks: 600
      reasoning: Jackal_3 is the carrier for the base-locked ridgeback. It approaches ridgeback_3 for loading, transports the notebook to cabinet.n.01_3, and waits there for unloading.
    [3]
      agent_id: drone_3
      task:
        task: Task.ONTOP
        object_type: notebook.n.01_5
        object_id: 1
        reference: cabinet.n.01_3
      actions:
        [1]
          action_type: wait
          ticks: 100
      reasoning: The drone cannot lift notebooks and should not contest the active arm-and-carrier operation, so it remains idle.
  reasoning: Ridgeback_3 retains the notebook-handling role but cannot move while holding, so jackal_3 first approaches, receives the notebook, and carries it to cabinet.n.01_3. Ridgeback_3 then unloads and places it. Drone_3 has no useful notebook action and waits.
====================================================================================================
#14  ridgeback_2  env_step 1987  t=317.205s  Team Plan Generation [team_2]
  usage: 7912 tokens (prompt 6829, completion 1083)
---------------------------------- PROMPT / SYSTEM ----------------------------------
## 1. YOUR ROLE
You command TEAM 'team_2' -- 3 robots (ridgeback_2, jackal_2, drone_2) -- in a multi-agent
cooperative household task, alongside other teams doing the same. You are the
TEAM CONTROLLER: you are given all 3 robots' observations in one call and
answer with one plan per robot, in that same call.

- Divide the work. Two robots sent to the same object waste one of them: the
  loser burns the whole trip and its grasp fails with OBJECT_CLAIMED.
- Your robots start their plans together and you are not asked again until
  every one of them has finished. A robot that finishes early holds position
  and does nothing useful, so plans of wildly different lengths waste the
  short ones.
- Other teams are driven by their own controllers, not by you. You coordinate
  with them only through the messages quoted in this prompt.
- At the end of the prompt are each robot's last few plans, with their
  actions and how each ended, and the messages this team has sent and
  received. A plan that failed for a reason that still holds will fail the
  same way again, and a question you already asked has its answer in the
  record.

PLAN RESPONSE:
- Return a structured plan for EVERY robot listed above, one each, tagged with
  that robot's agent_id.
- Give each robot one task and at most 6 actions; 3-6 short
  executable actions are usually enough.
- Use exact item_id values from that robot's own section of the prompt.
- Say in the team-level `reasoning` how you divided the work between them.

## 2. ENVIRONMENT RULES
Your robots act through high-level primitives, not joint commands. Each one
takes many simulation steps: driving across a room costs 30 ticks per metre, so
distance is the main cost you control. None of them can see -- each is given a
symbolic description of the room it is standing in, and only that room, and
those descriptions are listed below one robot at a time.

Rules that decide whether an action succeeds:
- To grasp, place, open or toggle an object a robot must be closer to it than
  that object's own distance threshold; beyond it the action fails with TOO_FAR.
  Each object in a robot's room listing carries what that robot can do to it
  after "->", and a distance in metres ONLY when it is out of range -- no
  distance means that robot is already close enough to act on it now.
- An out-of-range object is marked "unreachable" and offers navigate_to and
  NOTHING else. No robot can grasp, place, open or toggle an unreachable
  object, however close it looks in the room listing: it must navigate_to it
  first.
- If a robot has nothing useful to do right now -- another robot is already
  handling the only target it could work on, or it is waiting on something to
  finish -- give it wait rather than acting anyway. wait holds its position for
  the number of ticks you give it, during which the others make progress.
- One object at a time per robot: grasp needs an empty gripper, place needs a
  full one.
- Objects are exclusive, including between your own robots. If anyone is
  holding something, a grasp for it fails with "held by <agent>". Sending two
  robots after one target costs the loser the whole trip for nothing.
- Some tasks are a route: THE TEAM'S TASK lists supports the cargo must rest on
  in order, marked done / NEXT. Only the NEXT support counts when the cargo is
  placed on it; a support reached out of order does not count and costs
  nothing -- progress resumes when NEXT holds. Progress is judged on where the
  cargo rests, not on what a robot intended.
- Every id in THE TEAM'S TASK is a valid navigate_to target for any robot from
  ANY room, even when it is not in that robot's listing: navigate_to(<that id>)
  drives it there, through the house, and its next listing shows that room.
  That is how a robot changes rooms. The cargo is where the task says it
  starts (or on the last support marked done) -- send a robot there; it will
  not be found where the robots stand.
- The line "Rooms in this house" names every room. navigate_to(<room name>)
  drives a robot to a free spot inside that room, so it can reach a room whose
  objects it cannot name yet, or go and look for something.
- Refer to objects only by the ids in that robot's own room listing, which are
  the objects in the room it is standing in. They look like apple.n.01_1. Never
  invent one, and never give one robot an id that appeared only under another
  robot -- it is in a room that robot cannot see.
- An entry marked "blocked" is in that room but currently unavailable -- the
  bracketed note says why.

When an action fails, that robot's plan is abandoned. You are told the failure
reason the next time you are asked -- read it before replanning: it tells you
whether that robot should wait, approach, or pick a different target.

## 3. ROBOT CAPABILITIES
Three kinds of robot. A robot's kind is on its own header ("(drone)") and on
its line in a teammate's listing ("[carrier, ...]", "[base locks while
holding]", "[drone]").

ARM -- a robot with a gripper: grasp, place_on_top, release, open/close,
toggle, load_onto, unload_from, navigate_to, wait.
- Some arms' bases LOCK while the gripper is loaded, and navigate_to then fails
  with BASE_LOCKED; such a robot cannot deliver what it picks up. Have it load
  the object onto a carrier robot with load_onto, let the carrier drive, and
  have an arm take it back at the far end with unload_from. Both actions name
  the *carrier* as their target and need the two robots within reach of each
  other. This is a division of labour, not a detour: it is why a task can need
  more than one of your robots.
- ONLY a robot marked [base locks while holding] needs a carrier. Any other
  robot that can grasp -- a drone, an unmarked arm -- carries what it holds by
  itself: grasp, navigate_to the support, place_on_top, done. A drone that can
  lift the cargo needs nobody: routing its cargo through a carrier and back is
  a detour that costs two extra actions and a round of waiting for nothing.
  Use the carrier for the base-locked robot's legs, and only for those.

CARRIER -- a robot with no arm: cargo rides on its back.
- A carrier and what it is carrying are ONE line in that robot's room listing:

    - agent_1  (teammate)  [carrier, carrying box.n.01_1]  -> unload_from

  The cargo has no line of its own and cannot be grasped where it sits.
  unload_from(agent_1) takes it off that carrier's back and into the acting
  robot's hand; load_onto(agent_1) puts what that robot holds onto it. Both
  name the carrier, both need the two robots within reach of each other, and
  unload_from is the only way to get cargo back.
- **A carrier has no arm**, so give it navigate_to and wait and nothing else:
  no grasp, no place, no release, no load_onto or unload_from -- those are done
  *to* it by a robot that does have a hand. Its own section lists its load on
  an "On your back:" line, and it cannot put that down itself. Its job is to
  drive to where an arm is waiting, which is the whole reason a task needs two
  of them.

DRONE -- flies, holds its load under a suction mount, and its base never locks:
it carries what it grasps by itself.
- What a drone may lift is limited. The drone cannot lift the notebook. A
  robot tagged [drone] can grasp and carry the die (die.n.01_1) but NOT the
  notebook (notebook.n.01_1): grasp or unload_from on it fails with
  CANNOT_LIFT, and getting closer does not change that. Only a robot with an
  arm can lift the notebook, so give that leg to an arm; this division of
  labour is what the task is built around.

THIS TEAM'S ROBOTS:
  - ridgeback_2: ARM, base LOCKS while holding (needs a carrier to move cargo)
  - jackal_2: CARRIER (no arm; navigate_to and wait only)
  - drone_2: DRONE (flies, carries what it holds; see the lift table)

WHO MAY LIFT WHAT (this activity):
  - notebook.n.01: arm

## 4. COOPERATION MODE: INDIVIDUAL
Every team plans for itself. No team sends or receives messages; you learn
what the other teams are doing only from what your robots see (a teammate of
another team in the listing, an object held by one of its robots). Do not
wait for others to speak. When another team already holds the cargo, give
your robots something else or wait.
---------------------------------- PROMPT / USER ----------------------------------
=== STEP 1987 ===

## 6. OBSERVATIONS -- TEAM team_2 (3 robots)

THE TEAM'S TASK (the same for every robot), in the ids it is written in:
  Move notebook.n.01_1, in this order, onto: the cabinet in the child's room, the bookcase in the kitchen. Move notebook.n.01_2, in this order, onto: the bookcase in the kitchen, the armchair in the dining room. Move notebook.n.01_3, in this order, onto: the armchair in the dining room, the coffee table in the living room. Move notebook.n.01_4, in this order, onto: the cabinet in the living room, the bed in the bedroom. Move notebook.n.01_5, in this order, onto: the cabinet in the bedroom, the bed in the child's room.
Route S1-M5, carry notebook.n.01_1 through these in order:
  it starts ontop(notebook.n.01_1, floor.n.01_5)
  NEXT  C1  ontop(notebook.n.01_1, cabinet.n.01_1)
        D   ontop(notebook.n.01_1, bookcase.n.01_1)
Route S1-M3, carry notebook.n.01_2 through these in order:
  it starts ontop(notebook.n.01_2, floor.n.01_3)
  NEXT  C1  ontop(notebook.n.01_2, bookcase.n.01_1)
        D   ontop(notebook.n.01_2, armchair.n.01_1)
Route S1-M2, carry notebook.n.01_3 through these in order:
  it starts ontop(notebook.n.01_3, floor.n.01_2)
  NEXT  C1  ontop(notebook.n.01_3, armchair.n.01_1)
        D   ontop(notebook.n.01_3, coffee_table.n.01_1)
Route S1-M1, carry notebook.n.01_4 through these in order:
  done  C1  ontop(notebook.n.01_4, cabinet.n.01_2)
  NEXT  D   ontop(notebook.n.01_4, bed.n.01_2)
Route S1-M4, carry notebook.n.01_5 through these in order:
  it starts ontop(notebook.n.01_5, floor.n.01_4)
  NEXT  C1  ontop(notebook.n.01_5, cabinet.n.01_3)
        D   ontop(notebook.n.01_5, bed.n.01_1)
A support reached out of order does not count, and nothing is lost by it: progress resumes when the NEXT one holds.

=== ROBOT ridgeback_2 ===
Step 1987/8000 | you are ridgeback_2 in living_room_0 (a living room)
Rooms in this house (navigate_to any of them): bathroom_0, bedroom_0, childs_room_0, closet_0, closet_1, corridor_0, dining_room_0, empty_room_0, empty_room_1, kitchen_0, living_room_0, staircase_0
Holding: nothing

living_room_0:
  - cabinet.n.01_2  Open  -> close, grasp, navigate_to  [Open is True]
  - coffee_table.n.01_1  -> unreachable, navigate_to  [2.5 m away]
  - drone_1  (teammate)  [drone]
  - drone_2  (teammate)  [drone]
  - drone_3  (teammate)  [drone]
  - floor.n.01_1  -> navigate_to
  - jackal_2  (teammate)  [carrier, empty]  -> navigate_to
  - notebook.n.01_4  -> grasp, navigate_to

Relations:
  ontop(cabinet.n.01_2, floor.n.01_1)
  ontop(coffee_table.n.01_1, floor.n.01_1)
  ontop(jackal_2, floor.n.01_1)
  ontop(notebook.n.01_4, cabinet.n.01_2)
  ontop(ridgeback_2, floor.n.01_1)

=== ROBOT jackal_2 ===
Step 1987/8000 | you are jackal_2 in living_room_0 (a living room)
Rooms in this house (navigate_to any of them): bathroom_0, bedroom_0, childs_room_0, closet_0, closet_1, corridor_0, dining_room_0, empty_room_0, empty_room_1, kitchen_0, living_room_0, staircase_0
Holding: nothing

living_room_0:
  - cabinet.n.01_2  Open  -> unreachable, navigate_to  [2.2 m away]
  - coffee_table.n.01_1  -> unreachable, navigate_to  [3.0 m away]
  - drone_1  (teammate)  [drone]
  - drone_2  (teammate)  [drone]
  - drone_3  (teammate)  [drone]
  - floor.n.01_1  -> navigate_to
  - notebook.n.01_4  -> navigate_to
  - ridgeback_2  (teammate)  [base locks while holding]

Relations:
  ontop(cabinet.n.01_2, floor.n.01_1)
  ontop(coffee_table.n.01_1, floor.n.01_1)
  ontop(jackal_2, floor.n.01_1)
  ontop(notebook.n.01_4, cabinet.n.01_2)
  ontop(ridgeback_2, floor.n.01_1)

=== ROBOT drone_2 ===
Step 1987/8000 | you are drone_2 (drone) in living_room_0 (a living room)
Rooms in this house (navigate_to any of them): bathroom_0, bedroom_0, childs_room_0, closet_0, closet_1, corridor_0, dining_room_0, empty_room_0, empty_room_1, kitchen_0, living_room_0, staircase_0
Holding: nothing

living_room_0:
  - cabinet.n.01_2  Open  -> unreachable, navigate_to  [2.1 m away]
  - coffee_table.n.01_1  -> unreachable, navigate_to  [1.9 m away]
  - drone_1  (teammate)  [drone]
  - drone_3  (teammate)  [drone]
  - floor.n.01_1  -> navigate_to
  - jackal_2  (teammate)  [carrier, empty]  -> navigate_to
  - notebook.n.01_4  -> unreachable, navigate_to  [2.1 m away]
  - ridgeback_2  (teammate)  [base locks while holding]

Relations:
  ontop(cabinet.n.01_2, floor.n.01_1)
  ontop(coffee_table.n.01_1, floor.n.01_1)
  ontop(jackal_2, floor.n.01_1)
  ontop(notebook.n.01_4, cabinet.n.01_2)
  ontop(ridgeback_2, floor.n.01_1)

## 9. ACTION HISTORY AND FAILURES
--- ridgeback_2 ---
Its current plan: wait_for_team(team_2) [interrupted]
YOUR FINISHED PLANS (most recent last):
  #4 [FAILED] ontop(notebook.n.01_4, cabinet.n.01_2)
      plan: navigate_to(jackal_1) -> unload_from(jackal_1) -> place_on_top(cabinet.n.01_2)
      you chose it because: Notebook 4 is already on jackal_1, so recover it with unload_from rather than attempting a grasp. The cabinet is the current reachable first support.
      it failed because: place_on_top: An error occurred during each attempt of this action. Attempt 0: PRE_CONDITION_ERROR: You are 4.25 m from bottom_cabinet_jhymlr_0, too far to place onto it (you must be within 1.63 m)...
  #6 [FAILED] ontop(notebook.n.01_4, cabinet.n.01_2)
      plan: wait(150) -> unload_from(jackal_1) -> load_onto(jackal_2) -> navigate_to(floor.n.01_1) -> wait(250) -> unload_from(jackal_2) -> place_on_top(cabinet.n.01_2)
      you chose it because: Recover notebook 4 from jackal_1, transfer it to our carrier jackal_2, then use the free floor position to approach the cabinet and unload/place it. The wait allows jackal_2 to reach the initial transfer point.
      it failed because: unload_from: PRE_CONDITION_ERROR: Your gripper is already full.. Additional info: {'target object': 'jackal_1', 'reason_code': 'PRE_CONDITION_ERROR'}
  #8 [DONE] ontop(notebook.n.01_4, cabinet.n.01_2)
      plan: load_onto(jackal_2) -> wait(100) -> navigate_to(floor.n.01_1) -> unload_from(jackal_2) -> place_on_top(cabinet.n.01_2)
      you chose it because: I am the only arm that can lift the notebook. I transfer it to jackal_2 to unlock my base, then rendezvous at the free floor position and unload/place it on the cabinet.

--- jackal_2 ---
Its current plan: wait_for_team(team_2) [interrupted]
YOUR FINISHED PLANS (most recent last):
  #4 [DONE] ontop(notebook.n.01_4, cabinet.n.01_2)
      plan: wait(500)
      you chose it because: The arm can unload and place the notebook directly; I remain available but do not attempt the cabinet navigation that previously failed for lack of free floor space.
  #6 [FAILED] ontop(notebook.n.01_4, cabinet.n.01_2)
      plan: navigate_to(ridgeback_2) -> wait(300) -> navigate_to(ridgeback_2) -> wait(300) -> place_on_top(cabinet.n.01_2)
      you chose it because: As the carrier, first approach ridgeback_2 for loading, then follow it to the floor position near the cabinet so it can unload the notebook.
      it failed because: place_on_top: An error occurred during each attempt of this action. Attempt 0: PRE_CONDITION_ERROR: You have no arm, so you cannot place onto. You can navigate_to and wait. Cargo is put on your bac...
  #7 [FAILED] ontop(notebook.n.01_4, cabinet.n.01_2)
      plan: wait(50) -> navigate_to(floor.n.01_1) -> wait(300) -> place_on_top(cabinet.n.01_2)
      you chose it because: I serve as the carrier: after allowing ridgeback_2 to load the notebook, I move to the free floor position near the cabinet and hold there for the arm to unload and place it.
      it failed because: place_on_top: An error occurred during each attempt of this action. Attempt 0: PRE_CONDITION_ERROR: You have no arm, so you cannot place onto. You can navigate_to and wait. Cargo is put on your bac...

--- drone_2 ---
Its current plan: ontop(notebook.n.01_4, cabinet.n.01_2) [success]
YOUR FINISHED PLANS (most recent last):
  #2 [DONE] ontop(notebook.n.01_4, cabinet.n.01_2)
      plan: wait(500)
      you chose it because: A drone cannot lift notebooks, and notebook 4 is already held by jackal_1. I wait without competing for the exclusive cargo.
  #3 [DONE] ontop(notebook.n.01_4, cabinet.n.01_2)
      plan: wait(600)
      you chose it because: The drone cannot lift notebooks and should avoid competing for the exclusive cargo; it waits while the arm and carrier complete the cabinet leg.
  #5 [DONE] ontop(notebook.n.01_4, cabinet.n.01_2)
      plan: wait(500)
      you chose it because: Notebook 4 requires an arm and is already held by ridgeback_2, so I avoid competing for the exclusive object and wait.

Return exactly 3 plans, one per robot, using each robot's own ids. Say in `reasoning` how you divided the work.
-------------------------------------- COMPLETION --------------------------------------
  plans:
    [1]
      agent_id: ridgeback_2
      task:
        task: Task.ONTOP
        object_type: notebook.n.01_4
        object_id: 1
        reference: bed.n.01_2
      actions:
        [1]
          action_type: grasp
          target: notebook.n.01_4
        [2]
          action_type: load_onto
          target: jackal_2
        [3]
          action_type: wait
          ticks: 400
        [4]
          action_type: navigate_to
          target: jackal_2
        [5]
          action_type: unload_from
          target: jackal_2
        [6]
          action_type: place_on_top
          target: bed.n.01_2
      reasoning: I handle notebook 4 as the arm: grasp it from the completed cabinet support, load it onto jackal_2 because my base locks while holding, then rendezvous at the bedroom bed to unload and place it.
    [2]
      agent_id: jackal_2
      task:
        task: Task.ONTOP
        object_type: notebook.n.01_4
        object_id: 1
        reference: bed.n.01_2
      actions:
        [1]
          action_type: wait
          ticks: 150
        [2]
          action_type: navigate_to
          target: bed.n.01_2
        [3]
          action_type: wait
          ticks: 300
      reasoning: I am the carrier, so I wait for ridgeback_2 to load notebook 4, drive it to the next support bed.n.01_2, and hold there for the arm to unload and place it.
    [3]
      agent_id: drone_2
      task:
        task: Task.ONTOP
        object_type: notebook.n.01_4
        object_id: 1
        reference: bed.n.01_2
      actions:
        [1]
          action_type: wait
          ticks: 600
      reasoning: Notebook 4 requires an arm and is assigned exclusively to ridgeback_2 with jackal_2 as carrier; I cannot lift notebooks, so I wait without competing.
  reasoning: Ridgeback_2 performs the notebook handling and final placement, while jackal_2 provides the required transport because ridgeback_2 locks when holding cargo. Drone_2 has no useful role for this notebook and waits.
====================================================================================================
#15  ridgeback_1  env_step 2304  t=350.076s  Team Plan Generation [team_1]
  usage: 7643 tokens (prompt 6704, completion 939)
---------------------------------- PROMPT / SYSTEM ----------------------------------
## 1. YOUR ROLE
You command TEAM 'team_1' -- 3 robots (ridgeback_1, jackal_1, drone_1) -- in a multi-agent
cooperative household task, alongside other teams doing the same. You are the
TEAM CONTROLLER: you are given all 3 robots' observations in one call and
answer with one plan per robot, in that same call.

- Divide the work. Two robots sent to the same object waste one of them: the
  loser burns the whole trip and its grasp fails with OBJECT_CLAIMED.
- Your robots start their plans together and you are not asked again until
  every one of them has finished. A robot that finishes early holds position
  and does nothing useful, so plans of wildly different lengths waste the
  short ones.
- Other teams are driven by their own controllers, not by you. You coordinate
  with them only through the messages quoted in this prompt.
- At the end of the prompt are each robot's last few plans, with their
  actions and how each ended, and the messages this team has sent and
  received. A plan that failed for a reason that still holds will fail the
  same way again, and a question you already asked has its answer in the
  record.

PLAN RESPONSE:
- Return a structured plan for EVERY robot listed above, one each, tagged with
  that robot's agent_id.
- Give each robot one task and at most 6 actions; 3-6 short
  executable actions are usually enough.
- Use exact item_id values from that robot's own section of the prompt.
- Say in the team-level `reasoning` how you divided the work between them.

## 2. ENVIRONMENT RULES
Your robots act through high-level primitives, not joint commands. Each one
takes many simulation steps: driving across a room costs 30 ticks per metre, so
distance is the main cost you control. None of them can see -- each is given a
symbolic description of the room it is standing in, and only that room, and
those descriptions are listed below one robot at a time.

Rules that decide whether an action succeeds:
- To grasp, place, open or toggle an object a robot must be closer to it than
  that object's own distance threshold; beyond it the action fails with TOO_FAR.
  Each object in a robot's room listing carries what that robot can do to it
  after "->", and a distance in metres ONLY when it is out of range -- no
  distance means that robot is already close enough to act on it now.
- An out-of-range object is marked "unreachable" and offers navigate_to and
  NOTHING else. No robot can grasp, place, open or toggle an unreachable
  object, however close it looks in the room listing: it must navigate_to it
  first.
- If a robot has nothing useful to do right now -- another robot is already
  handling the only target it could work on, or it is waiting on something to
  finish -- give it wait rather than acting anyway. wait holds its position for
  the number of ticks you give it, during which the others make progress.
- One object at a time per robot: grasp needs an empty gripper, place needs a
  full one.
- Objects are exclusive, including between your own robots. If anyone is
  holding something, a grasp for it fails with "held by <agent>". Sending two
  robots after one target costs the loser the whole trip for nothing.
- Some tasks are a route: THE TEAM'S TASK lists supports the cargo must rest on
  in order, marked done / NEXT. Only the NEXT support counts when the cargo is
  placed on it; a support reached out of order does not count and costs
  nothing -- progress resumes when NEXT holds. Progress is judged on where the
  cargo rests, not on what a robot intended.
- Every id in THE TEAM'S TASK is a valid navigate_to target for any robot from
  ANY room, even when it is not in that robot's listing: navigate_to(<that id>)
  drives it there, through the house, and its next listing shows that room.
  That is how a robot changes rooms. The cargo is where the task says it
  starts (or on the last support marked done) -- send a robot there; it will
  not be found where the robots stand.
- The line "Rooms in this house" names every room. navigate_to(<room name>)
  drives a robot to a free spot inside that room, so it can reach a room whose
  objects it cannot name yet, or go and look for something.
- Refer to objects only by the ids in that robot's own room listing, which are
  the objects in the room it is standing in. They look like apple.n.01_1. Never
  invent one, and never give one robot an id that appeared only under another
  robot -- it is in a room that robot cannot see.
- An entry marked "blocked" is in that room but currently unavailable -- the
  bracketed note says why.

When an action fails, that robot's plan is abandoned. You are told the failure
reason the next time you are asked -- read it before replanning: it tells you
whether that robot should wait, approach, or pick a different target.

## 3. ROBOT CAPABILITIES
Three kinds of robot. A robot's kind is on its own header ("(drone)") and on
its line in a teammate's listing ("[carrier, ...]", "[base locks while
holding]", "[drone]").

ARM -- a robot with a gripper: grasp, place_on_top, release, open/close,
toggle, load_onto, unload_from, navigate_to, wait.
- Some arms' bases LOCK while the gripper is loaded, and navigate_to then fails
  with BASE_LOCKED; such a robot cannot deliver what it picks up. Have it load
  the object onto a carrier robot with load_onto, let the carrier drive, and
  have an arm take it back at the far end with unload_from. Both actions name
  the *carrier* as their target and need the two robots within reach of each
  other. This is a division of labour, not a detour: it is why a task can need
  more than one of your robots.
- ONLY a robot marked [base locks while holding] needs a carrier. Any other
  robot that can grasp -- a drone, an unmarked arm -- carries what it holds by
  itself: grasp, navigate_to the support, place_on_top, done. A drone that can
  lift the cargo needs nobody: routing its cargo through a carrier and back is
  a detour that costs two extra actions and a round of waiting for nothing.
  Use the carrier for the base-locked robot's legs, and only for those.

CARRIER -- a robot with no arm: cargo rides on its back.
- A carrier and what it is carrying are ONE line in that robot's room listing:

    - agent_1  (teammate)  [carrier, carrying box.n.01_1]  -> unload_from

  The cargo has no line of its own and cannot be grasped where it sits.
  unload_from(agent_1) takes it off that carrier's back and into the acting
  robot's hand; load_onto(agent_1) puts what that robot holds onto it. Both
  name the carrier, both need the two robots within reach of each other, and
  unload_from is the only way to get cargo back.
- **A carrier has no arm**, so give it navigate_to and wait and nothing else:
  no grasp, no place, no release, no load_onto or unload_from -- those are done
  *to* it by a robot that does have a hand. Its own section lists its load on
  an "On your back:" line, and it cannot put that down itself. Its job is to
  drive to where an arm is waiting, which is the whole reason a task needs two
  of them.

DRONE -- flies, holds its load under a suction mount, and its base never locks:
it carries what it grasps by itself.
- What a drone may lift is limited. The drone cannot lift the notebook. A
  robot tagged [drone] can grasp and carry the die (die.n.01_1) but NOT the
  notebook (notebook.n.01_1): grasp or unload_from on it fails with
  CANNOT_LIFT, and getting closer does not change that. Only a robot with an
  arm can lift the notebook, so give that leg to an arm; this division of
  labour is what the task is built around.

THIS TEAM'S ROBOTS:
  - ridgeback_1: ARM, base LOCKS while holding (needs a carrier to move cargo)
  - jackal_1: CARRIER (no arm; navigate_to and wait only)
  - drone_1: DRONE (flies, carries what it holds; see the lift table)

WHO MAY LIFT WHAT (this activity):
  - notebook.n.01: arm

## 4. COOPERATION MODE: INDIVIDUAL
Every team plans for itself. No team sends or receives messages; you learn
what the other teams are doing only from what your robots see (a teammate of
another team in the listing, an object held by one of its robots). Do not
wait for others to speak. When another team already holds the cargo, give
your robots something else or wait.
---------------------------------- PROMPT / USER ----------------------------------
=== STEP 2304 ===

## 6. OBSERVATIONS -- TEAM team_1 (3 robots)

THE TEAM'S TASK (the same for every robot), in the ids it is written in:
  Move notebook.n.01_1, in this order, onto: the cabinet in the child's room, the bookcase in the kitchen. Move notebook.n.01_2, in this order, onto: the bookcase in the kitchen, the armchair in the dining room. Move notebook.n.01_3, in this order, onto: the armchair in the dining room, the coffee table in the living room. Move notebook.n.01_4, in this order, onto: the cabinet in the living room, the bed in the bedroom. Move notebook.n.01_5, in this order, onto: the cabinet in the bedroom, the bed in the child's room.
Route S1-M5, carry notebook.n.01_1 through these in order:
  done  C1  ontop(notebook.n.01_1, cabinet.n.01_1)
  NEXT  D   ontop(notebook.n.01_1, bookcase.n.01_1)
Route S1-M3, carry notebook.n.01_2 through these in order:
  it starts ontop(notebook.n.01_2, floor.n.01_3)
  NEXT  C1  ontop(notebook.n.01_2, bookcase.n.01_1)
        D   ontop(notebook.n.01_2, armchair.n.01_1)
Route S1-M2, carry notebook.n.01_3 through these in order:
  it starts ontop(notebook.n.01_3, floor.n.01_2)
  NEXT  C1  ontop(notebook.n.01_3, armchair.n.01_1)
        D   ontop(notebook.n.01_3, coffee_table.n.01_1)
Route S1-M1, carry notebook.n.01_4 through these in order:
  done  C1  ontop(notebook.n.01_4, cabinet.n.01_2)
  NEXT  D   ontop(notebook.n.01_4, bed.n.01_2)
Route S1-M4, carry notebook.n.01_5 through these in order:
  it starts ontop(notebook.n.01_5, floor.n.01_4)
  NEXT  C1  ontop(notebook.n.01_5, cabinet.n.01_3)
        D   ontop(notebook.n.01_5, bed.n.01_1)
A support reached out of order does not count, and nothing is lost by it: progress resumes when the NEXT one holds.

=== ROBOT ridgeback_1 ===
Step 2304/8000 | you are ridgeback_1 in childs_room_0 (a childs room)
Rooms in this house (navigate_to any of them): bathroom_0, bedroom_0, childs_room_0, closet_0, closet_1, corridor_0, dining_room_0, empty_room_0, empty_room_1, kitchen_0, living_room_0, staircase_0
Holding: nothing

childs_room_0:
  - bed.n.01_1  -> unreachable, navigate_to  [2.8 m away]
  - cabinet.n.01_1  Open  -> close, grasp, navigate_to  [Open is True]
  - floor.n.01_5  -> navigate_to
  - jackal_1  (teammate)  [carrier, empty]  -> navigate_to
  - notebook.n.01_1  -> grasp, navigate_to

Relations:
  ontop(bed.n.01_1, floor.n.01_5)
  ontop(cabinet.n.01_1, floor.n.01_5)
  ontop(jackal_1, floor.n.01_5)
  ontop(notebook.n.01_1, cabinet.n.01_1)
  ontop(ridgeback_1, floor.n.01_5)
  under(cabinet.n.01_1, notebook.n.01_1)
  under(floor.n.01_5, jackal_1)

=== ROBOT jackal_1 ===
Step 2304/8000 | you are jackal_1 in childs_room_0 (a childs room)
Rooms in this house (navigate_to any of them): bathroom_0, bedroom_0, childs_room_0, closet_0, closet_1, corridor_0, dining_room_0, empty_room_0, empty_room_1, kitchen_0, living_room_0, staircase_0
Holding: nothing

childs_room_0:
  - bed.n.01_1  -> navigate_to
  - cabinet.n.01_1  Open  -> navigate_to
  - floor.n.01_5  -> navigate_to
  - notebook.n.01_1  -> navigate_to
  - ridgeback_1  (teammate)  [base locks while holding]

Relations:
  ontop(bed.n.01_1, floor.n.01_5)
  ontop(cabinet.n.01_1, floor.n.01_5)
  ontop(jackal_1, floor.n.01_5)
  ontop(notebook.n.01_1, cabinet.n.01_1)
  ontop(ridgeback_1, floor.n.01_5)
  under(cabinet.n.01_1, notebook.n.01_1)
  under(floor.n.01_5, jackal_1)

=== ROBOT drone_1 ===
Step 2304/8000 | you are drone_1 (drone) in living_room_0 (a living room)
Rooms in this house (navigate_to any of them): bathroom_0, bedroom_0, childs_room_0, closet_0, closet_1, corridor_0, dining_room_0, empty_room_0, empty_room_1, kitchen_0, living_room_0, staircase_0
Holding: nothing

living_room_0:
  - cabinet.n.01_2  Open  -> unreachable, navigate_to  [3.2 m away]
  - coffee_table.n.01_1  -> grasp, navigate_to
  - drone_2  (teammate)  [drone]
  - drone_3  (teammate)  [drone]
  - floor.n.01_1  -> navigate_to
  - jackal_2  (teammate)  [carrier, carrying notebook.n.01_4]  -> unreachable, navigate_to  [1.9 m away]
  - ridgeback_2  (teammate)  [base locks while holding]

Relations:
  ontop(cabinet.n.01_2, floor.n.01_1)
  ontop(coffee_table.n.01_1, floor.n.01_1)
  ontop(jackal_2, floor.n.01_1)
  ontop(ridgeback_2, floor.n.01_1)
  under(jackal_2, notebook.n.01_4)

## 9. ACTION HISTORY AND FAILURES
--- ridgeback_1 ---
Its current plan: wait_for_team(team_1) [interrupted]
YOUR FINISHED PLANS (most recent last):
  #4 [DONE] ontop(notebook.n.01_4, cabinet.n.01_2)
      plan: wait(600)
      you chose it because: Notebook.n.01_4 is already held by ridgeback_2 from another team, so I must not compete for it. I wait for that team to complete or release the current route stage.
  #6 [FAILED] ontop(notebook.n.01_1, cabinet.n.01_1)
      plan: navigate_to(notebook.n.01_1) -> grasp(notebook.n.01_1) -> load_onto(jackal_1) -> navigate_to(jackal_1) -> unload_from(jackal_1) -> place_on_top(cabinet.n.01_1)
      you chose it because: I handle notebook.n.01_1 because only an arm can lift it. I load it onto jackal_1 for transport, then reclaim and place it on the first required support.
      it failed because: load_onto: PRE_CONDITION_ERROR: You are 6.73 m from jackal_1, too far to load onto it (you must be within 1.55 m). Navigate to it first.. Additional info: {'target object': 'jackal_1', 'distance': ...
  #8 [DONE] ontop(notebook.n.01_1, cabinet.n.01_1)
      plan: wait(200) -> load_onto(jackal_1) -> wait(300) -> unload_from(jackal_1) -> place_on_top(cabinet.n.01_1)
      you chose it because: Ridgeback already holds notebook.n.01_1 but its base is locked. It waits for jackal_1 to approach, loads the notebook onto the carrier, then reclaims and places it on cabinet.n.01_1 after transport.

--- jackal_1 ---
Its current plan: wait_for_team(team_1) [interrupted]
YOUR FINISHED PLANS (most recent last):
  #4 [DONE] ontop(notebook.n.01_4, cabinet.n.01_2)
      plan: wait(600)
      you chose it because: I am not carrying anything, and the only visible route cargo is exclusively held by ridgeback_2. I wait rather than repeat the failed cabinet navigation or interfere with another team.
  #6 [FAILED] ontop(notebook.n.01_1, cabinet.n.01_1)
      plan: navigate_to(notebook.n.01_1) -> wait(80) -> navigate_to(cabinet.n.01_1) -> place_on_top(cabinet.n.01_1)
      you chose it because: I serve as the carrier for ridgeback_1, meeting it at notebook.n.01_1 and transporting the loaded notebook to cabinet.n.01_1.
      it failed because: place_on_top: An error occurred during each attempt of this action. Attempt 0: PRE_CONDITION_ERROR: You have no arm, so you cannot place onto. You can navigate_to and wait. Cargo is put on your bac...
  #8 [FAILED] ontop(notebook.n.01_1, cabinet.n.01_1)
      plan: navigate_to(ridgeback_1) -> wait(250) -> navigate_to(cabinet.n.01_1) -> place_on_top(cabinet.n.01_1)
      you chose it because: Jackal_1 approaches the loaded ridgeback_1 closely enough for the handoff, waits for loading, and then carries the notebook to the required cabinet. As a carrier it does not attempt placement.
      it failed because: place_on_top: An error occurred during each attempt of this action. Attempt 0: PRE_CONDITION_ERROR: You have no arm, so you cannot place onto. You can navigate_to and wait. Cargo is put on your bac...

--- drone_1 ---
Its current plan: ontop(notebook.n.01_1, cabinet.n.01_1) [success]
YOUR FINISHED PLANS (most recent last):
  #2 [DONE] ontop(notebook.n.01_4, cabinet.n.01_2)
      plan: wait(600)
      you chose it because: A drone cannot lift notebooks, and notebook.n.01_4 is already held by ridgeback_2. I wait while the other team handles this arm-and-carrier route.
  #3 [DONE] ontop(notebook.n.01_1, cabinet.n.01_1)
      plan: wait(600)
      you chose it because: I cannot lift notebooks, and notebook.n.01_4 is held by another team's arm. I wait rather than interfere with either exclusive cargo.
  #4 [DONE] ontop(notebook.n.01_1, cabinet.n.01_1)
      plan: wait(600)
      you chose it because: Drone_1 cannot lift notebooks and is not needed for this arm-and-carrier transfer, so it waits without contesting the exclusive cargo.

Return exactly 3 plans, one per robot, using each robot's own ids. Say in `reasoning` how you divided the work.
-------------------------------------- COMPLETION --------------------------------------
  plans:
    [1]
      agent_id: ridgeback_1
      task:
        task: Task.ONTOP
        object_type: notebook.n.01_1
        object_id: 1
        reference: bookcase.n.01_1
      actions:
        [1]
          action_type: grasp
          target: notebook.n.01_1
        [2]
          action_type: load_onto
          target: jackal_1
        [3]
          action_type: wait
          ticks: 600
        [4]
          action_type: unload_from
          target: jackal_1
        [5]
          action_type: place_on_top
          target: bookcase.n.01_1
      reasoning: I reclaim notebook.n.01_1 from the cabinet, load it onto the nearby carrier, then wait during transport and place it on the next required support, the kitchen bookcase.
    [2]
      agent_id: jackal_1
      task:
        task: Task.ONTOP
        object_type: notebook.n.01_1
        object_id: 1
        reference: bookcase.n.01_1
      actions:
        [1]
          action_type: wait
          ticks: 100
        [2]
          action_type: navigate_to
          target: bookcase.n.01_1
      reasoning: I remain nearby long enough for ridgeback_1 to load the notebook, then carry it directly to the required bookcase. As a carrier, I do not attempt placement.
    [3]
      agent_id: drone_1
      task:
        task: Task.ONTOP
        object_type: notebook.n.01_1
        object_id: 1
        reference: bookcase.n.01_1
      actions:
        [1]
          action_type: wait
          ticks: 600
      reasoning: I cannot lift notebooks, so I stay clear while ridgeback_1 and jackal_1 execute the arm-and-carrier transfer.
  reasoning: Ridgeback_1 handles the notebook because it is the only robot able to lift it; jackal_1 provides the required transport because ridgeback_1's base locks while holding. Drone_1 cannot lift notebooks and therefore waits.
====================================================================================================
#16  ridgeback_2  env_step 2686  t=395.798s  Team Plan Generation [team_2]
  usage: 8520 tokens (prompt 6843, completion 1677)
---------------------------------- PROMPT / SYSTEM ----------------------------------
## 1. YOUR ROLE
You command TEAM 'team_2' -- 3 robots (ridgeback_2, jackal_2, drone_2) -- in a multi-agent
cooperative household task, alongside other teams doing the same. You are the
TEAM CONTROLLER: you are given all 3 robots' observations in one call and
answer with one plan per robot, in that same call.

- Divide the work. Two robots sent to the same object waste one of them: the
  loser burns the whole trip and its grasp fails with OBJECT_CLAIMED.
- Your robots start their plans together and you are not asked again until
  every one of them has finished. A robot that finishes early holds position
  and does nothing useful, so plans of wildly different lengths waste the
  short ones.
- Other teams are driven by their own controllers, not by you. You coordinate
  with them only through the messages quoted in this prompt.
- At the end of the prompt are each robot's last few plans, with their
  actions and how each ended, and the messages this team has sent and
  received. A plan that failed for a reason that still holds will fail the
  same way again, and a question you already asked has its answer in the
  record.

PLAN RESPONSE:
- Return a structured plan for EVERY robot listed above, one each, tagged with
  that robot's agent_id.
- Give each robot one task and at most 6 actions; 3-6 short
  executable actions are usually enough.
- Use exact item_id values from that robot's own section of the prompt.
- Say in the team-level `reasoning` how you divided the work between them.

## 2. ENVIRONMENT RULES
Your robots act through high-level primitives, not joint commands. Each one
takes many simulation steps: driving across a room costs 30 ticks per metre, so
distance is the main cost you control. None of them can see -- each is given a
symbolic description of the room it is standing in, and only that room, and
those descriptions are listed below one robot at a time.

Rules that decide whether an action succeeds:
- To grasp, place, open or toggle an object a robot must be closer to it than
  that object's own distance threshold; beyond it the action fails with TOO_FAR.
  Each object in a robot's room listing carries what that robot can do to it
  after "->", and a distance in metres ONLY when it is out of range -- no
  distance means that robot is already close enough to act on it now.
- An out-of-range object is marked "unreachable" and offers navigate_to and
  NOTHING else. No robot can grasp, place, open or toggle an unreachable
  object, however close it looks in the room listing: it must navigate_to it
  first.
- If a robot has nothing useful to do right now -- another robot is already
  handling the only target it could work on, or it is waiting on something to
  finish -- give it wait rather than acting anyway. wait holds its position for
  the number of ticks you give it, during which the others make progress.
- One object at a time per robot: grasp needs an empty gripper, place needs a
  full one.
- Objects are exclusive, including between your own robots. If anyone is
  holding something, a grasp for it fails with "held by <agent>". Sending two
  robots after one target costs the loser the whole trip for nothing.
- Some tasks are a route: THE TEAM'S TASK lists supports the cargo must rest on
  in order, marked done / NEXT. Only the NEXT support counts when the cargo is
  placed on it; a support reached out of order does not count and costs
  nothing -- progress resumes when NEXT holds. Progress is judged on where the
  cargo rests, not on what a robot intended.
- Every id in THE TEAM'S TASK is a valid navigate_to target for any robot from
  ANY room, even when it is not in that robot's listing: navigate_to(<that id>)
  drives it there, through the house, and its next listing shows that room.
  That is how a robot changes rooms. The cargo is where the task says it
  starts (or on the last support marked done) -- send a robot there; it will
  not be found where the robots stand.
- The line "Rooms in this house" names every room. navigate_to(<room name>)
  drives a robot to a free spot inside that room, so it can reach a room whose
  objects it cannot name yet, or go and look for something.
- Refer to objects only by the ids in that robot's own room listing, which are
  the objects in the room it is standing in. They look like apple.n.01_1. Never
  invent one, and never give one robot an id that appeared only under another
  robot -- it is in a room that robot cannot see.
- An entry marked "blocked" is in that room but currently unavailable -- the
  bracketed note says why.

When an action fails, that robot's plan is abandoned. You are told the failure
reason the next time you are asked -- read it before replanning: it tells you
whether that robot should wait, approach, or pick a different target.

## 3. ROBOT CAPABILITIES
Three kinds of robot. A robot's kind is on its own header ("(drone)") and on
its line in a teammate's listing ("[carrier, ...]", "[base locks while
holding]", "[drone]").

ARM -- a robot with a gripper: grasp, place_on_top, release, open/close,
toggle, load_onto, unload_from, navigate_to, wait.
- Some arms' bases LOCK while the gripper is loaded, and navigate_to then fails
  with BASE_LOCKED; such a robot cannot deliver what it picks up. Have it load
  the object onto a carrier robot with load_onto, let the carrier drive, and
  have an arm take it back at the far end with unload_from. Both actions name
  the *carrier* as their target and need the two robots within reach of each
  other. This is a division of labour, not a detour: it is why a task can need
  more than one of your robots.
- ONLY a robot marked [base locks while holding] needs a carrier. Any other
  robot that can grasp -- a drone, an unmarked arm -- carries what it holds by
  itself: grasp, navigate_to the support, place_on_top, done. A drone that can
  lift the cargo needs nobody: routing its cargo through a carrier and back is
  a detour that costs two extra actions and a round of waiting for nothing.
  Use the carrier for the base-locked robot's legs, and only for those.

CARRIER -- a robot with no arm: cargo rides on its back.
- A carrier and what it is carrying are ONE line in that robot's room listing:

    - agent_1  (teammate)  [carrier, carrying box.n.01_1]  -> unload_from

  The cargo has no line of its own and cannot be grasped where it sits.
  unload_from(agent_1) takes it off that carrier's back and into the acting
  robot's hand; load_onto(agent_1) puts what that robot holds onto it. Both
  name the carrier, both need the two robots within reach of each other, and
  unload_from is the only way to get cargo back.
- **A carrier has no arm**, so give it navigate_to and wait and nothing else:
  no grasp, no place, no release, no load_onto or unload_from -- those are done
  *to* it by a robot that does have a hand. Its own section lists its load on
  an "On your back:" line, and it cannot put that down itself. Its job is to
  drive to where an arm is waiting, which is the whole reason a task needs two
  of them.

DRONE -- flies, holds its load under a suction mount, and its base never locks:
it carries what it grasps by itself.
- What a drone may lift is limited. The drone cannot lift the notebook. A
  robot tagged [drone] can grasp and carry the die (die.n.01_1) but NOT the
  notebook (notebook.n.01_1): grasp or unload_from on it fails with
  CANNOT_LIFT, and getting closer does not change that. Only a robot with an
  arm can lift the notebook, so give that leg to an arm; this division of
  labour is what the task is built around.

THIS TEAM'S ROBOTS:
  - ridgeback_2: ARM, base LOCKS while holding (needs a carrier to move cargo)
  - jackal_2: CARRIER (no arm; navigate_to and wait only)
  - drone_2: DRONE (flies, carries what it holds; see the lift table)

WHO MAY LIFT WHAT (this activity):
  - notebook.n.01: arm

## 4. COOPERATION MODE: INDIVIDUAL
Every team plans for itself. No team sends or receives messages; you learn
what the other teams are doing only from what your robots see (a teammate of
another team in the listing, an object held by one of its robots). Do not
wait for others to speak. When another team already holds the cargo, give
your robots something else or wait.
---------------------------------- PROMPT / USER ----------------------------------
=== STEP 2686 ===

## 6. OBSERVATIONS -- TEAM team_2 (3 robots)

THE TEAM'S TASK (the same for every robot), in the ids it is written in:
  Move notebook.n.01_1, in this order, onto: the cabinet in the child's room, the bookcase in the kitchen. Move notebook.n.01_2, in this order, onto: the bookcase in the kitchen, the armchair in the dining room. Move notebook.n.01_3, in this order, onto: the armchair in the dining room, the coffee table in the living room. Move notebook.n.01_4, in this order, onto: the cabinet in the living room, the bed in the bedroom. Move notebook.n.01_5, in this order, onto: the cabinet in the bedroom, the bed in the child's room.
Route S1-M5, carry notebook.n.01_1 through these in order:
  done  C1  ontop(notebook.n.01_1, cabinet.n.01_1)
  NEXT  D   ontop(notebook.n.01_1, bookcase.n.01_1)
Route S1-M3, carry notebook.n.01_2 through these in order:
  it starts ontop(notebook.n.01_2, floor.n.01_3)
  NEXT  C1  ontop(notebook.n.01_2, bookcase.n.01_1)
        D   ontop(notebook.n.01_2, armchair.n.01_1)
Route S1-M2, carry notebook.n.01_3 through these in order:
  it starts ontop(notebook.n.01_3, floor.n.01_2)
  NEXT  C1  ontop(notebook.n.01_3, armchair.n.01_1)
        D   ontop(notebook.n.01_3, coffee_table.n.01_1)
Route S1-M1: complete -- notebook.n.01_4 is at its destination.
Route S1-M4, carry notebook.n.01_5 through these in order:
  it starts ontop(notebook.n.01_5, floor.n.01_4)
  NEXT  C1  ontop(notebook.n.01_5, cabinet.n.01_3)
        D   ontop(notebook.n.01_5, bed.n.01_1)
A support reached out of order does not count, and nothing is lost by it: progress resumes when the NEXT one holds.

=== ROBOT ridgeback_2 ===
Step 2686/8000 | you are ridgeback_2 in bedroom_0 (a bedroom)
Rooms in this house (navigate_to any of them): bathroom_0, bedroom_0, childs_room_0, closet_0, closet_1, corridor_0, dining_room_0, empty_room_0, empty_room_1, kitchen_0, living_room_0, staircase_0
Holding: nothing

bedroom_0:
  - bed.n.01_2  -> grasp, navigate_to
  - cabinet.n.01_3  -> unreachable, navigate_to  [1.9 m away]
  - floor.n.01_4  -> navigate_to
  - jackal_2  (teammate)  [carrier, empty]  -> navigate_to
  - jackal_3  (teammate)  [carrier, empty]  -> unreachable, navigate_to  [2.1 m away]
  - notebook.n.01_4  -> unreachable, navigate_to  [1.3 m away]
  - notebook.n.01_5  held by ridgeback_3  -> unreachable, navigate_to  [2.4 m away]
  - ridgeback_3  (teammate)  [base locks while holding]

Relations:
  ontop(bed.n.01_2, floor.n.01_4)
  ontop(cabinet.n.01_3, floor.n.01_4)
  ontop(jackal_2, floor.n.01_4)
  ontop(jackal_3, floor.n.01_4)
  ontop(notebook.n.01_4, bed.n.01_2)
  ontop(ridgeback_2, floor.n.01_4)
  ontop(ridgeback_3, floor.n.01_4)
  under(floor.n.01_4, bed.n.01_2)

=== ROBOT jackal_2 ===
Step 2686/8000 | you are jackal_2 in bedroom_0 (a bedroom)
Rooms in this house (navigate_to any of them): bathroom_0, bedroom_0, childs_room_0, closet_0, closet_1, corridor_0, dining_room_0, empty_room_0, empty_room_1, kitchen_0, living_room_0, staircase_0
Holding: nothing

bedroom_0:
  - bed.n.01_2  -> navigate_to
  - cabinet.n.01_3  -> navigate_to
  - floor.n.01_4  -> navigate_to
  - jackal_3  (teammate)  [carrier, empty]
  - notebook.n.01_4  -> navigate_to
  - notebook.n.01_5  held by ridgeback_3  -> unreachable, navigate_to  [1.9 m away]
  - ridgeback_2  (teammate)  [base locks while holding]
  - ridgeback_3  (teammate)  [base locks while holding]

Relations:
  ontop(bed.n.01_2, floor.n.01_4)
  ontop(cabinet.n.01_3, floor.n.01_4)
  ontop(jackal_2, floor.n.01_4)
  ontop(jackal_3, floor.n.01_4)
  ontop(notebook.n.01_4, bed.n.01_2)
  ontop(ridgeback_2, floor.n.01_4)
  ontop(ridgeback_3, floor.n.01_4)
  under(floor.n.01_4, bed.n.01_2)

=== ROBOT drone_2 ===
Step 2686/8000 | you are drone_2 (drone) in living_room_0 (a living room)
Rooms in this house (navigate_to any of them): bathroom_0, bedroom_0, childs_room_0, closet_0, closet_1, corridor_0, dining_room_0, empty_room_0, empty_room_1, kitchen_0, living_room_0, staircase_0
Holding: nothing

living_room_0:
  - cabinet.n.01_2  Open  -> unreachable, navigate_to  [2.1 m away]
  - coffee_table.n.01_1  -> unreachable, navigate_to  [1.9 m away]
  - drone_1  (teammate)  [drone]
  - drone_3  (teammate)  [drone]
  - floor.n.01_1  -> navigate_to

Relations:
  ontop(cabinet.n.01_2, floor.n.01_1)
  ontop(coffee_table.n.01_1, floor.n.01_1)

## 9. ACTION HISTORY AND FAILURES
--- ridgeback_2 ---
Its current plan: ontop(notebook.n.01_4, bed.n.01_2) [success]
YOUR FINISHED PLANS (most recent last):
  #6 [FAILED] ontop(notebook.n.01_4, cabinet.n.01_2)
      plan: wait(150) -> unload_from(jackal_1) -> load_onto(jackal_2) -> navigate_to(floor.n.01_1) -> wait(250) -> unload_from(jackal_2) -> place_on_top(cabinet.n.01_2)
      you chose it because: Recover notebook 4 from jackal_1, transfer it to our carrier jackal_2, then use the free floor position to approach the cabinet and unload/place it. The wait allows jackal_2 to reach the initial transfer point.
      it failed because: unload_from: PRE_CONDITION_ERROR: Your gripper is already full.. Additional info: {'target object': 'jackal_1', 'reason_code': 'PRE_CONDITION_ERROR'}
  #8 [DONE] ontop(notebook.n.01_4, cabinet.n.01_2)
      plan: load_onto(jackal_2) -> wait(100) -> navigate_to(floor.n.01_1) -> unload_from(jackal_2) -> place_on_top(cabinet.n.01_2)
      you chose it because: I am the only arm that can lift the notebook. I transfer it to jackal_2 to unlock my base, then rendezvous at the free floor position and unload/place it on the cabinet.
  #10 [DONE] ontop(notebook.n.01_4, bed.n.01_2)
      plan: grasp(notebook.n.01_4) -> load_onto(jackal_2) -> wait(400) -> navigate_to(jackal_2) -> unload_from(jackal_2) -> place_on_top(bed.n.01_2)
      you chose it because: I handle notebook 4 as the arm: grasp it from the completed cabinet support, load it onto jackal_2 because my base locks while holding, then rendezvous at the bedroom bed to unload and place it.

--- jackal_2 ---
Its current plan: wait_for_team(team_2) [interrupted]
YOUR FINISHED PLANS (most recent last):
  #6 [FAILED] ontop(notebook.n.01_4, cabinet.n.01_2)
      plan: navigate_to(ridgeback_2) -> wait(300) -> navigate_to(ridgeback_2) -> wait(300) -> place_on_top(cabinet.n.01_2)
      you chose it because: As the carrier, first approach ridgeback_2 for loading, then follow it to the floor position near the cabinet so it can unload the notebook.
      it failed because: place_on_top: An error occurred during each attempt of this action. Attempt 0: PRE_CONDITION_ERROR: You have no arm, so you cannot place onto. You can navigate_to and wait. Cargo is put on your bac...
  #7 [FAILED] ontop(notebook.n.01_4, cabinet.n.01_2)
      plan: wait(50) -> navigate_to(floor.n.01_1) -> wait(300) -> place_on_top(cabinet.n.01_2)
      you chose it because: I serve as the carrier: after allowing ridgeback_2 to load the notebook, I move to the free floor position near the cabinet and hold there for the arm to unload and place it.
      it failed because: place_on_top: An error occurred during each attempt of this action. Attempt 0: PRE_CONDITION_ERROR: You have no arm, so you cannot place onto. You can navigate_to and wait. Cargo is put on your bac...
  #9 [FAILED] ontop(notebook.n.01_4, bed.n.01_2)
      plan: wait(150) -> navigate_to(bed.n.01_2) -> wait(300) -> place_on_top(bed.n.01_2)
      you chose it because: I am the carrier, so I wait for ridgeback_2 to load notebook 4, drive it to the next support bed.n.01_2, and hold there for the arm to unload and place it.
      it failed because: place_on_top: An error occurred during each attempt of this action. Attempt 0: PRE_CONDITION_ERROR: You have no arm, so you cannot place onto. You can navigate_to and wait. Cargo is put on your bac...

--- drone_2 ---
Its current plan: wait_for_team(team_2) [interrupted]
YOUR FINISHED PLANS (most recent last):
  #3 [DONE] ontop(notebook.n.01_4, cabinet.n.01_2)
      plan: wait(600)
      you chose it because: The drone cannot lift notebooks and should avoid competing for the exclusive cargo; it waits while the arm and carrier complete the cabinet leg.
  #5 [DONE] ontop(notebook.n.01_4, cabinet.n.01_2)
      plan: wait(500)
      you chose it because: Notebook 4 requires an arm and is already held by ridgeback_2, so I avoid competing for the exclusive object and wait.
  #6 [DONE] ontop(notebook.n.01_4, bed.n.01_2)
      plan: wait(600)
      you chose it because: Notebook 4 requires an arm and is assigned exclusively to ridgeback_2 with jackal_2 as carrier; I cannot lift notebooks, so I wait without competing.

Return exactly 3 plans, one per robot, using each robot's own ids. Say in `reasoning` how you divided the work.
-------------------------------------- COMPLETION --------------------------------------
  plans:
    [1]
      agent_id: ridgeback_2
      task:
        task: Task.ONTOP
        object_type: notebook.n.01_2
        object_id: 1
        reference: bookcase.n.01_1
      actions:
        [1]
          action_type: navigate_to
          target: notebook.n.01_2
        [2]
          action_type: grasp
          target: notebook.n.01_2
        [3]
          action_type: wait
          ticks: 450
        [4]
          action_type: load_onto
          target: jackal_2
        [5]
          action_type: wait
          ticks: 100
        [6]
          action_type: navigate_to
          target: bookcase.n.01_1
        [7]
          action_type: unload_from
          target: jackal_2
      reasoning: I take notebook 2, the next unassigned notebook route, and use jackal_2 to carry it because my base locks while holding. I rendezvous at the bookcase, unload, and complete the first support.
    [2]
      agent_id: jackal_2
      task:
        task: Task.ONTOP
        object_type: notebook.n.01_2
        object_id: 1
        reference: bookcase.n.01_1
      actions:
        [1]
          action_type: navigate_to
          target: notebook.n.01_2
        [2]
          action_type: wait
          ticks: 450
        [3]
          action_type: navigate_to
          target: bookcase.n.01_1
        [4]
          action_type: wait
          ticks: 250
      reasoning: I serve exclusively as ridgeback_2's carrier: reach notebook 2 for loading, then transport it to the kitchen bookcase and remain there for unloading.
    [3]
      agent_id: drone_2
      task:
        task: Task.ONTOP
        object_type: notebook.n.01_3
        object_id: 1
        reference: armchair.n.01_1
      actions:
        [1]
          action_type: wait
          ticks: 100
      reasoning: I cannot lift notebooks, and notebook 5 is already held by another team's arm. I therefore avoid competing for cargo and wait while the arm-carrier pair handles notebook 2.
  reasoning: ridgeback_2 is assigned notebook 2 and its first support, with jackal_2 transporting it because ridgeback's base locks while loaded. drone_2 has no compatible notebook task and waits rather than competing for an exclusive object.
====================================================================================================
#17  ridgeback_3  env_step 2687  t=408.699s  Team Plan Generation [team_3]
  usage: 8361 tokens (prompt 7007, completion 1354)
---------------------------------- PROMPT / SYSTEM ----------------------------------
## 1. YOUR ROLE
You command TEAM 'team_3' -- 3 robots (ridgeback_3, jackal_3, drone_3) -- in a multi-agent
cooperative household task, alongside other teams doing the same. You are the
TEAM CONTROLLER: you are given all 3 robots' observations in one call and
answer with one plan per robot, in that same call.

- Divide the work. Two robots sent to the same object waste one of them: the
  loser burns the whole trip and its grasp fails with OBJECT_CLAIMED.
- Your robots start their plans together and you are not asked again until
  every one of them has finished. A robot that finishes early holds position
  and does nothing useful, so plans of wildly different lengths waste the
  short ones.
- Other teams are driven by their own controllers, not by you. You coordinate
  with them only through the messages quoted in this prompt.
- At the end of the prompt are each robot's last few plans, with their
  actions and how each ended, and the messages this team has sent and
  received. A plan that failed for a reason that still holds will fail the
  same way again, and a question you already asked has its answer in the
  record.

PLAN RESPONSE:
- Return a structured plan for EVERY robot listed above, one each, tagged with
  that robot's agent_id.
- Give each robot one task and at most 6 actions; 3-6 short
  executable actions are usually enough.
- Use exact item_id values from that robot's own section of the prompt.
- Say in the team-level `reasoning` how you divided the work between them.

## 2. ENVIRONMENT RULES
Your robots act through high-level primitives, not joint commands. Each one
takes many simulation steps: driving across a room costs 30 ticks per metre, so
distance is the main cost you control. None of them can see -- each is given a
symbolic description of the room it is standing in, and only that room, and
those descriptions are listed below one robot at a time.

Rules that decide whether an action succeeds:
- To grasp, place, open or toggle an object a robot must be closer to it than
  that object's own distance threshold; beyond it the action fails with TOO_FAR.
  Each object in a robot's room listing carries what that robot can do to it
  after "->", and a distance in metres ONLY when it is out of range -- no
  distance means that robot is already close enough to act on it now.
- An out-of-range object is marked "unreachable" and offers navigate_to and
  NOTHING else. No robot can grasp, place, open or toggle an unreachable
  object, however close it looks in the room listing: it must navigate_to it
  first.
- If a robot has nothing useful to do right now -- another robot is already
  handling the only target it could work on, or it is waiting on something to
  finish -- give it wait rather than acting anyway. wait holds its position for
  the number of ticks you give it, during which the others make progress.
- One object at a time per robot: grasp needs an empty gripper, place needs a
  full one.
- Objects are exclusive, including between your own robots. If anyone is
  holding something, a grasp for it fails with "held by <agent>". Sending two
  robots after one target costs the loser the whole trip for nothing.
- Some tasks are a route: THE TEAM'S TASK lists supports the cargo must rest on
  in order, marked done / NEXT. Only the NEXT support counts when the cargo is
  placed on it; a support reached out of order does not count and costs
  nothing -- progress resumes when NEXT holds. Progress is judged on where the
  cargo rests, not on what a robot intended.
- Every id in THE TEAM'S TASK is a valid navigate_to target for any robot from
  ANY room, even when it is not in that robot's listing: navigate_to(<that id>)
  drives it there, through the house, and its next listing shows that room.
  That is how a robot changes rooms. The cargo is where the task says it
  starts (or on the last support marked done) -- send a robot there; it will
  not be found where the robots stand.
- The line "Rooms in this house" names every room. navigate_to(<room name>)
  drives a robot to a free spot inside that room, so it can reach a room whose
  objects it cannot name yet, or go and look for something.
- Refer to objects only by the ids in that robot's own room listing, which are
  the objects in the room it is standing in. They look like apple.n.01_1. Never
  invent one, and never give one robot an id that appeared only under another
  robot -- it is in a room that robot cannot see.
- An entry marked "blocked" is in that room but currently unavailable -- the
  bracketed note says why.

When an action fails, that robot's plan is abandoned. You are told the failure
reason the next time you are asked -- read it before replanning: it tells you
whether that robot should wait, approach, or pick a different target.

## 3. ROBOT CAPABILITIES
Three kinds of robot. A robot's kind is on its own header ("(drone)") and on
its line in a teammate's listing ("[carrier, ...]", "[base locks while
holding]", "[drone]").

ARM -- a robot with a gripper: grasp, place_on_top, release, open/close,
toggle, load_onto, unload_from, navigate_to, wait.
- Some arms' bases LOCK while the gripper is loaded, and navigate_to then fails
  with BASE_LOCKED; such a robot cannot deliver what it picks up. Have it load
  the object onto a carrier robot with load_onto, let the carrier drive, and
  have an arm take it back at the far end with unload_from. Both actions name
  the *carrier* as their target and need the two robots within reach of each
  other. This is a division of labour, not a detour: it is why a task can need
  more than one of your robots.
- ONLY a robot marked [base locks while holding] needs a carrier. Any other
  robot that can grasp -- a drone, an unmarked arm -- carries what it holds by
  itself: grasp, navigate_to the support, place_on_top, done. A drone that can
  lift the cargo needs nobody: routing its cargo through a carrier and back is
  a detour that costs two extra actions and a round of waiting for nothing.
  Use the carrier for the base-locked robot's legs, and only for those.

CARRIER -- a robot with no arm: cargo rides on its back.
- A carrier and what it is carrying are ONE line in that robot's room listing:

    - agent_1  (teammate)  [carrier, carrying box.n.01_1]  -> unload_from

  The cargo has no line of its own and cannot be grasped where it sits.
  unload_from(agent_1) takes it off that carrier's back and into the acting
  robot's hand; load_onto(agent_1) puts what that robot holds onto it. Both
  name the carrier, both need the two robots within reach of each other, and
  unload_from is the only way to get cargo back.
- **A carrier has no arm**, so give it navigate_to and wait and nothing else:
  no grasp, no place, no release, no load_onto or unload_from -- those are done
  *to* it by a robot that does have a hand. Its own section lists its load on
  an "On your back:" line, and it cannot put that down itself. Its job is to
  drive to where an arm is waiting, which is the whole reason a task needs two
  of them.

DRONE -- flies, holds its load under a suction mount, and its base never locks:
it carries what it grasps by itself.
- What a drone may lift is limited. The drone cannot lift the notebook. A
  robot tagged [drone] can grasp and carry the die (die.n.01_1) but NOT the
  notebook (notebook.n.01_1): grasp or unload_from on it fails with
  CANNOT_LIFT, and getting closer does not change that. Only a robot with an
  arm can lift the notebook, so give that leg to an arm; this division of
  labour is what the task is built around.

THIS TEAM'S ROBOTS:
  - ridgeback_3: ARM, base LOCKS while holding (needs a carrier to move cargo)
  - jackal_3: CARRIER (no arm; navigate_to and wait only)
  - drone_3: DRONE (flies, carries what it holds; see the lift table)

WHO MAY LIFT WHAT (this activity):
  - notebook.n.01: arm

## 4. COOPERATION MODE: INDIVIDUAL
Every team plans for itself. No team sends or receives messages; you learn
what the other teams are doing only from what your robots see (a teammate of
another team in the listing, an object held by one of its robots). Do not
wait for others to speak. When another team already holds the cargo, give
your robots something else or wait.
---------------------------------- PROMPT / USER ----------------------------------
=== STEP 2687 ===

## 6. OBSERVATIONS -- TEAM team_3 (3 robots)

THE TEAM'S TASK (the same for every robot), in the ids it is written in:
  Move notebook.n.01_1, in this order, onto: the cabinet in the child's room, the bookcase in the kitchen. Move notebook.n.01_2, in this order, onto: the bookcase in the kitchen, the armchair in the dining room. Move notebook.n.01_3, in this order, onto: the armchair in the dining room, the coffee table in the living room. Move notebook.n.01_4, in this order, onto: the cabinet in the living room, the bed in the bedroom. Move notebook.n.01_5, in this order, onto: the cabinet in the bedroom, the bed in the child's room.
Route S1-M5, carry notebook.n.01_1 through these in order:
  done  C1  ontop(notebook.n.01_1, cabinet.n.01_1)
  NEXT  D   ontop(notebook.n.01_1, bookcase.n.01_1)
Route S1-M3, carry notebook.n.01_2 through these in order:
  it starts ontop(notebook.n.01_2, floor.n.01_3)
  NEXT  C1  ontop(notebook.n.01_2, bookcase.n.01_1)
        D   ontop(notebook.n.01_2, armchair.n.01_1)
Route S1-M2, carry notebook.n.01_3 through these in order:
  it starts ontop(notebook.n.01_3, floor.n.01_2)
  NEXT  C1  ontop(notebook.n.01_3, armchair.n.01_1)
        D   ontop(notebook.n.01_3, coffee_table.n.01_1)
Route S1-M1: complete -- notebook.n.01_4 is at its destination.
Route S1-M4, carry notebook.n.01_5 through these in order:
  it starts ontop(notebook.n.01_5, floor.n.01_4)
  NEXT  C1  ontop(notebook.n.01_5, cabinet.n.01_3)
        D   ontop(notebook.n.01_5, bed.n.01_1)
A support reached out of order does not count, and nothing is lost by it: progress resumes when the NEXT one holds.

=== ROBOT ridgeback_3 ===
Step 2687/8000 | you are ridgeback_3 in bedroom_0 (a bedroom)
Rooms in this house (navigate_to any of them): bathroom_0, bedroom_0, childs_room_0, closet_0, closet_1, corridor_0, dining_room_0, empty_room_0, empty_room_1, kitchen_0, living_room_0, staircase_0
Holding: notebook.n.01_5 (notebook)  [your base is locked while loaded: no navigate_to]

bedroom_0:
  - bed.n.01_2  -> place_on_top  [places notebook.n.01_5]
  - cabinet.n.01_3  -> unreachable  [too far (2.5 m) -- and your base is locked while you hold notebook.n.01_5]
  - floor.n.01_4  -> place_on_top  [places notebook.n.01_5]
  - jackal_2  (teammate)  [carrier, empty]  -> unreachable  [too far (2.1 m) -- and your base is locked]
  - jackal_3  (teammate)  [carrier, empty]  -> load_onto
  - notebook.n.01_4  -> unreachable  [too far (1.2 m) -- and your base is locked while you hold notebook.n.01_5]
  - notebook.n.01_5  held by ridgeback_3  -> release  [drops what you hold]
  - ridgeback_2  (teammate)  [base locks while holding]

Relations:
  ontop(bed.n.01_2, floor.n.01_4)
  ontop(cabinet.n.01_3, floor.n.01_4)
  ontop(jackal_2, floor.n.01_4)
  ontop(jackal_3, floor.n.01_4)
  ontop(notebook.n.01_4, bed.n.01_2)
  ontop(ridgeback_2, floor.n.01_4)
  ontop(ridgeback_3, floor.n.01_4)
  under(floor.n.01_4, bed.n.01_2)

=== ROBOT jackal_3 ===
Step 2687/8000 | you are jackal_3 in bedroom_0 (a bedroom)
Rooms in this house (navigate_to any of them): bathroom_0, bedroom_0, childs_room_0, closet_0, closet_1, corridor_0, dining_room_0, empty_room_0, empty_room_1, kitchen_0, living_room_0, staircase_0
Holding: nothing

bedroom_0:
  - bed.n.01_2  -> navigate_to
  - cabinet.n.01_3  -> navigate_to
  - floor.n.01_4  -> navigate_to
  - jackal_2  (teammate)  [carrier, empty]
  - notebook.n.01_4  -> navigate_to
  - notebook.n.01_5  held by ridgeback_3  -> navigate_to
  - ridgeback_2  (teammate)  [base locks while holding]
  - ridgeback_3  (teammate)  [base locks while holding]

Relations:
  ontop(bed.n.01_2, floor.n.01_4)
  ontop(cabinet.n.01_3, floor.n.01_4)
  ontop(jackal_2, floor.n.01_4)
  ontop(jackal_3, floor.n.01_4)
  ontop(notebook.n.01_4, bed.n.01_2)
  ontop(ridgeback_2, floor.n.01_4)
  ontop(ridgeback_3, floor.n.01_4)
  under(floor.n.01_4, bed.n.01_2)

=== ROBOT drone_3 ===
Step 2687/8000 | you are drone_3 (drone) in living_room_0 (a living room)
Rooms in this house (navigate_to any of them): bathroom_0, bedroom_0, childs_room_0, closet_0, closet_1, corridor_0, dining_room_0, empty_room_0, empty_room_1, kitchen_0, living_room_0, staircase_0
Holding: nothing

living_room_0:
  - cabinet.n.01_2  Open  -> unreachable, navigate_to  [2.6 m away]
  - coffee_table.n.01_1  -> grasp, navigate_to
  - drone_1  (teammate)  [drone]
  - drone_2  (teammate)  [drone]
  - floor.n.01_1  -> navigate_to

Relations:
  ontop(cabinet.n.01_2, floor.n.01_1)
  ontop(coffee_table.n.01_1, floor.n.01_1)

## 9. ACTION HISTORY AND FAILURES
--- ridgeback_3 ---
Its current plan: wait_for_team(team_3) [interrupted]
YOUR FINISHED PLANS (most recent last):
  #6 [FAILED] ontop(notebook.n.01_5, cabinet.n.01_3)
      plan: navigate_to(notebook.n.01_5) -> grasp(notebook.n.01_5) -> load_onto(jackal_3) -> wait(600) -> unload_from(jackal_3) -> place_on_top(cabinet.n.01_3)
      you chose it because: Handle notebook 5 with the arm, then unload and place it on its first support after jackal_3 transports it.
      it failed because: load_onto: PRE_CONDITION_ERROR: You are 7.37 m from jackal_3, too far to load onto it (you must be within 1.55 m). Navigate to it first.. Additional info: {'target object': 'jackal_3', 'distance': ...
  #7 [FAILED] ontop(notebook.n.01_5, cabinet.n.01_3)
      plan: wait(500) -> unload_from(jackal_3) -> release() -> navigate_to(cabinet.n.01_3) -> grasp(notebook.n.01_5) -> place_on_top(cabinet.n.01_3)
      you chose it because: Notebook 5 is already held, so wait while jackal_3 comes to the bedroom. Unload and temporarily release it, then move empty to the cabinet, regrasp it, and place it on the required first support.
      it failed because: unload_from: PRE_CONDITION_ERROR: You are 1.74 m from jackal_3, too far to unload from it (you must be within 1.69 m). Navigate to it first.. Additional info: {'target object': 'jackal_3', 'distanc...
  #9 [FAILED] ontop(notebook.n.01_5, cabinet.n.01_3)
      plan: wait(250) -> load_onto(jackal_3) -> wait(600) -> unload_from(jackal_3) -> place_on_top(cabinet.n.01_3)
      you chose it because: Notebook 5 is already held. Wait for jackal_3 to approach, load the notebook onto the carrier, then unload and place it on the required cabinet after transport.
      it failed because: place_on_top: An error occurred during each attempt of this action. Attempt 0: PRE_CONDITION_ERROR: You are 2.49 m from bottom_cabinet_jrhgeu_0, too far to place onto it (you must be within 1.52 m)...

--- jackal_3 ---
Its current plan: ontop(notebook.n.01_5, cabinet.n.01_3) [failed]
YOUR FINISHED PLANS (most recent last):
  #6 [FAILED] ontop(notebook.n.01_5, cabinet.n.01_3)
      plan: navigate_to(notebook.n.01_5) -> wait(600) -> navigate_to(cabinet.n.01_3) -> place_on_top(cabinet.n.01_3)
      you chose it because: Serve as the carrier for notebook 5: wait at its starting location for ridgeback_3 to load it, then transport it to the bedroom cabinet.
      it failed because: navigate_to: An error occurred during each attempt of this action. Attempt 0: PLANNING_ERROR: Cannot reach notebook_154: there is no free floor space around it to stand on (need a spot 0.7-1.3 m aw...
  #8 [FAILED] ontop(notebook.n.01_5, cabinet.n.01_3)
      plan: navigate_to(bedroom_0) -> wait(600) -> place_on_top(cabinet.n.01_3)
      you chose it because: Act as the carrier for ridgeback_3. Travel from the living room to the bedroom and hold position so ridgeback_3 can unload notebook 5.
      it failed because: place_on_top: An error occurred during each attempt of this action. Attempt 0: PRE_CONDITION_ERROR: You have no arm, so you cannot place onto. You can navigate_to and wait. Cargo is put on your bac...
  #9 [FAILED] ontop(notebook.n.01_5, cabinet.n.01_3)
      plan: navigate_to(ridgeback_3) -> wait(300) -> navigate_to(cabinet.n.01_3) -> wait(600) -> place_on_top(cabinet.n.01_3)
      you chose it because: Jackal_3 is the carrier for the base-locked ridgeback. It approaches ridgeback_3 for loading, transports the notebook to cabinet.n.01_3, and waits there for unloading.
      it failed because: place_on_top: An error occurred during each attempt of this action. Attempt 0: PRE_CONDITION_ERROR: You have no arm, so you cannot place onto. You can navigate_to and wait. Cargo is put on your bac...

--- drone_3 ---
Its current plan: wait_for_team(team_3) [interrupted]
YOUR FINISHED PLANS (most recent last):
  #3 [DONE] ontop(notebook.n.01_5, cabinet.n.01_3)
      plan: wait(100)
      you chose it because: Notebook 3 is already complete, notebook 4 is held by another team, and the drone cannot lift notebooks; remain idle while the arm-carrier pair handles notebook 5.
  #5 [DONE] ontop(notebook.n.01_5, cabinet.n.01_3)
      plan: wait(100)
      you chose it because: The notebook requires an arm and is already held by ridgeback_3; remain idle without competing for the cargo.
  #7 [DONE] ontop(notebook.n.01_5, cabinet.n.01_3)
      plan: wait(100)
      you chose it because: The drone cannot lift notebooks and should not contest the active arm-and-carrier operation, so it remains idle.

Return exactly 3 plans, one per robot, using each robot's own ids. Say in `reasoning` how you divided the work.
-------------------------------------- COMPLETION --------------------------------------
  plans:
    [1]
      agent_id: ridgeback_3
      task:
        task: Task.ONTOP
        object_type: notebook.n.01_5
        object_id: 1
        reference: cabinet.n.01_3
      actions:
        [1]
          action_type: load_onto
          target: jackal_3
        [2]
          action_type: wait
          ticks: 500
        [3]
          action_type: unload_from
          target: jackal_3
        [4]
          action_type: navigate_to
          target: cabinet.n.01_3
        [5]
          action_type: place_on_top
          target: cabinet.n.01_3
      reasoning: Notebook 5 is already held and jackal_3 is now within loading range. Load it onto the carrier; jackal_3 will take it to the cabinet and return so I can unload, approach the cabinet, and place it.
    [2]
      agent_id: jackal_3
      task:
        task: Task.ONTOP
        object_type: notebook.n.01_5
        object_id: 1
        reference: cabinet.n.01_3
      actions:
        [1]
          action_type: wait
          ticks: 100
        [2]
          action_type: navigate_to
          target: cabinet.n.01_3
        [3]
          action_type: navigate_to
          target: ridgeback_3
      reasoning: Act only as the carrier for the base-locked ridgeback: allow loading to complete, drive the notebook to the required cabinet, then return within unload range of ridgeback_3.
    [3]
      agent_id: drone_3
      task:
        task: Task.ONTOP
        object_type: notebook.n.01_5
        object_id: 1
        reference: cabinet.n.01_3
      actions:
        [1]
          action_type: wait
          ticks: 600
      reasoning: The active notebook requires an arm and is already held by ridgeback_3; remain idle rather than competing for it.
  reasoning: Ridgeback_3 handles the notebook because only its arm can lift it but its base locks while holding. Jackal_3 performs the necessary transport loop to the cabinet and back for unloading. Drone_3 cannot lift notebooks, so it waits.
====================================================================================================
#18  ridgeback_1  env_step 2908  t=434.149s  Team Plan Generation [team_1]
  usage: 7555 tokens (prompt 6629, completion 926)
---------------------------------- PROMPT / SYSTEM ----------------------------------
## 1. YOUR ROLE
You command TEAM 'team_1' -- 3 robots (ridgeback_1, jackal_1, drone_1) -- in a multi-agent
cooperative household task, alongside other teams doing the same. You are the
TEAM CONTROLLER: you are given all 3 robots' observations in one call and
answer with one plan per robot, in that same call.

- Divide the work. Two robots sent to the same object waste one of them: the
  loser burns the whole trip and its grasp fails with OBJECT_CLAIMED.
- Your robots start their plans together and you are not asked again until
  every one of them has finished. A robot that finishes early holds position
  and does nothing useful, so plans of wildly different lengths waste the
  short ones.
- Other teams are driven by their own controllers, not by you. You coordinate
  with them only through the messages quoted in this prompt.
- At the end of the prompt are each robot's last few plans, with their
  actions and how each ended, and the messages this team has sent and
  received. A plan that failed for a reason that still holds will fail the
  same way again, and a question you already asked has its answer in the
  record.

PLAN RESPONSE:
- Return a structured plan for EVERY robot listed above, one each, tagged with
  that robot's agent_id.
- Give each robot one task and at most 6 actions; 3-6 short
  executable actions are usually enough.
- Use exact item_id values from that robot's own section of the prompt.
- Say in the team-level `reasoning` how you divided the work between them.

## 2. ENVIRONMENT RULES
Your robots act through high-level primitives, not joint commands. Each one
takes many simulation steps: driving across a room costs 30 ticks per metre, so
distance is the main cost you control. None of them can see -- each is given a
symbolic description of the room it is standing in, and only that room, and
those descriptions are listed below one robot at a time.

Rules that decide whether an action succeeds:
- To grasp, place, open or toggle an object a robot must be closer to it than
  that object's own distance threshold; beyond it the action fails with TOO_FAR.
  Each object in a robot's room listing carries what that robot can do to it
  after "->", and a distance in metres ONLY when it is out of range -- no
  distance means that robot is already close enough to act on it now.
- An out-of-range object is marked "unreachable" and offers navigate_to and
  NOTHING else. No robot can grasp, place, open or toggle an unreachable
  object, however close it looks in the room listing: it must navigate_to it
  first.
- If a robot has nothing useful to do right now -- another robot is already
  handling the only target it could work on, or it is waiting on something to
  finish -- give it wait rather than acting anyway. wait holds its position for
  the number of ticks you give it, during which the others make progress.
- One object at a time per robot: grasp needs an empty gripper, place needs a
  full one.
- Objects are exclusive, including between your own robots. If anyone is
  holding something, a grasp for it fails with "held by <agent>". Sending two
  robots after one target costs the loser the whole trip for nothing.
- Some tasks are a route: THE TEAM'S TASK lists supports the cargo must rest on
  in order, marked done / NEXT. Only the NEXT support counts when the cargo is
  placed on it; a support reached out of order does not count and costs
  nothing -- progress resumes when NEXT holds. Progress is judged on where the
  cargo rests, not on what a robot intended.
- Every id in THE TEAM'S TASK is a valid navigate_to target for any robot from
  ANY room, even when it is not in that robot's listing: navigate_to(<that id>)
  drives it there, through the house, and its next listing shows that room.
  That is how a robot changes rooms. The cargo is where the task says it
  starts (or on the last support marked done) -- send a robot there; it will
  not be found where the robots stand.
- The line "Rooms in this house" names every room. navigate_to(<room name>)
  drives a robot to a free spot inside that room, so it can reach a room whose
  objects it cannot name yet, or go and look for something.
- Refer to objects only by the ids in that robot's own room listing, which are
  the objects in the room it is standing in. They look like apple.n.01_1. Never
  invent one, and never give one robot an id that appeared only under another
  robot -- it is in a room that robot cannot see.
- An entry marked "blocked" is in that room but currently unavailable -- the
  bracketed note says why.

When an action fails, that robot's plan is abandoned. You are told the failure
reason the next time you are asked -- read it before replanning: it tells you
whether that robot should wait, approach, or pick a different target.

## 3. ROBOT CAPABILITIES
Three kinds of robot. A robot's kind is on its own header ("(drone)") and on
its line in a teammate's listing ("[carrier, ...]", "[base locks while
holding]", "[drone]").

ARM -- a robot with a gripper: grasp, place_on_top, release, open/close,
toggle, load_onto, unload_from, navigate_to, wait.
- Some arms' bases LOCK while the gripper is loaded, and navigate_to then fails
  with BASE_LOCKED; such a robot cannot deliver what it picks up. Have it load
  the object onto a carrier robot with load_onto, let the carrier drive, and
  have an arm take it back at the far end with unload_from. Both actions name
  the *carrier* as their target and need the two robots within reach of each
  other. This is a division of labour, not a detour: it is why a task can need
  more than one of your robots.
- ONLY a robot marked [base locks while holding] needs a carrier. Any other
  robot that can grasp -- a drone, an unmarked arm -- carries what it holds by
  itself: grasp, navigate_to the support, place_on_top, done. A drone that can
  lift the cargo needs nobody: routing its cargo through a carrier and back is
  a detour that costs two extra actions and a round of waiting for nothing.
  Use the carrier for the base-locked robot's legs, and only for those.

CARRIER -- a robot with no arm: cargo rides on its back.
- A carrier and what it is carrying are ONE line in that robot's room listing:

    - agent_1  (teammate)  [carrier, carrying box.n.01_1]  -> unload_from

  The cargo has no line of its own and cannot be grasped where it sits.
  unload_from(agent_1) takes it off that carrier's back and into the acting
  robot's hand; load_onto(agent_1) puts what that robot holds onto it. Both
  name the carrier, both need the two robots within reach of each other, and
  unload_from is the only way to get cargo back.
- **A carrier has no arm**, so give it navigate_to and wait and nothing else:
  no grasp, no place, no release, no load_onto or unload_from -- those are done
  *to* it by a robot that does have a hand. Its own section lists its load on
  an "On your back:" line, and it cannot put that down itself. Its job is to
  drive to where an arm is waiting, which is the whole reason a task needs two
  of them.

DRONE -- flies, holds its load under a suction mount, and its base never locks:
it carries what it grasps by itself.
- What a drone may lift is limited. The drone cannot lift the notebook. A
  robot tagged [drone] can grasp and carry the die (die.n.01_1) but NOT the
  notebook (notebook.n.01_1): grasp or unload_from on it fails with
  CANNOT_LIFT, and getting closer does not change that. Only a robot with an
  arm can lift the notebook, so give that leg to an arm; this division of
  labour is what the task is built around.

THIS TEAM'S ROBOTS:
  - ridgeback_1: ARM, base LOCKS while holding (needs a carrier to move cargo)
  - jackal_1: CARRIER (no arm; navigate_to and wait only)
  - drone_1: DRONE (flies, carries what it holds; see the lift table)

WHO MAY LIFT WHAT (this activity):
  - notebook.n.01: arm

## 4. COOPERATION MODE: INDIVIDUAL
Every team plans for itself. No team sends or receives messages; you learn
what the other teams are doing only from what your robots see (a teammate of
another team in the listing, an object held by one of its robots). Do not
wait for others to speak. When another team already holds the cargo, give
your robots something else or wait.
---------------------------------- PROMPT / USER ----------------------------------
=== STEP 2908 ===

## 6. OBSERVATIONS -- TEAM team_1 (3 robots)

THE TEAM'S TASK (the same for every robot), in the ids it is written in:
  Move notebook.n.01_1, in this order, onto: the cabinet in the child's room, the bookcase in the kitchen. Move notebook.n.01_2, in this order, onto: the bookcase in the kitchen, the armchair in the dining room. Move notebook.n.01_3, in this order, onto: the armchair in the dining room, the coffee table in the living room. Move notebook.n.01_4, in this order, onto: the cabinet in the living room, the bed in the bedroom. Move notebook.n.01_5, in this order, onto: the cabinet in the bedroom, the bed in the child's room.
Route S1-M5, carry notebook.n.01_1 through these in order:
  done  C1  ontop(notebook.n.01_1, cabinet.n.01_1)
  NEXT  D   ontop(notebook.n.01_1, bookcase.n.01_1)
Route S1-M3, carry notebook.n.01_2 through these in order:
  it starts ontop(notebook.n.01_2, floor.n.01_3)
  NEXT  C1  ontop(notebook.n.01_2, bookcase.n.01_1)
        D   ontop(notebook.n.01_2, armchair.n.01_1)
Route S1-M2, carry notebook.n.01_3 through these in order:
  it starts ontop(notebook.n.01_3, floor.n.01_2)
  NEXT  C1  ontop(notebook.n.01_3, armchair.n.01_1)
        D   ontop(notebook.n.01_3, coffee_table.n.01_1)
Route S1-M1: complete -- notebook.n.01_4 is at its destination.
Route S1-M4, carry notebook.n.01_5 through these in order:
  it starts ontop(notebook.n.01_5, floor.n.01_4)
  NEXT  C1  ontop(notebook.n.01_5, cabinet.n.01_3)
        D   ontop(notebook.n.01_5, bed.n.01_1)
A support reached out of order does not count, and nothing is lost by it: progress resumes when the NEXT one holds.

=== ROBOT ridgeback_1 ===
Step 2908/8000 | you are ridgeback_1 in childs_room_0 (a childs room)
Rooms in this house (navigate_to any of them): bathroom_0, bedroom_0, childs_room_0, closet_0, closet_1, corridor_0, dining_room_0, empty_room_0, empty_room_1, kitchen_0, living_room_0, staircase_0
Holding: nothing

childs_room_0:
  - bed.n.01_1  -> unreachable, navigate_to  [2.8 m away]
  - cabinet.n.01_1  Open  -> close, grasp, navigate_to  [Open is True]
  - floor.n.01_5  -> navigate_to

Relations:
  ontop(bed.n.01_1, floor.n.01_5)
  ontop(cabinet.n.01_1, floor.n.01_5)
  ontop(ridgeback_1, floor.n.01_5)

=== ROBOT jackal_1 ===
Step 2908/8000 | you are jackal_1 in kitchen_0 (a kitchen)
Rooms in this house (navigate_to any of them): bathroom_0, bedroom_0, childs_room_0, closet_0, closet_1, corridor_0, dining_room_0, empty_room_0, empty_room_1, kitchen_0, living_room_0, staircase_0
On your back: notebook.n.01_1
Holding: nothing

kitchen_0:
  - bookcase.n.01_1  -> navigate_to
  - electric_refrigerator.n.01_1  Open  -> navigate_to
  - floor.n.01_3  -> navigate_to
  - jackal_2  (teammate)  [carrier, empty]
  - notebook.n.01_2  held by ridgeback_2  -> unreachable, navigate_to  [1.7 m away]
  - ridgeback_2  (teammate)  [base locks while holding]

Relations:
  ontop(jackal_1, floor.n.01_3)
  ontop(jackal_2, floor.n.01_3)
  ontop(notebook.n.01_2, ridgeback_2)
  ontop(ridgeback_2, floor.n.01_3)
  under(jackal_1, notebook.n.01_1)

=== ROBOT drone_1 ===
Step 2908/8000 | you are drone_1 (drone) in living_room_0 (a living room)
Rooms in this house (navigate_to any of them): bathroom_0, bedroom_0, childs_room_0, closet_0, closet_1, corridor_0, dining_room_0, empty_room_0, empty_room_1, kitchen_0, living_room_0, staircase_0
Holding: nothing

living_room_0:
  - cabinet.n.01_2  Open  -> unreachable, navigate_to  [3.2 m away]
  - coffee_table.n.01_1  -> grasp, navigate_to
  - drone_2  (teammate)  [drone]
  - drone_3  (teammate)  [drone]
  - floor.n.01_1  -> navigate_to

Relations:
  ontop(cabinet.n.01_2, floor.n.01_1)
  ontop(coffee_table.n.01_1, floor.n.01_1)

## 9. ACTION HISTORY AND FAILURES
--- ridgeback_1 ---
Its current plan: ontop(notebook.n.01_1, bookcase.n.01_1) [failed]
YOUR FINISHED PLANS (most recent last):
  #6 [FAILED] ontop(notebook.n.01_1, cabinet.n.01_1)
      plan: navigate_to(notebook.n.01_1) -> grasp(notebook.n.01_1) -> load_onto(jackal_1) -> navigate_to(jackal_1) -> unload_from(jackal_1) -> place_on_top(cabinet.n.01_1)
      you chose it because: I handle notebook.n.01_1 because only an arm can lift it. I load it onto jackal_1 for transport, then reclaim and place it on the first required support.
      it failed because: load_onto: PRE_CONDITION_ERROR: You are 6.73 m from jackal_1, too far to load onto it (you must be within 1.55 m). Navigate to it first.. Additional info: {'target object': 'jackal_1', 'distance': ...
  #8 [DONE] ontop(notebook.n.01_1, cabinet.n.01_1)
      plan: wait(200) -> load_onto(jackal_1) -> wait(300) -> unload_from(jackal_1) -> place_on_top(cabinet.n.01_1)
      you chose it because: Ridgeback already holds notebook.n.01_1 but its base is locked. It waits for jackal_1 to approach, loads the notebook onto the carrier, then reclaims and places it on cabinet.n.01_1 after transport.
  #10 [FAILED] ontop(notebook.n.01_1, bookcase.n.01_1)
      plan: grasp(notebook.n.01_1) -> load_onto(jackal_1) -> wait(600) -> unload_from(jackal_1) -> place_on_top(bookcase.n.01_1)
      you chose it because: I reclaim notebook.n.01_1 from the cabinet, load it onto the nearby carrier, then wait during transport and place it on the next required support, the kitchen bookcase.
      it failed because: unload_from: PRE_CONDITION_ERROR: You are 3.99 m from jackal_1, too far to unload from it (you must be within 1.68 m). Navigate to it first.. Additional info: {'target object': 'jackal_1', 'distanc...

--- jackal_1 ---
Its current plan: wait_for_team(team_1) [interrupted]
YOUR FINISHED PLANS (most recent last):
  #6 [FAILED] ontop(notebook.n.01_1, cabinet.n.01_1)
      plan: navigate_to(notebook.n.01_1) -> wait(80) -> navigate_to(cabinet.n.01_1) -> place_on_top(cabinet.n.01_1)
      you chose it because: I serve as the carrier for ridgeback_1, meeting it at notebook.n.01_1 and transporting the loaded notebook to cabinet.n.01_1.
      it failed because: place_on_top: An error occurred during each attempt of this action. Attempt 0: PRE_CONDITION_ERROR: You have no arm, so you cannot place onto. You can navigate_to and wait. Cargo is put on your bac...
  #8 [FAILED] ontop(notebook.n.01_1, cabinet.n.01_1)
      plan: navigate_to(ridgeback_1) -> wait(250) -> navigate_to(cabinet.n.01_1) -> place_on_top(cabinet.n.01_1)
      you chose it because: Jackal_1 approaches the loaded ridgeback_1 closely enough for the handoff, waits for loading, and then carries the notebook to the required cabinet. As a carrier it does not attempt placement.
      it failed because: place_on_top: An error occurred during each attempt of this action. Attempt 0: PRE_CONDITION_ERROR: You have no arm, so you cannot place onto. You can navigate_to and wait. Cargo is put on your bac...
  #10 [FAILED] ontop(notebook.n.01_1, bookcase.n.01_1)
      plan: wait(100) -> navigate_to(bookcase.n.01_1) -> place_on_top(bookcase.n.01_1)
      you chose it because: I remain nearby long enough for ridgeback_1 to load the notebook, then carry it directly to the required bookcase. As a carrier, I do not attempt placement.
      it failed because: place_on_top: An error occurred during each attempt of this action. Attempt 0: PRE_CONDITION_ERROR: You have no arm, so you cannot place onto. You can navigate_to and wait. Cargo is put on your bac...

--- drone_1 ---
Its current plan: wait_for_team(team_1) [interrupted]
YOUR FINISHED PLANS (most recent last):
  #3 [DONE] ontop(notebook.n.01_1, cabinet.n.01_1)
      plan: wait(600)
      you chose it because: I cannot lift notebooks, and notebook.n.01_4 is held by another team's arm. I wait rather than interfere with either exclusive cargo.
  #4 [DONE] ontop(notebook.n.01_1, cabinet.n.01_1)
      plan: wait(600)
      you chose it because: Drone_1 cannot lift notebooks and is not needed for this arm-and-carrier transfer, so it waits without contesting the exclusive cargo.
  #5 [DONE] ontop(notebook.n.01_1, bookcase.n.01_1)
      plan: wait(600)
      you chose it because: I cannot lift notebooks, so I stay clear while ridgeback_1 and jackal_1 execute the arm-and-carrier transfer.

Return exactly 3 plans, one per robot, using each robot's own ids. Say in `reasoning` how you divided the work.
-------------------------------------- COMPLETION --------------------------------------
  plans:
    [1]
      agent_id: ridgeback_1
      task:
        task: Task.ONTOP
        object_type: notebook.n.01_1
        object_id: 1
        reference: bookcase.n.01_1
      actions:
        [1]
          action_type: navigate_to
          target: jackal_1
        [2]
          action_type: unload_from
          target: jackal_1
        [3]
          action_type: navigate_to
          target: bookcase.n.01_1
        [4]
          action_type: place_on_top
          target: bookcase.n.01_1
      reasoning: Ridgeback must reclaim notebook.n.01_1 from the carrier at close range, then carry it unlocked to the kitchen bookcase and place it on the next required support.
    [2]
      agent_id: jackal_1
      task:
        task: Task.ONTOP
        object_type: notebook.n.01_1
        object_id: 1
        reference: bookcase.n.01_1
      actions:
        [1]
          action_type: wait
          ticks: 500
      reasoning: Jackal is already carrying notebook.n.01_1 in the kitchen. It waits in place so ridgeback_1 can navigate to it and unload the notebook; only the arm can perform the final placement.
    [3]
      agent_id: drone_1
      task:
        task: Task.ONTOP
        object_type: notebook.n.01_3
        object_id: 1
        reference: coffee_table.n.01_1
      actions:
        [1]
          action_type: wait
          ticks: 500
      reasoning: Drone_1 cannot lift notebooks, and the available notebook is already exclusively held by ridgeback_1 via jackal_1. It waits rather than contesting the active transfer.
  reasoning: Ridgeback handles the required arm-only reclaim and placement of notebook.n.01_1, while jackal remains stationary as the carrier for a close handoff. The drone cannot lift notebooks, so it waits and avoids interfering.
====================================================================================================
#19  ridgeback_3  env_step 3288  t=468.93s  Team Plan Generation [team_3]
  usage: 8245 tokens (prompt 6873, completion 1372)
---------------------------------- PROMPT / SYSTEM ----------------------------------
## 1. YOUR ROLE
You command TEAM 'team_3' -- 3 robots (ridgeback_3, jackal_3, drone_3) -- in a multi-agent
cooperative household task, alongside other teams doing the same. You are the
TEAM CONTROLLER: you are given all 3 robots' observations in one call and
answer with one plan per robot, in that same call.

- Divide the work. Two robots sent to the same object waste one of them: the
  loser burns the whole trip and its grasp fails with OBJECT_CLAIMED.
- Your robots start their plans together and you are not asked again until
  every one of them has finished. A robot that finishes early holds position
  and does nothing useful, so plans of wildly different lengths waste the
  short ones.
- Other teams are driven by their own controllers, not by you. You coordinate
  with them only through the messages quoted in this prompt.
- At the end of the prompt are each robot's last few plans, with their
  actions and how each ended, and the messages this team has sent and
  received. A plan that failed for a reason that still holds will fail the
  same way again, and a question you already asked has its answer in the
  record.

PLAN RESPONSE:
- Return a structured plan for EVERY robot listed above, one each, tagged with
  that robot's agent_id.
- Give each robot one task and at most 6 actions; 3-6 short
  executable actions are usually enough.
- Use exact item_id values from that robot's own section of the prompt.
- Say in the team-level `reasoning` how you divided the work between them.

## 2. ENVIRONMENT RULES
Your robots act through high-level primitives, not joint commands. Each one
takes many simulation steps: driving across a room costs 30 ticks per metre, so
distance is the main cost you control. None of them can see -- each is given a
symbolic description of the room it is standing in, and only that room, and
those descriptions are listed below one robot at a time.

Rules that decide whether an action succeeds:
- To grasp, place, open or toggle an object a robot must be closer to it than
  that object's own distance threshold; beyond it the action fails with TOO_FAR.
  Each object in a robot's room listing carries what that robot can do to it
  after "->", and a distance in metres ONLY when it is out of range -- no
  distance means that robot is already close enough to act on it now.
- An out-of-range object is marked "unreachable" and offers navigate_to and
  NOTHING else. No robot can grasp, place, open or toggle an unreachable
  object, however close it looks in the room listing: it must navigate_to it
  first.
- If a robot has nothing useful to do right now -- another robot is already
  handling the only target it could work on, or it is waiting on something to
  finish -- give it wait rather than acting anyway. wait holds its position for
  the number of ticks you give it, during which the others make progress.
- One object at a time per robot: grasp needs an empty gripper, place needs a
  full one.
- Objects are exclusive, including between your own robots. If anyone is
  holding something, a grasp for it fails with "held by <agent>". Sending two
  robots after one target costs the loser the whole trip for nothing.
- Some tasks are a route: THE TEAM'S TASK lists supports the cargo must rest on
  in order, marked done / NEXT. Only the NEXT support counts when the cargo is
  placed on it; a support reached out of order does not count and costs
  nothing -- progress resumes when NEXT holds. Progress is judged on where the
  cargo rests, not on what a robot intended.
- Every id in THE TEAM'S TASK is a valid navigate_to target for any robot from
  ANY room, even when it is not in that robot's listing: navigate_to(<that id>)
  drives it there, through the house, and its next listing shows that room.
  That is how a robot changes rooms. The cargo is where the task says it
  starts (or on the last support marked done) -- send a robot there; it will
  not be found where the robots stand.
- The line "Rooms in this house" names every room. navigate_to(<room name>)
  drives a robot to a free spot inside that room, so it can reach a room whose
  objects it cannot name yet, or go and look for something.
- Refer to objects only by the ids in that robot's own room listing, which are
  the objects in the room it is standing in. They look like apple.n.01_1. Never
  invent one, and never give one robot an id that appeared only under another
  robot -- it is in a room that robot cannot see.
- An entry marked "blocked" is in that room but currently unavailable -- the
  bracketed note says why.

When an action fails, that robot's plan is abandoned. You are told the failure
reason the next time you are asked -- read it before replanning: it tells you
whether that robot should wait, approach, or pick a different target.

## 3. ROBOT CAPABILITIES
Three kinds of robot. A robot's kind is on its own header ("(drone)") and on
its line in a teammate's listing ("[carrier, ...]", "[base locks while
holding]", "[drone]").

ARM -- a robot with a gripper: grasp, place_on_top, release, open/close,
toggle, load_onto, unload_from, navigate_to, wait.
- Some arms' bases LOCK while the gripper is loaded, and navigate_to then fails
  with BASE_LOCKED; such a robot cannot deliver what it picks up. Have it load
  the object onto a carrier robot with load_onto, let the carrier drive, and
  have an arm take it back at the far end with unload_from. Both actions name
  the *carrier* as their target and need the two robots within reach of each
  other. This is a division of labour, not a detour: it is why a task can need
  more than one of your robots.
- ONLY a robot marked [base locks while holding] needs a carrier. Any other
  robot that can grasp -- a drone, an unmarked arm -- carries what it holds by
  itself: grasp, navigate_to the support, place_on_top, done. A drone that can
  lift the cargo needs nobody: routing its cargo through a carrier and back is
  a detour that costs two extra actions and a round of waiting for nothing.
  Use the carrier for the base-locked robot's legs, and only for those.

CARRIER -- a robot with no arm: cargo rides on its back.
- A carrier and what it is carrying are ONE line in that robot's room listing:

    - agent_1  (teammate)  [carrier, carrying box.n.01_1]  -> unload_from

  The cargo has no line of its own and cannot be grasped where it sits.
  unload_from(agent_1) takes it off that carrier's back and into the acting
  robot's hand; load_onto(agent_1) puts what that robot holds onto it. Both
  name the carrier, both need the two robots within reach of each other, and
  unload_from is the only way to get cargo back.
- **A carrier has no arm**, so give it navigate_to and wait and nothing else:
  no grasp, no place, no release, no load_onto or unload_from -- those are done
  *to* it by a robot that does have a hand. Its own section lists its load on
  an "On your back:" line, and it cannot put that down itself. Its job is to
  drive to where an arm is waiting, which is the whole reason a task needs two
  of them.

DRONE -- flies, holds its load under a suction mount, and its base never locks:
it carries what it grasps by itself.
- What a drone may lift is limited. The drone cannot lift the notebook. A
  robot tagged [drone] can grasp and carry the die (die.n.01_1) but NOT the
  notebook (notebook.n.01_1): grasp or unload_from on it fails with
  CANNOT_LIFT, and getting closer does not change that. Only a robot with an
  arm can lift the notebook, so give that leg to an arm; this division of
  labour is what the task is built around.

THIS TEAM'S ROBOTS:
  - ridgeback_3: ARM, base LOCKS while holding (needs a carrier to move cargo)
  - jackal_3: CARRIER (no arm; navigate_to and wait only)
  - drone_3: DRONE (flies, carries what it holds; see the lift table)

WHO MAY LIFT WHAT (this activity):
  - notebook.n.01: arm

## 4. COOPERATION MODE: INDIVIDUAL
Every team plans for itself. No team sends or receives messages; you learn
what the other teams are doing only from what your robots see (a teammate of
another team in the listing, an object held by one of its robots). Do not
wait for others to speak. When another team already holds the cargo, give
your robots something else or wait.
---------------------------------- PROMPT / USER ----------------------------------
=== STEP 3288 ===

## 6. OBSERVATIONS -- TEAM team_3 (3 robots)

THE TEAM'S TASK (the same for every robot), in the ids it is written in:
  Move notebook.n.01_1, in this order, onto: the cabinet in the child's room, the bookcase in the kitchen. Move notebook.n.01_2, in this order, onto: the bookcase in the kitchen, the armchair in the dining room. Move notebook.n.01_3, in this order, onto: the armchair in the dining room, the coffee table in the living room. Move notebook.n.01_4, in this order, onto: the cabinet in the living room, the bed in the bedroom. Move notebook.n.01_5, in this order, onto: the cabinet in the bedroom, the bed in the child's room.
Route S1-M5, carry notebook.n.01_1 through these in order:
  done  C1  ontop(notebook.n.01_1, cabinet.n.01_1)
  NEXT  D   ontop(notebook.n.01_1, bookcase.n.01_1)
Route S1-M3, carry notebook.n.01_2 through these in order:
  it starts ontop(notebook.n.01_2, floor.n.01_3)
  NEXT  C1  ontop(notebook.n.01_2, bookcase.n.01_1)
        D   ontop(notebook.n.01_2, armchair.n.01_1)
Route S1-M2, carry notebook.n.01_3 through these in order:
  it starts ontop(notebook.n.01_3, floor.n.01_2)
  NEXT  C1  ontop(notebook.n.01_3, armchair.n.01_1)
        D   ontop(notebook.n.01_3, coffee_table.n.01_1)
Route S1-M1: complete -- notebook.n.01_4 is at its destination.
Route S1-M4, carry notebook.n.01_5 through these in order:
  it starts ontop(notebook.n.01_5, floor.n.01_4)
  NEXT  C1  ontop(notebook.n.01_5, cabinet.n.01_3)
        D   ontop(notebook.n.01_5, bed.n.01_1)
A support reached out of order does not count, and nothing is lost by it: progress resumes when the NEXT one holds.

=== ROBOT ridgeback_3 ===
Step 3288/8000 | you are ridgeback_3 in bedroom_0 (a bedroom)
Rooms in this house (navigate_to any of them): bathroom_0, bedroom_0, childs_room_0, closet_0, closet_1, corridor_0, dining_room_0, empty_room_0, empty_room_1, kitchen_0, living_room_0, staircase_0
Holding: notebook.n.01_5 (notebook)  [your base is locked while loaded: no navigate_to]

bedroom_0:
  - bed.n.01_2  -> place_on_top  [places notebook.n.01_5]
  - cabinet.n.01_3  -> unreachable  [too far (2.5 m) -- and your base is locked while you hold notebook.n.01_5]
  - floor.n.01_4  -> place_on_top  [places notebook.n.01_5]
  - jackal_3  (teammate)  [carrier, empty]  -> load_onto
  - notebook.n.01_4  -> unreachable  [too far (1.2 m) -- and your base is locked while you hold notebook.n.01_5]
  - notebook.n.01_5  held by ridgeback_3  -> release  [drops what you hold]

Relations:
  ontop(bed.n.01_2, floor.n.01_4)
  ontop(cabinet.n.01_3, floor.n.01_4)
  ontop(jackal_3, floor.n.01_4)
  ontop(notebook.n.01_4, bed.n.01_2)
  ontop(notebook.n.01_5, ridgeback_3)
  ontop(ridgeback_3, floor.n.01_4)
  under(floor.n.01_4, bed.n.01_2)

=== ROBOT jackal_3 ===
Step 3288/8000 | you are jackal_3 in bedroom_0 (a bedroom)
Rooms in this house (navigate_to any of them): bathroom_0, bedroom_0, childs_room_0, closet_0, closet_1, corridor_0, dining_room_0, empty_room_0, empty_room_1, kitchen_0, living_room_0, staircase_0
Holding: nothing

bedroom_0:
  - bed.n.01_2  -> navigate_to
  - cabinet.n.01_3  -> navigate_to
  - floor.n.01_4  -> navigate_to
  - notebook.n.01_4  -> unreachable, navigate_to  [1.4 m away]
  - notebook.n.01_5  held by ridgeback_3  -> navigate_to
  - ridgeback_3  (teammate)  [base locks while holding]

Relations:
  ontop(bed.n.01_2, floor.n.01_4)
  ontop(cabinet.n.01_3, floor.n.01_4)
  ontop(jackal_3, floor.n.01_4)
  ontop(notebook.n.01_4, bed.n.01_2)
  ontop(notebook.n.01_5, ridgeback_3)
  ontop(ridgeback_3, floor.n.01_4)
  under(floor.n.01_4, bed.n.01_2)

=== ROBOT drone_3 ===
Step 3288/8000 | you are drone_3 (drone) in living_room_0 (a living room)
Rooms in this house (navigate_to any of them): bathroom_0, bedroom_0, childs_room_0, closet_0, closet_1, corridor_0, dining_room_0, empty_room_0, empty_room_1, kitchen_0, living_room_0, staircase_0
Holding: nothing

living_room_0:
  - cabinet.n.01_2  Open  -> unreachable, navigate_to  [2.6 m away]
  - coffee_table.n.01_1  -> grasp, navigate_to
  - drone_1  (teammate)  [drone]
  - drone_2  (teammate)  [drone]
  - floor.n.01_1  -> navigate_to

Relations:
  ontop(cabinet.n.01_2, floor.n.01_1)
  ontop(coffee_table.n.01_1, floor.n.01_1)

## 9. ACTION HISTORY AND FAILURES
--- ridgeback_3 ---
Its current plan: wait_for_team(team_3) [interrupted]
YOUR FINISHED PLANS (most recent last):
  #7 [FAILED] ontop(notebook.n.01_5, cabinet.n.01_3)
      plan: wait(500) -> unload_from(jackal_3) -> release() -> navigate_to(cabinet.n.01_3) -> grasp(notebook.n.01_5) -> place_on_top(cabinet.n.01_3)
      you chose it because: Notebook 5 is already held, so wait while jackal_3 comes to the bedroom. Unload and temporarily release it, then move empty to the cabinet, regrasp it, and place it on the required first support.
      it failed because: unload_from: PRE_CONDITION_ERROR: You are 1.74 m from jackal_3, too far to unload from it (you must be within 1.69 m). Navigate to it first.. Additional info: {'target object': 'jackal_3', 'distanc...
  #9 [FAILED] ontop(notebook.n.01_5, cabinet.n.01_3)
      plan: wait(250) -> load_onto(jackal_3) -> wait(600) -> unload_from(jackal_3) -> place_on_top(cabinet.n.01_3)
      you chose it because: Notebook 5 is already held. Wait for jackal_3 to approach, load the notebook onto the carrier, then unload and place it on the required cabinet after transport.
      it failed because: place_on_top: An error occurred during each attempt of this action. Attempt 0: PRE_CONDITION_ERROR: You are 2.49 m from bottom_cabinet_jrhgeu_0, too far to place onto it (you must be within 1.52 m)...
  #11 [FAILED] ontop(notebook.n.01_5, cabinet.n.01_3)
      plan: load_onto(jackal_3) -> wait(500) -> unload_from(jackal_3) -> navigate_to(cabinet.n.01_3) -> place_on_top(cabinet.n.01_3)
      you chose it because: Notebook 5 is already held and jackal_3 is now within loading range. Load it onto the carrier; jackal_3 will take it to the cabinet and return so I can unload, approach the cabinet, and place it.
      it failed because: navigate_to: An error occurred during each attempt of this action. Attempt 0: PRE_CONDITION_ERROR: You cannot drive while holding notebook_154: your base is locked whenever your arm is loaded. Put ...

--- jackal_3 ---
Its current plan: wait_for_team(team_3) [interrupted]
YOUR FINISHED PLANS (most recent last):
  #8 [FAILED] ontop(notebook.n.01_5, cabinet.n.01_3)
      plan: navigate_to(bedroom_0) -> wait(600) -> place_on_top(cabinet.n.01_3)
      you chose it because: Act as the carrier for ridgeback_3. Travel from the living room to the bedroom and hold position so ridgeback_3 can unload notebook 5.
      it failed because: place_on_top: An error occurred during each attempt of this action. Attempt 0: PRE_CONDITION_ERROR: You have no arm, so you cannot place onto. You can navigate_to and wait. Cargo is put on your bac...
  #9 [FAILED] ontop(notebook.n.01_5, cabinet.n.01_3)
      plan: navigate_to(ridgeback_3) -> wait(300) -> navigate_to(cabinet.n.01_3) -> wait(600) -> place_on_top(cabinet.n.01_3)
      you chose it because: Jackal_3 is the carrier for the base-locked ridgeback. It approaches ridgeback_3 for loading, transports the notebook to cabinet.n.01_3, and waits there for unloading.
      it failed because: place_on_top: An error occurred during each attempt of this action. Attempt 0: PRE_CONDITION_ERROR: You have no arm, so you cannot place onto. You can navigate_to and wait. Cargo is put on your bac...
  #10 [FAILED] ontop(notebook.n.01_5, cabinet.n.01_3)
      plan: wait(100) -> navigate_to(cabinet.n.01_3) -> navigate_to(ridgeback_3) -> place_on_top(cabinet.n.01_3)
      you chose it because: Act only as the carrier for the base-locked ridgeback: allow loading to complete, drive the notebook to the required cabinet, then return within unload range of ridgeback_3.
      it failed because: place_on_top: An error occurred during each attempt of this action. Attempt 0: PRE_CONDITION_ERROR: You have no arm, so you cannot place onto. You can navigate_to and wait. Cargo is put on your bac...

--- drone_3 ---
Its current plan: ontop(notebook.n.01_5, cabinet.n.01_3) [success]
YOUR FINISHED PLANS (most recent last):
  #5 [DONE] ontop(notebook.n.01_5, cabinet.n.01_3)
      plan: wait(100)
      you chose it because: The notebook requires an arm and is already held by ridgeback_3; remain idle without competing for the cargo.
  #7 [DONE] ontop(notebook.n.01_5, cabinet.n.01_3)
      plan: wait(100)
      you chose it because: The drone cannot lift notebooks and should not contest the active arm-and-carrier operation, so it remains idle.
  #9 [DONE] ontop(notebook.n.01_5, cabinet.n.01_3)
      plan: wait(600)
      you chose it because: The active notebook requires an arm and is already held by ridgeback_3; remain idle rather than competing for it.

Return exactly 3 plans, one per robot, using each robot's own ids. Say in `reasoning` how you divided the work.
-------------------------------------- COMPLETION --------------------------------------
  plans:
    [1]
      agent_id: ridgeback_3
      task:
        task: Task.ONTOP
        object_type: notebook.n.01_5
        object_id: 1
        reference: cabinet.n.01_3
      actions:
        [1]
          action_type: wait
          ticks: 500
        [2]
          action_type: load_onto
          target: jackal_3
        [3]
          action_type: wait
          ticks: 100
        [4]
          action_type: wait
          ticks: 100
        [5]
          action_type: wait
          ticks: 100
        [6]
          action_type: wait
          ticks: 100
      reasoning: Ridgeback must transfer the held notebook to jackal_3 because its base locks while holding. After loading, jackal_3 will transport it to the cabinet; this plan pauses while that transport occurs.
    [2]
      agent_id: jackal_3
      task:
        task: Task.ONTOP
        object_type: notebook.n.01_5
        object_id: 1
        reference: cabinet.n.01_3
      actions:
        [1]
          action_type: navigate_to
          target: ridgeback_3
        [2]
          action_type: wait
          ticks: 600
        [3]
          action_type: navigate_to
          target: cabinet.n.01_3
        [4]
          action_type: wait
          ticks: 300
        [5]
          action_type: navigate_to
          target: ridgeback_3
      reasoning: Jackal_3 is the carrier: approach ridgeback for loading, carry notebook 5 to cabinet.n.01_3, then return to ridgeback so it can unload and place the notebook.
    [3]
      agent_id: drone_3
      task:
        task: Task.ONTOP
        object_type: notebook.n.01_5
        object_id: 1
        reference: cabinet.n.01_3
      actions:
        [1]
          action_type: wait
          ticks: 150
      reasoning: The active cargo is a notebook, which the drone cannot lift. It waits without competing while ridgeback and jackal perform the arm-and-carrier transfer.
  reasoning: Ridgeback_3 owns the notebook placement but must use jackal_3 because its base locks while holding. Jackal transports the notebook to the required cabinet and returns for unloading; drone_3 remains idle because it cannot lift notebooks.
====================================================================================================
#20  ridgeback_1  env_step 3409  t=488.157s  Team Plan Generation [team_1]
  usage: 7657 tokens (prompt 6743, completion 914)
---------------------------------- PROMPT / SYSTEM ----------------------------------
## 1. YOUR ROLE
You command TEAM 'team_1' -- 3 robots (ridgeback_1, jackal_1, drone_1) -- in a multi-agent
cooperative household task, alongside other teams doing the same. You are the
TEAM CONTROLLER: you are given all 3 robots' observations in one call and
answer with one plan per robot, in that same call.

- Divide the work. Two robots sent to the same object waste one of them: the
  loser burns the whole trip and its grasp fails with OBJECT_CLAIMED.
- Your robots start their plans together and you are not asked again until
  every one of them has finished. A robot that finishes early holds position
  and does nothing useful, so plans of wildly different lengths waste the
  short ones.
- Other teams are driven by their own controllers, not by you. You coordinate
  with them only through the messages quoted in this prompt.
- At the end of the prompt are each robot's last few plans, with their
  actions and how each ended, and the messages this team has sent and
  received. A plan that failed for a reason that still holds will fail the
  same way again, and a question you already asked has its answer in the
  record.

PLAN RESPONSE:
- Return a structured plan for EVERY robot listed above, one each, tagged with
  that robot's agent_id.
- Give each robot one task and at most 6 actions; 3-6 short
  executable actions are usually enough.
- Use exact item_id values from that robot's own section of the prompt.
- Say in the team-level `reasoning` how you divided the work between them.

## 2. ENVIRONMENT RULES
Your robots act through high-level primitives, not joint commands. Each one
takes many simulation steps: driving across a room costs 30 ticks per metre, so
distance is the main cost you control. None of them can see -- each is given a
symbolic description of the room it is standing in, and only that room, and
those descriptions are listed below one robot at a time.

Rules that decide whether an action succeeds:
- To grasp, place, open or toggle an object a robot must be closer to it than
  that object's own distance threshold; beyond it the action fails with TOO_FAR.
  Each object in a robot's room listing carries what that robot can do to it
  after "->", and a distance in metres ONLY when it is out of range -- no
  distance means that robot is already close enough to act on it now.
- An out-of-range object is marked "unreachable" and offers navigate_to and
  NOTHING else. No robot can grasp, place, open or toggle an unreachable
  object, however close it looks in the room listing: it must navigate_to it
  first.
- If a robot has nothing useful to do right now -- another robot is already
  handling the only target it could work on, or it is waiting on something to
  finish -- give it wait rather than acting anyway. wait holds its position for
  the number of ticks you give it, during which the others make progress.
- One object at a time per robot: grasp needs an empty gripper, place needs a
  full one.
- Objects are exclusive, including between your own robots. If anyone is
  holding something, a grasp for it fails with "held by <agent>". Sending two
  robots after one target costs the loser the whole trip for nothing.
- Some tasks are a route: THE TEAM'S TASK lists supports the cargo must rest on
  in order, marked done / NEXT. Only the NEXT support counts when the cargo is
  placed on it; a support reached out of order does not count and costs
  nothing -- progress resumes when NEXT holds. Progress is judged on where the
  cargo rests, not on what a robot intended.
- Every id in THE TEAM'S TASK is a valid navigate_to target for any robot from
  ANY room, even when it is not in that robot's listing: navigate_to(<that id>)
  drives it there, through the house, and its next listing shows that room.
  That is how a robot changes rooms. The cargo is where the task says it
  starts (or on the last support marked done) -- send a robot there; it will
  not be found where the robots stand.
- The line "Rooms in this house" names every room. navigate_to(<room name>)
  drives a robot to a free spot inside that room, so it can reach a room whose
  objects it cannot name yet, or go and look for something.
- Refer to objects only by the ids in that robot's own room listing, which are
  the objects in the room it is standing in. They look like apple.n.01_1. Never
  invent one, and never give one robot an id that appeared only under another
  robot -- it is in a room that robot cannot see.
- An entry marked "blocked" is in that room but currently unavailable -- the
  bracketed note says why.

When an action fails, that robot's plan is abandoned. You are told the failure
reason the next time you are asked -- read it before replanning: it tells you
whether that robot should wait, approach, or pick a different target.

## 3. ROBOT CAPABILITIES
Three kinds of robot. A robot's kind is on its own header ("(drone)") and on
its line in a teammate's listing ("[carrier, ...]", "[base locks while
holding]", "[drone]").

ARM -- a robot with a gripper: grasp, place_on_top, release, open/close,
toggle, load_onto, unload_from, navigate_to, wait.
- Some arms' bases LOCK while the gripper is loaded, and navigate_to then fails
  with BASE_LOCKED; such a robot cannot deliver what it picks up. Have it load
  the object onto a carrier robot with load_onto, let the carrier drive, and
  have an arm take it back at the far end with unload_from. Both actions name
  the *carrier* as their target and need the two robots within reach of each
  other. This is a division of labour, not a detour: it is why a task can need
  more than one of your robots.
- ONLY a robot marked [base locks while holding] needs a carrier. Any other
  robot that can grasp -- a drone, an unmarked arm -- carries what it holds by
  itself: grasp, navigate_to the support, place_on_top, done. A drone that can
  lift the cargo needs nobody: routing its cargo through a carrier and back is
  a detour that costs two extra actions and a round of waiting for nothing.
  Use the carrier for the base-locked robot's legs, and only for those.

CARRIER -- a robot with no arm: cargo rides on its back.
- A carrier and what it is carrying are ONE line in that robot's room listing:

    - agent_1  (teammate)  [carrier, carrying box.n.01_1]  -> unload_from

  The cargo has no line of its own and cannot be grasped where it sits.
  unload_from(agent_1) takes it off that carrier's back and into the acting
  robot's hand; load_onto(agent_1) puts what that robot holds onto it. Both
  name the carrier, both need the two robots within reach of each other, and
  unload_from is the only way to get cargo back.
- **A carrier has no arm**, so give it navigate_to and wait and nothing else:
  no grasp, no place, no release, no load_onto or unload_from -- those are done
  *to* it by a robot that does have a hand. Its own section lists its load on
  an "On your back:" line, and it cannot put that down itself. Its job is to
  drive to where an arm is waiting, which is the whole reason a task needs two
  of them.

DRONE -- flies, holds its load under a suction mount, and its base never locks:
it carries what it grasps by itself.
- What a drone may lift is limited. The drone cannot lift the notebook. A
  robot tagged [drone] can grasp and carry the die (die.n.01_1) but NOT the
  notebook (notebook.n.01_1): grasp or unload_from on it fails with
  CANNOT_LIFT, and getting closer does not change that. Only a robot with an
  arm can lift the notebook, so give that leg to an arm; this division of
  labour is what the task is built around.

THIS TEAM'S ROBOTS:
  - ridgeback_1: ARM, base LOCKS while holding (needs a carrier to move cargo)
  - jackal_1: CARRIER (no arm; navigate_to and wait only)
  - drone_1: DRONE (flies, carries what it holds; see the lift table)

WHO MAY LIFT WHAT (this activity):
  - notebook.n.01: arm

## 4. COOPERATION MODE: INDIVIDUAL
Every team plans for itself. No team sends or receives messages; you learn
what the other teams are doing only from what your robots see (a teammate of
another team in the listing, an object held by one of its robots). Do not
wait for others to speak. When another team already holds the cargo, give
your robots something else or wait.
---------------------------------- PROMPT / USER ----------------------------------
=== STEP 3409 ===

## 6. OBSERVATIONS -- TEAM team_1 (3 robots)

THE TEAM'S TASK (the same for every robot), in the ids it is written in:
  Move notebook.n.01_1, in this order, onto: the cabinet in the child's room, the bookcase in the kitchen. Move notebook.n.01_2, in this order, onto: the bookcase in the kitchen, the armchair in the dining room. Move notebook.n.01_3, in this order, onto: the armchair in the dining room, the coffee table in the living room. Move notebook.n.01_4, in this order, onto: the cabinet in the living room, the bed in the bedroom. Move notebook.n.01_5, in this order, onto: the cabinet in the bedroom, the bed in the child's room.
Route S1-M5, carry notebook.n.01_1 through these in order:
  done  C1  ontop(notebook.n.01_1, cabinet.n.01_1)
  NEXT  D   ontop(notebook.n.01_1, bookcase.n.01_1)
Route S1-M3, carry notebook.n.01_2 through these in order:
  it starts ontop(notebook.n.01_2, floor.n.01_3)
  NEXT  C1  ontop(notebook.n.01_2, bookcase.n.01_1)
        D   ontop(notebook.n.01_2, armchair.n.01_1)
Route S1-M2, carry notebook.n.01_3 through these in order:
  it starts ontop(notebook.n.01_3, floor.n.01_2)
  NEXT  C1  ontop(notebook.n.01_3, armchair.n.01_1)
        D   ontop(notebook.n.01_3, coffee_table.n.01_1)
Route S1-M1: complete -- notebook.n.01_4 is at its destination.
Route S1-M4, carry notebook.n.01_5 through these in order:
  it starts ontop(notebook.n.01_5, floor.n.01_4)
  NEXT  C1  ontop(notebook.n.01_5, cabinet.n.01_3)
        D   ontop(notebook.n.01_5, bed.n.01_1)
A support reached out of order does not count, and nothing is lost by it: progress resumes when the NEXT one holds.

=== ROBOT ridgeback_1 ===
Step 3409/8000 | you are ridgeback_1 in kitchen_0 (a kitchen)
Rooms in this house (navigate_to any of them): bathroom_0, bedroom_0, childs_room_0, closet_0, closet_1, corridor_0, dining_room_0, empty_room_0, empty_room_1, kitchen_0, living_room_0, staircase_0
Holding: notebook.n.01_1 (notebook)  [your base is locked while loaded: no navigate_to]

kitchen_0:
  - bookcase.n.01_1  -> place_inside, place_on_top  [places notebook.n.01_1]
  - electric_refrigerator.n.01_1  Open  -> unreachable  [too far (1.9 m) -- and your base is locked while you hold notebook.n.01_1]
  - floor.n.01_3  -> place_on_top  [places notebook.n.01_1]
  - jackal_1  (teammate)  [carrier, empty]  -> load_onto
  - jackal_2  (teammate)  [carrier, carrying notebook.n.01_2]  -> unreachable  [too far (2.6 m) -- and your base is locked]
  - notebook.n.01_1  held by ridgeback_1  -> release  [drops what you hold]
  - ridgeback_2  (teammate)  [base locks while holding]

Relations:
  ontop(jackal_1, floor.n.01_3)
  ontop(jackal_2, floor.n.01_3)
  ontop(notebook.n.01_1, ridgeback_1)
  ontop(ridgeback_1, floor.n.01_3)
  ontop(ridgeback_2, floor.n.01_3)
  under(jackal_2, notebook.n.01_2)

=== ROBOT jackal_1 ===
Step 3409/8000 | you are jackal_1 in kitchen_0 (a kitchen)
Rooms in this house (navigate_to any of them): bathroom_0, bedroom_0, childs_room_0, closet_0, closet_1, corridor_0, dining_room_0, empty_room_0, empty_room_1, kitchen_0, living_room_0, staircase_0
Holding: nothing

kitchen_0:
  - bookcase.n.01_1  -> navigate_to
  - electric_refrigerator.n.01_1  Open  -> navigate_to
  - floor.n.01_3  -> navigate_to
  - jackal_2  (teammate)  [carrier, carrying notebook.n.01_2]
  - notebook.n.01_1  held by ridgeback_1  -> navigate_to
  - ridgeback_1  (teammate)  [base locks while holding]
  - ridgeback_2  (teammate)  [base locks while holding]

Relations:
  ontop(jackal_1, floor.n.01_3)
  ontop(jackal_2, floor.n.01_3)
  ontop(notebook.n.01_1, ridgeback_1)
  ontop(ridgeback_1, floor.n.01_3)
  ontop(ridgeback_2, floor.n.01_3)
  under(jackal_2, notebook.n.01_2)

=== ROBOT drone_1 ===
Step 3409/8000 | you are drone_1 (drone) in living_room_0 (a living room)
Rooms in this house (navigate_to any of them): bathroom_0, bedroom_0, childs_room_0, closet_0, closet_1, corridor_0, dining_room_0, empty_room_0, empty_room_1, kitchen_0, living_room_0, staircase_0
Holding: nothing

living_room_0:
  - cabinet.n.01_2  Open  -> unreachable, navigate_to  [3.2 m away]
  - coffee_table.n.01_1  -> grasp, navigate_to
  - drone_2  (teammate)  [drone]
  - drone_3  (teammate)  [drone]
  - floor.n.01_1  -> navigate_to

Relations:
  ontop(cabinet.n.01_2, floor.n.01_1)
  ontop(coffee_table.n.01_1, floor.n.01_1)

## 9. ACTION HISTORY AND FAILURES
--- ridgeback_1 ---
Its current plan: wait_for_team(team_1) [interrupted]
YOUR FINISHED PLANS (most recent last):
  #8 [DONE] ontop(notebook.n.01_1, cabinet.n.01_1)
      plan: wait(200) -> load_onto(jackal_1) -> wait(300) -> unload_from(jackal_1) -> place_on_top(cabinet.n.01_1)
      you chose it because: Ridgeback already holds notebook.n.01_1 but its base is locked. It waits for jackal_1 to approach, loads the notebook onto the carrier, then reclaims and places it on cabinet.n.01_1 after transport.
  #10 [FAILED] ontop(notebook.n.01_1, bookcase.n.01_1)
      plan: grasp(notebook.n.01_1) -> load_onto(jackal_1) -> wait(600) -> unload_from(jackal_1) -> place_on_top(bookcase.n.01_1)
      you chose it because: I reclaim notebook.n.01_1 from the cabinet, load it onto the nearby carrier, then wait during transport and place it on the next required support, the kitchen bookcase.
      it failed because: unload_from: PRE_CONDITION_ERROR: You are 3.99 m from jackal_1, too far to unload from it (you must be within 1.68 m). Navigate to it first.. Additional info: {'target object': 'jackal_1', 'distanc...
  #11 [FAILED] ontop(notebook.n.01_1, bookcase.n.01_1)
      plan: navigate_to(jackal_1) -> unload_from(jackal_1) -> navigate_to(bookcase.n.01_1) -> place_on_top(bookcase.n.01_1)
      you chose it because: Ridgeback must reclaim notebook.n.01_1 from the carrier at close range, then carry it unlocked to the kitchen bookcase and place it on the next required support.
      it failed because: navigate_to: An error occurred during each attempt of this action. Attempt 0: PRE_CONDITION_ERROR: You cannot drive while holding notebook_158: your base is locked whenever your arm is loaded. Put ...

--- jackal_1 ---
Its current plan: wait_for_team(team_1) [interrupted]
YOUR FINISHED PLANS (most recent last):
  #8 [FAILED] ontop(notebook.n.01_1, cabinet.n.01_1)
      plan: navigate_to(ridgeback_1) -> wait(250) -> navigate_to(cabinet.n.01_1) -> place_on_top(cabinet.n.01_1)
      you chose it because: Jackal_1 approaches the loaded ridgeback_1 closely enough for the handoff, waits for loading, and then carries the notebook to the required cabinet. As a carrier it does not attempt placement.
      it failed because: place_on_top: An error occurred during each attempt of this action. Attempt 0: PRE_CONDITION_ERROR: You have no arm, so you cannot place onto. You can navigate_to and wait. Cargo is put on your bac...
  #10 [FAILED] ontop(notebook.n.01_1, bookcase.n.01_1)
      plan: wait(100) -> navigate_to(bookcase.n.01_1) -> place_on_top(bookcase.n.01_1)
      you chose it because: I remain nearby long enough for ridgeback_1 to load the notebook, then carry it directly to the required bookcase. As a carrier, I do not attempt placement.
      it failed because: place_on_top: An error occurred during each attempt of this action. Attempt 0: PRE_CONDITION_ERROR: You have no arm, so you cannot place onto. You can navigate_to and wait. Cargo is put on your bac...
  #12 [DONE] ontop(notebook.n.01_1, bookcase.n.01_1)
      plan: wait(500)
      you chose it because: Jackal is already carrying notebook.n.01_1 in the kitchen. It waits in place so ridgeback_1 can navigate to it and unload the notebook; only the arm can perform the final placement.

--- drone_1 ---
Its current plan: ontop(notebook.n.01_3, coffee_table.n.01_1) [success]
YOUR FINISHED PLANS (most recent last):
  #4 [DONE] ontop(notebook.n.01_1, cabinet.n.01_1)
      plan: wait(600)
      you chose it because: Drone_1 cannot lift notebooks and is not needed for this arm-and-carrier transfer, so it waits without contesting the exclusive cargo.
  #5 [DONE] ontop(notebook.n.01_1, bookcase.n.01_1)
      plan: wait(600)
      you chose it because: I cannot lift notebooks, so I stay clear while ridgeback_1 and jackal_1 execute the arm-and-carrier transfer.
  #7 [DONE] ontop(notebook.n.01_3, coffee_table.n.01_1)
      plan: wait(500)
      you chose it because: Drone_1 cannot lift notebooks, and the available notebook is already exclusively held by ridgeback_1 via jackal_1. It waits rather than contesting the active transfer.

Return exactly 3 plans, one per robot, using each robot's own ids. Say in `reasoning` how you divided the work.
-------------------------------------- COMPLETION --------------------------------------
  plans:
    [1]
      agent_id: ridgeback_1
      task:
        task: Task.ONTOP
        object_type: notebook.n.01_1
        object_id: 1
        reference: bookcase.n.01_1
      actions:
        [1]
          action_type: load_onto
          target: jackal_1
        [2]
          action_type: wait
          ticks: 300
        [3]
          action_type: navigate_to
          target: jackal_1
        [4]
          action_type: unload_from
          target: jackal_1
        [5]
          action_type: place_on_top
          target: bookcase.n.01_1
      reasoning: Ridgeback transfers the held notebook to jackal_1 because its base locks while holding, then approaches the carrier after transport and performs the final placement on the bookcase.
    [2]
      agent_id: jackal_1
      task:
        task: Task.ONTOP
        object_type: notebook.n.01_1
        object_id: 1
        reference: bookcase.n.01_1
      actions:
        [1]
          action_type: navigate_to
          target: bookcase.n.01_1
        [2]
          action_type: wait
          ticks: 500
      reasoning: Jackal_1 is the carrier: it drives the notebook to the kitchen bookcase and waits there for ridgeback_1 to unload and place it.
    [3]
      agent_id: drone_1
      task:
        task: Task.ONTOP
        object_type: notebook.n.01_1
        object_id: 1
        reference: bookcase.n.01_1
      actions:
        [1]
          action_type: wait
          ticks: 600
      reasoning: The drone cannot lift notebooks and should avoid contesting the active arm-and-carrier transfer, so it waits.
  reasoning: Ridgeback performs the notebook handling and final placement, jackal_1 provides transport because ridgeback's loaded base is locked, and drone_1 waits because drones cannot lift notebooks.
====================================================================================================
#21  ridgeback_2  env_step 3428  t=507.201s  Team Plan Generation [team_2]
  usage: 7998 tokens (prompt 6708, completion 1290)
---------------------------------- PROMPT / SYSTEM ----------------------------------
## 1. YOUR ROLE
You command TEAM 'team_2' -- 3 robots (ridgeback_2, jackal_2, drone_2) -- in a multi-agent
cooperative household task, alongside other teams doing the same. You are the
TEAM CONTROLLER: you are given all 3 robots' observations in one call and
answer with one plan per robot, in that same call.

- Divide the work. Two robots sent to the same object waste one of them: the
  loser burns the whole trip and its grasp fails with OBJECT_CLAIMED.
- Your robots start their plans together and you are not asked again until
  every one of them has finished. A robot that finishes early holds position
  and does nothing useful, so plans of wildly different lengths waste the
  short ones.
- Other teams are driven by their own controllers, not by you. You coordinate
  with them only through the messages quoted in this prompt.
- At the end of the prompt are each robot's last few plans, with their
  actions and how each ended, and the messages this team has sent and
  received. A plan that failed for a reason that still holds will fail the
  same way again, and a question you already asked has its answer in the
  record.

PLAN RESPONSE:
- Return a structured plan for EVERY robot listed above, one each, tagged with
  that robot's agent_id.
- Give each robot one task and at most 6 actions; 3-6 short
  executable actions are usually enough.
- Use exact item_id values from that robot's own section of the prompt.
- Say in the team-level `reasoning` how you divided the work between them.

## 2. ENVIRONMENT RULES
Your robots act through high-level primitives, not joint commands. Each one
takes many simulation steps: driving across a room costs 30 ticks per metre, so
distance is the main cost you control. None of them can see -- each is given a
symbolic description of the room it is standing in, and only that room, and
those descriptions are listed below one robot at a time.

Rules that decide whether an action succeeds:
- To grasp, place, open or toggle an object a robot must be closer to it than
  that object's own distance threshold; beyond it the action fails with TOO_FAR.
  Each object in a robot's room listing carries what that robot can do to it
  after "->", and a distance in metres ONLY when it is out of range -- no
  distance means that robot is already close enough to act on it now.
- An out-of-range object is marked "unreachable" and offers navigate_to and
  NOTHING else. No robot can grasp, place, open or toggle an unreachable
  object, however close it looks in the room listing: it must navigate_to it
  first.
- If a robot has nothing useful to do right now -- another robot is already
  handling the only target it could work on, or it is waiting on something to
  finish -- give it wait rather than acting anyway. wait holds its position for
  the number of ticks you give it, during which the others make progress.
- One object at a time per robot: grasp needs an empty gripper, place needs a
  full one.
- Objects are exclusive, including between your own robots. If anyone is
  holding something, a grasp for it fails with "held by <agent>". Sending two
  robots after one target costs the loser the whole trip for nothing.
- Some tasks are a route: THE TEAM'S TASK lists supports the cargo must rest on
  in order, marked done / NEXT. Only the NEXT support counts when the cargo is
  placed on it; a support reached out of order does not count and costs
  nothing -- progress resumes when NEXT holds. Progress is judged on where the
  cargo rests, not on what a robot intended.
- Every id in THE TEAM'S TASK is a valid navigate_to target for any robot from
  ANY room, even when it is not in that robot's listing: navigate_to(<that id>)
  drives it there, through the house, and its next listing shows that room.
  That is how a robot changes rooms. The cargo is where the task says it
  starts (or on the last support marked done) -- send a robot there; it will
  not be found where the robots stand.
- The line "Rooms in this house" names every room. navigate_to(<room name>)
  drives a robot to a free spot inside that room, so it can reach a room whose
  objects it cannot name yet, or go and look for something.
- Refer to objects only by the ids in that robot's own room listing, which are
  the objects in the room it is standing in. They look like apple.n.01_1. Never
  invent one, and never give one robot an id that appeared only under another
  robot -- it is in a room that robot cannot see.
- An entry marked "blocked" is in that room but currently unavailable -- the
  bracketed note says why.

When an action fails, that robot's plan is abandoned. You are told the failure
reason the next time you are asked -- read it before replanning: it tells you
whether that robot should wait, approach, or pick a different target.

## 3. ROBOT CAPABILITIES
Three kinds of robot. A robot's kind is on its own header ("(drone)") and on
its line in a teammate's listing ("[carrier, ...]", "[base locks while
holding]", "[drone]").

ARM -- a robot with a gripper: grasp, place_on_top, release, open/close,
toggle, load_onto, unload_from, navigate_to, wait.
- Some arms' bases LOCK while the gripper is loaded, and navigate_to then fails
  with BASE_LOCKED; such a robot cannot deliver what it picks up. Have it load
  the object onto a carrier robot with load_onto, let the carrier drive, and
  have an arm take it back at the far end with unload_from. Both actions name
  the *carrier* as their target and need the two robots within reach of each
  other. This is a division of labour, not a detour: it is why a task can need
  more than one of your robots.
- ONLY a robot marked [base locks while holding] needs a carrier. Any other
  robot that can grasp -- a drone, an unmarked arm -- carries what it holds by
  itself: grasp, navigate_to the support, place_on_top, done. A drone that can
  lift the cargo needs nobody: routing its cargo through a carrier and back is
  a detour that costs two extra actions and a round of waiting for nothing.
  Use the carrier for the base-locked robot's legs, and only for those.

CARRIER -- a robot with no arm: cargo rides on its back.
- A carrier and what it is carrying are ONE line in that robot's room listing:

    - agent_1  (teammate)  [carrier, carrying box.n.01_1]  -> unload_from

  The cargo has no line of its own and cannot be grasped where it sits.
  unload_from(agent_1) takes it off that carrier's back and into the acting
  robot's hand; load_onto(agent_1) puts what that robot holds onto it. Both
  name the carrier, both need the two robots within reach of each other, and
  unload_from is the only way to get cargo back.
- **A carrier has no arm**, so give it navigate_to and wait and nothing else:
  no grasp, no place, no release, no load_onto or unload_from -- those are done
  *to* it by a robot that does have a hand. Its own section lists its load on
  an "On your back:" line, and it cannot put that down itself. Its job is to
  drive to where an arm is waiting, which is the whole reason a task needs two
  of them.

DRONE -- flies, holds its load under a suction mount, and its base never locks:
it carries what it grasps by itself.
- What a drone may lift is limited. The drone cannot lift the notebook. A
  robot tagged [drone] can grasp and carry the die (die.n.01_1) but NOT the
  notebook (notebook.n.01_1): grasp or unload_from on it fails with
  CANNOT_LIFT, and getting closer does not change that. Only a robot with an
  arm can lift the notebook, so give that leg to an arm; this division of
  labour is what the task is built around.

THIS TEAM'S ROBOTS:
  - ridgeback_2: ARM, base LOCKS while holding (needs a carrier to move cargo)
  - jackal_2: CARRIER (no arm; navigate_to and wait only)
  - drone_2: DRONE (flies, carries what it holds; see the lift table)

WHO MAY LIFT WHAT (this activity):
  - notebook.n.01: arm

## 4. COOPERATION MODE: INDIVIDUAL
Every team plans for itself. No team sends or receives messages; you learn
what the other teams are doing only from what your robots see (a teammate of
another team in the listing, an object held by one of its robots). Do not
wait for others to speak. When another team already holds the cargo, give
your robots something else or wait.
---------------------------------- PROMPT / USER ----------------------------------
=== STEP 3428 ===

## 6. OBSERVATIONS -- TEAM team_2 (3 robots)

THE TEAM'S TASK (the same for every robot), in the ids it is written in:
  Move notebook.n.01_1, in this order, onto: the cabinet in the child's room, the bookcase in the kitchen. Move notebook.n.01_2, in this order, onto: the bookcase in the kitchen, the armchair in the dining room. Move notebook.n.01_3, in this order, onto: the armchair in the dining room, the coffee table in the living room. Move notebook.n.01_4, in this order, onto: the cabinet in the living room, the bed in the bedroom. Move notebook.n.01_5, in this order, onto: the cabinet in the bedroom, the bed in the child's room.
Route S1-M5, carry notebook.n.01_1 through these in order:
  done  C1  ontop(notebook.n.01_1, cabinet.n.01_1)
  NEXT  D   ontop(notebook.n.01_1, bookcase.n.01_1)
Route S1-M3, carry notebook.n.01_2 through these in order:
  done  C1  ontop(notebook.n.01_2, bookcase.n.01_1)
  NEXT  D   ontop(notebook.n.01_2, armchair.n.01_1)
Route S1-M2, carry notebook.n.01_3 through these in order:
  it starts ontop(notebook.n.01_3, floor.n.01_2)
  NEXT  C1  ontop(notebook.n.01_3, armchair.n.01_1)
        D   ontop(notebook.n.01_3, coffee_table.n.01_1)
Route S1-M1: complete -- notebook.n.01_4 is at its destination.
Route S1-M4, carry notebook.n.01_5 through these in order:
  it starts ontop(notebook.n.01_5, floor.n.01_4)
  NEXT  C1  ontop(notebook.n.01_5, cabinet.n.01_3)
        D   ontop(notebook.n.01_5, bed.n.01_1)
A support reached out of order does not count, and nothing is lost by it: progress resumes when the NEXT one holds.

=== ROBOT ridgeback_2 ===
Step 3428/8000 | you are ridgeback_2 in kitchen_0 (a kitchen)
Rooms in this house (navigate_to any of them): bathroom_0, bedroom_0, childs_room_0, closet_0, closet_1, corridor_0, dining_room_0, empty_room_0, empty_room_1, kitchen_0, living_room_0, staircase_0
Holding: nothing

kitchen_0:
  - bookcase.n.01_1  -> navigate_to
  - electric_refrigerator.n.01_1  Open  -> close, navigate_to  [Open is True]
  - floor.n.01_3  -> navigate_to
  - jackal_1  (teammate)  [carrier, carrying notebook.n.01_1]  -> navigate_to, unload_from
  - jackal_2  (teammate)  [carrier, empty]  -> navigate_to
  - notebook.n.01_2  -> grasp, navigate_to
  - ridgeback_1  (teammate)  [base locks while holding]

Relations:
  ontop(jackal_1, floor.n.01_3)
  ontop(jackal_2, floor.n.01_3)
  ontop(notebook.n.01_2, bookcase.n.01_1)
  ontop(ridgeback_1, floor.n.01_3)
  ontop(ridgeback_2, floor.n.01_3)
  under(jackal_1, notebook.n.01_1)

=== ROBOT jackal_2 ===
Step 3428/8000 | you are jackal_2 in kitchen_0 (a kitchen)
Rooms in this house (navigate_to any of them): bathroom_0, bedroom_0, childs_room_0, closet_0, closet_1, corridor_0, dining_room_0, empty_room_0, empty_room_1, kitchen_0, living_room_0, staircase_0
Holding: nothing

kitchen_0:
  - bookcase.n.01_1  -> unreachable, navigate_to  [2.6 m away]
  - electric_refrigerator.n.01_1  Open  -> navigate_to
  - floor.n.01_3  -> navigate_to
  - jackal_1  (teammate)  [carrier, carrying notebook.n.01_1]
  - notebook.n.01_2  -> unreachable, navigate_to  [2.6 m away]
  - ridgeback_1  (teammate)  [base locks while holding]
  - ridgeback_2  (teammate)  [base locks while holding]

Relations:
  ontop(jackal_1, floor.n.01_3)
  ontop(jackal_2, floor.n.01_3)
  ontop(notebook.n.01_2, bookcase.n.01_1)
  ontop(ridgeback_1, floor.n.01_3)
  ontop(ridgeback_2, floor.n.01_3)
  under(jackal_1, notebook.n.01_1)

=== ROBOT drone_2 ===
Step 3428/8000 | you are drone_2 (drone) in living_room_0 (a living room)
Rooms in this house (navigate_to any of them): bathroom_0, bedroom_0, childs_room_0, closet_0, closet_1, corridor_0, dining_room_0, empty_room_0, empty_room_1, kitchen_0, living_room_0, staircase_0
Holding: nothing

living_room_0:
  - cabinet.n.01_2  Open  -> unreachable, navigate_to  [2.1 m away]
  - coffee_table.n.01_1  -> unreachable, navigate_to  [1.9 m away]
  - drone_1  (teammate)  [drone]
  - drone_3  (teammate)  [drone]
  - floor.n.01_1  -> navigate_to

Relations:
  ontop(cabinet.n.01_2, floor.n.01_1)
  ontop(coffee_table.n.01_1, floor.n.01_1)

## 9. ACTION HISTORY AND FAILURES
--- ridgeback_2 ---
Its current plan: ontop(notebook.n.01_2, bookcase.n.01_1) [success]
YOUR FINISHED PLANS (most recent last):
  #8 [DONE] ontop(notebook.n.01_4, cabinet.n.01_2)
      plan: load_onto(jackal_2) -> wait(100) -> navigate_to(floor.n.01_1) -> unload_from(jackal_2) -> place_on_top(cabinet.n.01_2)
      you chose it because: I am the only arm that can lift the notebook. I transfer it to jackal_2 to unlock my base, then rendezvous at the free floor position and unload/place it on the cabinet.
  #10 [DONE] ontop(notebook.n.01_4, bed.n.01_2)
      plan: grasp(notebook.n.01_4) -> load_onto(jackal_2) -> wait(400) -> navigate_to(jackal_2) -> unload_from(jackal_2) -> place_on_top(bed.n.01_2)
      you chose it because: I handle notebook 4 as the arm: grasp it from the completed cabinet support, load it onto jackal_2 because my base locks while holding, then rendezvous at the bedroom bed to unload and place it.
  #11 [DONE] ontop(notebook.n.01_2, bookcase.n.01_1)
      plan: navigate_to(notebook.n.01_2) -> grasp(notebook.n.01_2) -> wait(450) -> load_onto(jackal_2) -> wait(100) -> navigate_to(bookcase.n.01_1) -> unload_from(jackal_2) -> place_on_top(bookcase.n.01_1)
      you chose it because: I take notebook 2, the next unassigned notebook route, and use jackal_2 to carry it because my base locks while holding. I rendezvous at the bookcase, unload, and complete the first support.

--- jackal_2 ---
Its current plan: wait_for_team(team_2) [interrupted]
YOUR FINISHED PLANS (most recent last):
  #7 [FAILED] ontop(notebook.n.01_4, cabinet.n.01_2)
      plan: wait(50) -> navigate_to(floor.n.01_1) -> wait(300) -> place_on_top(cabinet.n.01_2)
      you chose it because: I serve as the carrier: after allowing ridgeback_2 to load the notebook, I move to the free floor position near the cabinet and hold there for the arm to unload and place it.
      it failed because: place_on_top: An error occurred during each attempt of this action. Attempt 0: PRE_CONDITION_ERROR: You have no arm, so you cannot place onto. You can navigate_to and wait. Cargo is put on your bac...
  #9 [FAILED] ontop(notebook.n.01_4, bed.n.01_2)
      plan: wait(150) -> navigate_to(bed.n.01_2) -> wait(300) -> place_on_top(bed.n.01_2)
      you chose it because: I am the carrier, so I wait for ridgeback_2 to load notebook 4, drive it to the next support bed.n.01_2, and hold there for the arm to unload and place it.
      it failed because: place_on_top: An error occurred during each attempt of this action. Attempt 0: PRE_CONDITION_ERROR: You have no arm, so you cannot place onto. You can navigate_to and wait. Cargo is put on your bac...
  #11 [FAILED] ontop(notebook.n.01_2, bookcase.n.01_1)
      plan: navigate_to(notebook.n.01_2) -> wait(450) -> navigate_to(bookcase.n.01_1) -> wait(250) -> place_on_top(bookcase.n.01_1)
      you chose it because: I serve exclusively as ridgeback_2's carrier: reach notebook 2 for loading, then transport it to the kitchen bookcase and remain there for unloading.
      it failed because: navigate_to: An error occurred during each attempt of this action. Attempt 0: PLANNING_ERROR: Cannot reach bookcase_owvfik_0: there is no free floor space around it to stand on (need a spot 1.2-1.8...

--- drone_2 ---
Its current plan: wait_for_team(team_2) [interrupted]
YOUR FINISHED PLANS (most recent last):
  #5 [DONE] ontop(notebook.n.01_4, cabinet.n.01_2)
      plan: wait(500)
      you chose it because: Notebook 4 requires an arm and is already held by ridgeback_2, so I avoid competing for the exclusive object and wait.
  #6 [DONE] ontop(notebook.n.01_4, bed.n.01_2)
      plan: wait(600)
      you chose it because: Notebook 4 requires an arm and is assigned exclusively to ridgeback_2 with jackal_2 as carrier; I cannot lift notebooks, so I wait without competing.
  #8 [DONE] ontop(notebook.n.01_3, armchair.n.01_1)
      plan: wait(100)
      you chose it because: I cannot lift notebooks, and notebook 5 is already held by another team's arm. I therefore avoid competing for cargo and wait while the arm-carrier pair handles notebook 2.

Return exactly 3 plans, one per robot, using each robot's own ids. Say in `reasoning` how you divided the work.
-------------------------------------- COMPLETION --------------------------------------
  plans:
    [1]
      agent_id: ridgeback_2
      task:
        task: Task.ONTOP
        object_type: notebook.n.01_2
        object_id: 1
        reference: armchair.n.01_1
      actions:
        [1]
          action_type: grasp
          target: notebook.n.01_2
        [2]
          action_type: load_onto
          target: jackal_2
        [3]
          action_type: wait
          ticks: 400
        [4]
          action_type: navigate_to
          target: armchair.n.01_1
        [5]
          action_type: unload_from
          target: jackal_2
        [6]
          action_type: place_on_top
          target: armchair.n.01_1
      reasoning: I handle notebook 2's next route leg. Because my base locks while holding, I load it onto jackal_2, then rendezvous at the dining-room armchair to unload and place it.
    [2]
      agent_id: jackal_2
      task:
        task: Task.ONTOP
        object_type: notebook.n.01_2
        object_id: 1
        reference: armchair.n.01_1
      actions:
        [1]
          action_type: wait
          ticks: 100
        [2]
          action_type: navigate_to
          target: armchair.n.01_1
        [3]
          action_type: wait
          ticks: 500
      reasoning: I serve as ridgeback_2's carrier: allow time for loading, transport notebook 2 to the dining-room armchair, and hold there for unloading. I do not attempt placement because carriers have no arm.
    [3]
      agent_id: drone_2
      task:
        task: Task.ONTOP
        object_type: notebook.n.01_2
        object_id: 1
        reference: armchair.n.01_1
      actions:
        [1]
          action_type: wait
          ticks: 600
      reasoning: Ridgeback_2 and jackal_2 are assigned exclusively to notebook 2. I cannot lift notebooks, so I wait and avoid a competing grasp.
  reasoning: Ridgeback_2 performs the notebook handling and final placement, while jackal_2 provides the required transport because ridgeback_2's base locks when holding cargo. Drone_2 waits since it cannot lift notebooks and should not compete for the exclusive object.
====================================================================================================
#22  ridgeback_1  env_step 4010  t=552.616s  Team Plan Generation [team_1]
  usage: 7764 tokens (prompt 6782, completion 982)
---------------------------------- PROMPT / SYSTEM ----------------------------------
## 1. YOUR ROLE
You command TEAM 'team_1' -- 3 robots (ridgeback_1, jackal_1, drone_1) -- in a multi-agent
cooperative household task, alongside other teams doing the same. You are the
TEAM CONTROLLER: you are given all 3 robots' observations in one call and
answer with one plan per robot, in that same call.

- Divide the work. Two robots sent to the same object waste one of them: the
  loser burns the whole trip and its grasp fails with OBJECT_CLAIMED.
- Your robots start their plans together and you are not asked again until
  every one of them has finished. A robot that finishes early holds position
  and does nothing useful, so plans of wildly different lengths waste the
  short ones.
- Other teams are driven by their own controllers, not by you. You coordinate
  with them only through the messages quoted in this prompt.
- At the end of the prompt are each robot's last few plans, with their
  actions and how each ended, and the messages this team has sent and
  received. A plan that failed for a reason that still holds will fail the
  same way again, and a question you already asked has its answer in the
  record.

PLAN RESPONSE:
- Return a structured plan for EVERY robot listed above, one each, tagged with
  that robot's agent_id.
- Give each robot one task and at most 6 actions; 3-6 short
  executable actions are usually enough.
- Use exact item_id values from that robot's own section of the prompt.
- Say in the team-level `reasoning` how you divided the work between them.

## 2. ENVIRONMENT RULES
Your robots act through high-level primitives, not joint commands. Each one
takes many simulation steps: driving across a room costs 30 ticks per metre, so
distance is the main cost you control. None of them can see -- each is given a
symbolic description of the room it is standing in, and only that room, and
those descriptions are listed below one robot at a time.

Rules that decide whether an action succeeds:
- To grasp, place, open or toggle an object a robot must be closer to it than
  that object's own distance threshold; beyond it the action fails with TOO_FAR.
  Each object in a robot's room listing carries what that robot can do to it
  after "->", and a distance in metres ONLY when it is out of range -- no
  distance means that robot is already close enough to act on it now.
- An out-of-range object is marked "unreachable" and offers navigate_to and
  NOTHING else. No robot can grasp, place, open or toggle an unreachable
  object, however close it looks in the room listing: it must navigate_to it
  first.
- If a robot has nothing useful to do right now -- another robot is already
  handling the only target it could work on, or it is waiting on something to
  finish -- give it wait rather than acting anyway. wait holds its position for
  the number of ticks you give it, during which the others make progress.
- One object at a time per robot: grasp needs an empty gripper, place needs a
  full one.
- Objects are exclusive, including between your own robots. If anyone is
  holding something, a grasp for it fails with "held by <agent>". Sending two
  robots after one target costs the loser the whole trip for nothing.
- Some tasks are a route: THE TEAM'S TASK lists supports the cargo must rest on
  in order, marked done / NEXT. Only the NEXT support counts when the cargo is
  placed on it; a support reached out of order does not count and costs
  nothing -- progress resumes when NEXT holds. Progress is judged on where the
  cargo rests, not on what a robot intended.
- Every id in THE TEAM'S TASK is a valid navigate_to target for any robot from
  ANY room, even when it is not in that robot's listing: navigate_to(<that id>)
  drives it there, through the house, and its next listing shows that room.
  That is how a robot changes rooms. The cargo is where the task says it
  starts (or on the last support marked done) -- send a robot there; it will
  not be found where the robots stand.
- The line "Rooms in this house" names every room. navigate_to(<room name>)
  drives a robot to a free spot inside that room, so it can reach a room whose
  objects it cannot name yet, or go and look for something.
- Refer to objects only by the ids in that robot's own room listing, which are
  the objects in the room it is standing in. They look like apple.n.01_1. Never
  invent one, and never give one robot an id that appeared only under another
  robot -- it is in a room that robot cannot see.
- An entry marked "blocked" is in that room but currently unavailable -- the
  bracketed note says why.

When an action fails, that robot's plan is abandoned. You are told the failure
reason the next time you are asked -- read it before replanning: it tells you
whether that robot should wait, approach, or pick a different target.

## 3. ROBOT CAPABILITIES
Three kinds of robot. A robot's kind is on its own header ("(drone)") and on
its line in a teammate's listing ("[carrier, ...]", "[base locks while
holding]", "[drone]").

ARM -- a robot with a gripper: grasp, place_on_top, release, open/close,
toggle, load_onto, unload_from, navigate_to, wait.
- Some arms' bases LOCK while the gripper is loaded, and navigate_to then fails
  with BASE_LOCKED; such a robot cannot deliver what it picks up. Have it load
  the object onto a carrier robot with load_onto, let the carrier drive, and
  have an arm take it back at the far end with unload_from. Both actions name
  the *carrier* as their target and need the two robots within reach of each
  other. This is a division of labour, not a detour: it is why a task can need
  more than one of your robots.
- ONLY a robot marked [base locks while holding] needs a carrier. Any other
  robot that can grasp -- a drone, an unmarked arm -- carries what it holds by
  itself: grasp, navigate_to the support, place_on_top, done. A drone that can
  lift the cargo needs nobody: routing its cargo through a carrier and back is
  a detour that costs two extra actions and a round of waiting for nothing.
  Use the carrier for the base-locked robot's legs, and only for those.

CARRIER -- a robot with no arm: cargo rides on its back.
- A carrier and what it is carrying are ONE line in that robot's room listing:

    - agent_1  (teammate)  [carrier, carrying box.n.01_1]  -> unload_from

  The cargo has no line of its own and cannot be grasped where it sits.
  unload_from(agent_1) takes it off that carrier's back and into the acting
  robot's hand; load_onto(agent_1) puts what that robot holds onto it. Both
  name the carrier, both need the two robots within reach of each other, and
  unload_from is the only way to get cargo back.
- **A carrier has no arm**, so give it navigate_to and wait and nothing else:
  no grasp, no place, no release, no load_onto or unload_from -- those are done
  *to* it by a robot that does have a hand. Its own section lists its load on
  an "On your back:" line, and it cannot put that down itself. Its job is to
  drive to where an arm is waiting, which is the whole reason a task needs two
  of them.

DRONE -- flies, holds its load under a suction mount, and its base never locks:
it carries what it grasps by itself.
- What a drone may lift is limited. The drone cannot lift the notebook. A
  robot tagged [drone] can grasp and carry the die (die.n.01_1) but NOT the
  notebook (notebook.n.01_1): grasp or unload_from on it fails with
  CANNOT_LIFT, and getting closer does not change that. Only a robot with an
  arm can lift the notebook, so give that leg to an arm; this division of
  labour is what the task is built around.

THIS TEAM'S ROBOTS:
  - ridgeback_1: ARM, base LOCKS while holding (needs a carrier to move cargo)
  - jackal_1: CARRIER (no arm; navigate_to and wait only)
  - drone_1: DRONE (flies, carries what it holds; see the lift table)

WHO MAY LIFT WHAT (this activity):
  - notebook.n.01: arm

## 4. COOPERATION MODE: INDIVIDUAL
Every team plans for itself. No team sends or receives messages; you learn
what the other teams are doing only from what your robots see (a teammate of
another team in the listing, an object held by one of its robots). Do not
wait for others to speak. When another team already holds the cargo, give
your robots something else or wait.
---------------------------------- PROMPT / USER ----------------------------------
=== STEP 4010 ===

## 6. OBSERVATIONS -- TEAM team_1 (3 robots)

THE TEAM'S TASK (the same for every robot), in the ids it is written in:
  Move notebook.n.01_1, in this order, onto: the cabinet in the child's room, the bookcase in the kitchen. Move notebook.n.01_2, in this order, onto: the bookcase in the kitchen, the armchair in the dining room. Move notebook.n.01_3, in this order, onto: the armchair in the dining room, the coffee table in the living room. Move notebook.n.01_4, in this order, onto: the cabinet in the living room, the bed in the bedroom. Move notebook.n.01_5, in this order, onto: the cabinet in the bedroom, the bed in the child's room.
Route S1-M5, carry notebook.n.01_1 through these in order:
  done  C1  ontop(notebook.n.01_1, cabinet.n.01_1)
  NEXT  D   ontop(notebook.n.01_1, bookcase.n.01_1)
Route S1-M3, carry notebook.n.01_2 through these in order:
  done  C1  ontop(notebook.n.01_2, bookcase.n.01_1)
  NEXT  D   ontop(notebook.n.01_2, armchair.n.01_1)
Route S1-M2, carry notebook.n.01_3 through these in order:
  it starts ontop(notebook.n.01_3, floor.n.01_2)
  NEXT  C1  ontop(notebook.n.01_3, armchair.n.01_1)
        D   ontop(notebook.n.01_3, coffee_table.n.01_1)
Route S1-M1: complete -- notebook.n.01_4 is at its destination.
Route S1-M4, carry notebook.n.01_5 through these in order:
  it starts ontop(notebook.n.01_5, floor.n.01_4)
  NEXT  C1  ontop(notebook.n.01_5, cabinet.n.01_3)
        D   ontop(notebook.n.01_5, bed.n.01_1)
A support reached out of order does not count, and nothing is lost by it: progress resumes when the NEXT one holds.

=== ROBOT ridgeback_1 ===
Step 4010/8000 | you are ridgeback_1 in kitchen_0 (a kitchen)
Rooms in this house (navigate_to any of them): bathroom_0, bedroom_0, childs_room_0, closet_0, closet_1, corridor_0, dining_room_0, empty_room_0, empty_room_1, kitchen_0, living_room_0, staircase_0
Holding: notebook.n.01_1 (notebook)  [your base is locked while loaded: no navigate_to]

kitchen_0:
  - bookcase.n.01_1  -> unreachable  [too far (1.7 m) -- and your base is locked while you hold notebook.n.01_1]
  - electric_refrigerator.n.01_1  Open  -> unreachable  [too far (2.0 m) -- and your base is locked while you hold notebook.n.01_1]
  - floor.n.01_3  -> place_on_top  [places notebook.n.01_1]
  - jackal_1  (teammate)  [carrier, empty]  -> load_onto
  - jackal_2  (teammate)  [carrier, carrying notebook.n.01_2]  -> unreachable  [too far (2.7 m) -- and your base is locked]
  - notebook.n.01_1  held by ridgeback_1  -> release  [drops what you hold]
  - ridgeback_2  (teammate)  [base locks while holding]

Relations:
  ontop(jackal_1, floor.n.01_3)
  ontop(jackal_2, floor.n.01_3)
  ontop(notebook.n.01_1, ridgeback_1)
  ontop(ridgeback_1, floor.n.01_3)
  ontop(ridgeback_2, floor.n.01_3)
  under(jackal_2, notebook.n.01_2)

=== ROBOT jackal_1 ===
Step 4010/8000 | you are jackal_1 in kitchen_0 (a kitchen)
Rooms in this house (navigate_to any of them): bathroom_0, bedroom_0, childs_room_0, closet_0, closet_1, corridor_0, dining_room_0, empty_room_0, empty_room_1, kitchen_0, living_room_0, staircase_0
Holding: nothing

kitchen_0:
  - bookcase.n.01_1  -> navigate_to
  - electric_refrigerator.n.01_1  Open  -> navigate_to
  - floor.n.01_3  -> navigate_to
  - jackal_2  (teammate)  [carrier, carrying notebook.n.01_2]
  - notebook.n.01_1  held by ridgeback_1  -> unreachable, navigate_to  [1.4 m away]
  - ridgeback_1  (teammate)  [base locks while holding]
  - ridgeback_2  (teammate)  [base locks while holding]

Relations:
  ontop(jackal_1, floor.n.01_3)
  ontop(jackal_2, floor.n.01_3)
  ontop(notebook.n.01_1, ridgeback_1)
  ontop(ridgeback_1, floor.n.01_3)
  ontop(ridgeback_2, floor.n.01_3)
  under(jackal_2, notebook.n.01_2)

=== ROBOT drone_1 ===
Step 4010/8000 | you are drone_1 (drone) in living_room_0 (a living room)
Rooms in this house (navigate_to any of them): bathroom_0, bedroom_0, childs_room_0, closet_0, closet_1, corridor_0, dining_room_0, empty_room_0, empty_room_1, kitchen_0, living_room_0, staircase_0
Holding: nothing

living_room_0:
  - cabinet.n.01_2  Open  -> unreachable, navigate_to  [3.2 m away]
  - coffee_table.n.01_1  -> grasp, navigate_to
  - drone_2  (teammate)  [drone]
  - drone_3  (teammate)  [drone]
  - floor.n.01_1  -> navigate_to

Relations:
  ontop(cabinet.n.01_2, floor.n.01_1)
  ontop(coffee_table.n.01_1, floor.n.01_1)

## 9. ACTION HISTORY AND FAILURES
--- ridgeback_1 ---
Its current plan: wait_for_team(team_1) [interrupted]
YOUR FINISHED PLANS (most recent last):
  #10 [FAILED] ontop(notebook.n.01_1, bookcase.n.01_1)
      plan: grasp(notebook.n.01_1) -> load_onto(jackal_1) -> wait(600) -> unload_from(jackal_1) -> place_on_top(bookcase.n.01_1)
      you chose it because: I reclaim notebook.n.01_1 from the cabinet, load it onto the nearby carrier, then wait during transport and place it on the next required support, the kitchen bookcase.
      it failed because: unload_from: PRE_CONDITION_ERROR: You are 3.99 m from jackal_1, too far to unload from it (you must be within 1.68 m). Navigate to it first.. Additional info: {'target object': 'jackal_1', 'distanc...
  #11 [FAILED] ontop(notebook.n.01_1, bookcase.n.01_1)
      plan: navigate_to(jackal_1) -> unload_from(jackal_1) -> navigate_to(bookcase.n.01_1) -> place_on_top(bookcase.n.01_1)
      you chose it because: Ridgeback must reclaim notebook.n.01_1 from the carrier at close range, then carry it unlocked to the kitchen bookcase and place it on the next required support.
      it failed because: navigate_to: An error occurred during each attempt of this action. Attempt 0: PRE_CONDITION_ERROR: You cannot drive while holding notebook_158: your base is locked whenever your arm is loaded. Put ...
  #13 [FAILED] ontop(notebook.n.01_1, bookcase.n.01_1)
      plan: load_onto(jackal_1) -> wait(300) -> navigate_to(jackal_1) -> unload_from(jackal_1) -> place_on_top(bookcase.n.01_1)
      you chose it because: Ridgeback transfers the held notebook to jackal_1 because its base locks while holding, then approaches the carrier after transport and performs the final placement on the bookcase.
      it failed because: place_on_top: An error occurred during each attempt of this action. Attempt 0: PRE_CONDITION_ERROR: You are 1.70 m from bookcase_owvfik_0, too far to place onto it (you must be within 1.70 m). Navi...

--- jackal_1 ---
Its current plan: wait_for_team(team_1) [interrupted]
YOUR FINISHED PLANS (most recent last):
  #10 [FAILED] ontop(notebook.n.01_1, bookcase.n.01_1)
      plan: wait(100) -> navigate_to(bookcase.n.01_1) -> place_on_top(bookcase.n.01_1)
      you chose it because: I remain nearby long enough for ridgeback_1 to load the notebook, then carry it directly to the required bookcase. As a carrier, I do not attempt placement.
      it failed because: place_on_top: An error occurred during each attempt of this action. Attempt 0: PRE_CONDITION_ERROR: You have no arm, so you cannot place onto. You can navigate_to and wait. Cargo is put on your bac...
  #12 [DONE] ontop(notebook.n.01_1, bookcase.n.01_1)
      plan: wait(500)
      you chose it because: Jackal is already carrying notebook.n.01_1 in the kitchen. It waits in place so ridgeback_1 can navigate to it and unload the notebook; only the arm can perform the final placement.
  #14 [FAILED] ontop(notebook.n.01_1, bookcase.n.01_1)
      plan: navigate_to(bookcase.n.01_1) -> wait(500) -> place_on_top(bookcase.n.01_1)
      you chose it because: Jackal_1 is the carrier: it drives the notebook to the kitchen bookcase and waits there for ridgeback_1 to unload and place it.
      it failed because: navigate_to: An error occurred during each attempt of this action. Attempt 0: PLANNING_ERROR: Cannot reach bookcase_owvfik_0: there is no free floor space around it to stand on (need a spot 1.2-1.8...

--- drone_1 ---
Its current plan: ontop(notebook.n.01_1, bookcase.n.01_1) [success]
YOUR FINISHED PLANS (most recent last):
  #5 [DONE] ontop(notebook.n.01_1, bookcase.n.01_1)
      plan: wait(600)
      you chose it because: I cannot lift notebooks, so I stay clear while ridgeback_1 and jackal_1 execute the arm-and-carrier transfer.
  #7 [DONE] ontop(notebook.n.01_3, coffee_table.n.01_1)
      plan: wait(500)
      you chose it because: Drone_1 cannot lift notebooks, and the available notebook is already exclusively held by ridgeback_1 via jackal_1. It waits rather than contesting the active transfer.
  #8 [DONE] ontop(notebook.n.01_1, bookcase.n.01_1)
      plan: wait(600)
      you chose it because: The drone cannot lift notebooks and should avoid contesting the active arm-and-carrier transfer, so it waits.

Return exactly 3 plans, one per robot, using each robot's own ids. Say in `reasoning` how you divided the work.
-------------------------------------- COMPLETION --------------------------------------
  plans:
    [1]
      agent_id: ridgeback_1
      task:
        task: Task.ONTOP
        object_type: notebook.n.01_1
        object_id: 1
        reference: bookcase.n.01_1
      actions:
        [1]
          action_type: load_onto
          target: jackal_1
        [2]
          action_type: wait
          ticks: 300
        [3]
          action_type: navigate_to
          target: jackal_1
        [4]
          action_type: unload_from
          target: jackal_1
        [5]
          action_type: navigate_to
          target: bookcase.n.01_1
        [6]
          action_type: place_on_top
          target: bookcase.n.01_1
      reasoning: Ridgeback transfers the held notebook to jackal_1 so its locked base is free, then meets the carrier, unloads, and performs the final placement on the bookcase.
    [2]
      agent_id: jackal_1
      task:
        task: Task.ONTOP
        object_type: notebook.n.01_1
        object_id: 1
        reference: bookcase.n.01_1
      actions:
        [1]
          action_type: navigate_to
          target: floor.n.01_3
        [2]
          action_type: wait
          ticks: 500
      reasoning: Jackal_1 carries notebook.n.01_1 and stays at a reachable free floor position near the bookcase, allowing ridgeback_1 to approach and unload it for placement.
    [3]
      agent_id: drone_1
      task:
        task: Task.ONTOP
        object_type: notebook.n.01_1
        object_id: 1
        reference: bookcase.n.01_1
      actions:
        [1]
          action_type: wait
          ticks: 600
      reasoning: The drone cannot lift notebooks, so it remains clear while ridgeback_1 and jackal_1 complete the carrier transfer.
  reasoning: Ridgeback handles the notebook with its arm, jackal_1 provides transport because ridgeback's base locks while loaded, and drone_1 waits because it cannot lift this cargo.
====================================================================================================
#23  ridgeback_2  env_step 4029  t=566.139s  Team Plan Generation [team_2]
  usage: 8058 tokens (prompt 6778, completion 1280)
---------------------------------- PROMPT / SYSTEM ----------------------------------
## 1. YOUR ROLE
You command TEAM 'team_2' -- 3 robots (ridgeback_2, jackal_2, drone_2) -- in a multi-agent
cooperative household task, alongside other teams doing the same. You are the
TEAM CONTROLLER: you are given all 3 robots' observations in one call and
answer with one plan per robot, in that same call.

- Divide the work. Two robots sent to the same object waste one of them: the
  loser burns the whole trip and its grasp fails with OBJECT_CLAIMED.
- Your robots start their plans together and you are not asked again until
  every one of them has finished. A robot that finishes early holds position
  and does nothing useful, so plans of wildly different lengths waste the
  short ones.
- Other teams are driven by their own controllers, not by you. You coordinate
  with them only through the messages quoted in this prompt.
- At the end of the prompt are each robot's last few plans, with their
  actions and how each ended, and the messages this team has sent and
  received. A plan that failed for a reason that still holds will fail the
  same way again, and a question you already asked has its answer in the
  record.

PLAN RESPONSE:
- Return a structured plan for EVERY robot listed above, one each, tagged with
  that robot's agent_id.
- Give each robot one task and at most 6 actions; 3-6 short
  executable actions are usually enough.
- Use exact item_id values from that robot's own section of the prompt.
- Say in the team-level `reasoning` how you divided the work between them.

## 2. ENVIRONMENT RULES
Your robots act through high-level primitives, not joint commands. Each one
takes many simulation steps: driving across a room costs 30 ticks per metre, so
distance is the main cost you control. None of them can see -- each is given a
symbolic description of the room it is standing in, and only that room, and
those descriptions are listed below one robot at a time.

Rules that decide whether an action succeeds:
- To grasp, place, open or toggle an object a robot must be closer to it than
  that object's own distance threshold; beyond it the action fails with TOO_FAR.
  Each object in a robot's room listing carries what that robot can do to it
  after "->", and a distance in metres ONLY when it is out of range -- no
  distance means that robot is already close enough to act on it now.
- An out-of-range object is marked "unreachable" and offers navigate_to and
  NOTHING else. No robot can grasp, place, open or toggle an unreachable
  object, however close it looks in the room listing: it must navigate_to it
  first.
- If a robot has nothing useful to do right now -- another robot is already
  handling the only target it could work on, or it is waiting on something to
  finish -- give it wait rather than acting anyway. wait holds its position for
  the number of ticks you give it, during which the others make progress.
- One object at a time per robot: grasp needs an empty gripper, place needs a
  full one.
- Objects are exclusive, including between your own robots. If anyone is
  holding something, a grasp for it fails with "held by <agent>". Sending two
  robots after one target costs the loser the whole trip for nothing.
- Some tasks are a route: THE TEAM'S TASK lists supports the cargo must rest on
  in order, marked done / NEXT. Only the NEXT support counts when the cargo is
  placed on it; a support reached out of order does not count and costs
  nothing -- progress resumes when NEXT holds. Progress is judged on where the
  cargo rests, not on what a robot intended.
- Every id in THE TEAM'S TASK is a valid navigate_to target for any robot from
  ANY room, even when it is not in that robot's listing: navigate_to(<that id>)
  drives it there, through the house, and its next listing shows that room.
  That is how a robot changes rooms. The cargo is where the task says it
  starts (or on the last support marked done) -- send a robot there; it will
  not be found where the robots stand.
- The line "Rooms in this house" names every room. navigate_to(<room name>)
  drives a robot to a free spot inside that room, so it can reach a room whose
  objects it cannot name yet, or go and look for something.
- Refer to objects only by the ids in that robot's own room listing, which are
  the objects in the room it is standing in. They look like apple.n.01_1. Never
  invent one, and never give one robot an id that appeared only under another
  robot -- it is in a room that robot cannot see.
- An entry marked "blocked" is in that room but currently unavailable -- the
  bracketed note says why.

When an action fails, that robot's plan is abandoned. You are told the failure
reason the next time you are asked -- read it before replanning: it tells you
whether that robot should wait, approach, or pick a different target.

## 3. ROBOT CAPABILITIES
Three kinds of robot. A robot's kind is on its own header ("(drone)") and on
its line in a teammate's listing ("[carrier, ...]", "[base locks while
holding]", "[drone]").

ARM -- a robot with a gripper: grasp, place_on_top, release, open/close,
toggle, load_onto, unload_from, navigate_to, wait.
- Some arms' bases LOCK while the gripper is loaded, and navigate_to then fails
  with BASE_LOCKED; such a robot cannot deliver what it picks up. Have it load
  the object onto a carrier robot with load_onto, let the carrier drive, and
  have an arm take it back at the far end with unload_from. Both actions name
  the *carrier* as their target and need the two robots within reach of each
  other. This is a division of labour, not a detour: it is why a task can need
  more than one of your robots.
- ONLY a robot marked [base locks while holding] needs a carrier. Any other
  robot that can grasp -- a drone, an unmarked arm -- carries what it holds by
  itself: grasp, navigate_to the support, place_on_top, done. A drone that can
  lift the cargo needs nobody: routing its cargo through a carrier and back is
  a detour that costs two extra actions and a round of waiting for nothing.
  Use the carrier for the base-locked robot's legs, and only for those.

CARRIER -- a robot with no arm: cargo rides on its back.
- A carrier and what it is carrying are ONE line in that robot's room listing:

    - agent_1  (teammate)  [carrier, carrying box.n.01_1]  -> unload_from

  The cargo has no line of its own and cannot be grasped where it sits.
  unload_from(agent_1) takes it off that carrier's back and into the acting
  robot's hand; load_onto(agent_1) puts what that robot holds onto it. Both
  name the carrier, both need the two robots within reach of each other, and
  unload_from is the only way to get cargo back.
- **A carrier has no arm**, so give it navigate_to and wait and nothing else:
  no grasp, no place, no release, no load_onto or unload_from -- those are done
  *to* it by a robot that does have a hand. Its own section lists its load on
  an "On your back:" line, and it cannot put that down itself. Its job is to
  drive to where an arm is waiting, which is the whole reason a task needs two
  of them.

DRONE -- flies, holds its load under a suction mount, and its base never locks:
it carries what it grasps by itself.
- What a drone may lift is limited. The drone cannot lift the notebook. A
  robot tagged [drone] can grasp and carry the die (die.n.01_1) but NOT the
  notebook (notebook.n.01_1): grasp or unload_from on it fails with
  CANNOT_LIFT, and getting closer does not change that. Only a robot with an
  arm can lift the notebook, so give that leg to an arm; this division of
  labour is what the task is built around.

THIS TEAM'S ROBOTS:
  - ridgeback_2: ARM, base LOCKS while holding (needs a carrier to move cargo)
  - jackal_2: CARRIER (no arm; navigate_to and wait only)
  - drone_2: DRONE (flies, carries what it holds; see the lift table)

WHO MAY LIFT WHAT (this activity):
  - notebook.n.01: arm

## 4. COOPERATION MODE: INDIVIDUAL
Every team plans for itself. No team sends or receives messages; you learn
what the other teams are doing only from what your robots see (a teammate of
another team in the listing, an object held by one of its robots). Do not
wait for others to speak. When another team already holds the cargo, give
your robots something else or wait.
---------------------------------- PROMPT / USER ----------------------------------
=== STEP 4029 ===

## 6. OBSERVATIONS -- TEAM team_2 (3 robots)

THE TEAM'S TASK (the same for every robot), in the ids it is written in:
  Move notebook.n.01_1, in this order, onto: the cabinet in the child's room, the bookcase in the kitchen. Move notebook.n.01_2, in this order, onto: the bookcase in the kitchen, the armchair in the dining room. Move notebook.n.01_3, in this order, onto: the armchair in the dining room, the coffee table in the living room. Move notebook.n.01_4, in this order, onto: the cabinet in the living room, the bed in the bedroom. Move notebook.n.01_5, in this order, onto: the cabinet in the bedroom, the bed in the child's room.
Route S1-M5, carry notebook.n.01_1 through these in order:
  done  C1  ontop(notebook.n.01_1, cabinet.n.01_1)
  NEXT  D   ontop(notebook.n.01_1, bookcase.n.01_1)
Route S1-M3, carry notebook.n.01_2 through these in order:
  done  C1  ontop(notebook.n.01_2, bookcase.n.01_1)
  NEXT  D   ontop(notebook.n.01_2, armchair.n.01_1)
Route S1-M2, carry notebook.n.01_3 through these in order:
  it starts ontop(notebook.n.01_3, floor.n.01_2)
  NEXT  C1  ontop(notebook.n.01_3, armchair.n.01_1)
        D   ontop(notebook.n.01_3, coffee_table.n.01_1)
Route S1-M1: complete -- notebook.n.01_4 is at its destination.
Route S1-M4, carry notebook.n.01_5 through these in order:
  it starts ontop(notebook.n.01_5, floor.n.01_4)
  NEXT  C1  ontop(notebook.n.01_5, cabinet.n.01_3)
        D   ontop(notebook.n.01_5, bed.n.01_1)
A support reached out of order does not count, and nothing is lost by it: progress resumes when the NEXT one holds.

=== ROBOT ridgeback_2 ===
Step 4029/8000 | you are ridgeback_2 in kitchen_0 (a kitchen)
Rooms in this house (navigate_to any of them): bathroom_0, bedroom_0, childs_room_0, closet_0, closet_1, corridor_0, dining_room_0, empty_room_0, empty_room_1, kitchen_0, living_room_0, staircase_0
Holding: nothing

kitchen_0:
  - bookcase.n.01_1  -> navigate_to
  - electric_refrigerator.n.01_1  Open  -> close, navigate_to  [Open is True]
  - floor.n.01_3  -> navigate_to
  - jackal_1  (teammate)  [carrier, carrying notebook.n.01_1]  -> navigate_to, unload_from
  - jackal_2  (teammate)  [carrier, carrying notebook.n.01_2]  -> navigate_to, unload_from
  - ridgeback_1  (teammate)  [base locks while holding]

Relations:
  ontop(jackal_1, floor.n.01_3)
  ontop(jackal_2, floor.n.01_3)
  ontop(ridgeback_1, floor.n.01_3)
  ontop(ridgeback_2, floor.n.01_3)
  under(jackal_1, notebook.n.01_1)
  under(jackal_2, notebook.n.01_2)

=== ROBOT jackal_2 ===
Step 4029/8000 | you are jackal_2 in kitchen_0 (a kitchen)
Rooms in this house (navigate_to any of them): bathroom_0, bedroom_0, childs_room_0, closet_0, closet_1, corridor_0, dining_room_0, empty_room_0, empty_room_1, kitchen_0, living_room_0, staircase_0
On your back: notebook.n.01_2
Holding: nothing

kitchen_0:
  - bookcase.n.01_1  -> unreachable, navigate_to  [2.6 m away]
  - electric_refrigerator.n.01_1  Open  -> navigate_to
  - floor.n.01_3  -> navigate_to
  - jackal_1  (teammate)  [carrier, carrying notebook.n.01_1]
  - ridgeback_1  (teammate)  [base locks while holding]
  - ridgeback_2  (teammate)  [base locks while holding]

Relations:
  ontop(jackal_1, floor.n.01_3)
  ontop(jackal_2, floor.n.01_3)
  ontop(ridgeback_1, floor.n.01_3)
  ontop(ridgeback_2, floor.n.01_3)
  under(jackal_1, notebook.n.01_1)
  under(jackal_2, notebook.n.01_2)

=== ROBOT drone_2 ===
Step 4029/8000 | you are drone_2 (drone) in living_room_0 (a living room)
Rooms in this house (navigate_to any of them): bathroom_0, bedroom_0, childs_room_0, closet_0, closet_1, corridor_0, dining_room_0, empty_room_0, empty_room_1, kitchen_0, living_room_0, staircase_0
Holding: nothing

living_room_0:
  - cabinet.n.01_2  Open  -> unreachable, navigate_to  [2.1 m away]
  - coffee_table.n.01_1  -> unreachable, navigate_to  [1.9 m away]
  - drone_1  (teammate)  [drone]
  - drone_3  (teammate)  [drone]
  - floor.n.01_1  -> navigate_to

Relations:
  ontop(cabinet.n.01_2, floor.n.01_1)
  ontop(coffee_table.n.01_1, floor.n.01_1)

## 9. ACTION HISTORY AND FAILURES
--- ridgeback_2 ---
Its current plan: wait_for_team(team_2) [interrupted]
YOUR FINISHED PLANS (most recent last):
  #10 [DONE] ontop(notebook.n.01_4, bed.n.01_2)
      plan: grasp(notebook.n.01_4) -> load_onto(jackal_2) -> wait(400) -> navigate_to(jackal_2) -> unload_from(jackal_2) -> place_on_top(bed.n.01_2)
      you chose it because: I handle notebook 4 as the arm: grasp it from the completed cabinet support, load it onto jackal_2 because my base locks while holding, then rendezvous at the bedroom bed to unload and place it.
  #11 [DONE] ontop(notebook.n.01_2, bookcase.n.01_1)
      plan: navigate_to(notebook.n.01_2) -> grasp(notebook.n.01_2) -> wait(450) -> load_onto(jackal_2) -> wait(100) -> navigate_to(bookcase.n.01_1) -> unload_from(jackal_2) -> place_on_top(bookcase.n.01_1)
      you chose it because: I take notebook 2, the next unassigned notebook route, and use jackal_2 to carry it because my base locks while holding. I rendezvous at the bookcase, unload, and complete the first support.
  #12 [FAILED] ontop(notebook.n.01_2, armchair.n.01_1)
      plan: grasp(notebook.n.01_2) -> load_onto(jackal_2) -> wait(400) -> navigate_to(armchair.n.01_1) -> unload_from(jackal_2) -> place_on_top(armchair.n.01_1)
      you chose it because: I handle notebook 2's next route leg. Because my base locks while holding, I load it onto jackal_2, then rendezvous at the dining-room armchair to unload and place it.
      it failed because: navigate_to: An error occurred during each attempt of this action. Attempt 0: PLANNING_ERROR: Cannot reach armchair_qplklw_2: there is no free floor space around it to stand on (need a spot 0.7-1.3...

--- jackal_2 ---
Its current plan: wait_for_team(team_2) [interrupted]
YOUR FINISHED PLANS (most recent last):
  #9 [FAILED] ontop(notebook.n.01_4, bed.n.01_2)
      plan: wait(150) -> navigate_to(bed.n.01_2) -> wait(300) -> place_on_top(bed.n.01_2)
      you chose it because: I am the carrier, so I wait for ridgeback_2 to load notebook 4, drive it to the next support bed.n.01_2, and hold there for the arm to unload and place it.
      it failed because: place_on_top: An error occurred during each attempt of this action. Attempt 0: PRE_CONDITION_ERROR: You have no arm, so you cannot place onto. You can navigate_to and wait. Cargo is put on your bac...
  #11 [FAILED] ontop(notebook.n.01_2, bookcase.n.01_1)
      plan: navigate_to(notebook.n.01_2) -> wait(450) -> navigate_to(bookcase.n.01_1) -> wait(250) -> place_on_top(bookcase.n.01_1)
      you chose it because: I serve exclusively as ridgeback_2's carrier: reach notebook 2 for loading, then transport it to the kitchen bookcase and remain there for unloading.
      it failed because: navigate_to: An error occurred during each attempt of this action. Attempt 0: PLANNING_ERROR: Cannot reach bookcase_owvfik_0: there is no free floor space around it to stand on (need a spot 1.2-1.8...
  #13 [FAILED] ontop(notebook.n.01_2, armchair.n.01_1)
      plan: wait(100) -> navigate_to(armchair.n.01_1) -> wait(500) -> place_on_top(armchair.n.01_1)
      you chose it because: I serve as ridgeback_2's carrier: allow time for loading, transport notebook 2 to the dining-room armchair, and hold there for unloading. I do not attempt placement because carriers have no arm.
      it failed because: navigate_to: An error occurred during each attempt of this action. Attempt 0: PLANNING_ERROR: Cannot reach armchair_qplklw_2: there is no free floor space around it to stand on (need a spot 0.9-1.5...

--- drone_2 ---
Its current plan: ontop(notebook.n.01_2, armchair.n.01_1) [success]
YOUR FINISHED PLANS (most recent last):
  #6 [DONE] ontop(notebook.n.01_4, bed.n.01_2)
      plan: wait(600)
      you chose it because: Notebook 4 requires an arm and is assigned exclusively to ridgeback_2 with jackal_2 as carrier; I cannot lift notebooks, so I wait without competing.
  #8 [DONE] ontop(notebook.n.01_3, armchair.n.01_1)
      plan: wait(100)
      you chose it because: I cannot lift notebooks, and notebook 5 is already held by another team's arm. I therefore avoid competing for cargo and wait while the arm-carrier pair handles notebook 2.
  #10 [DONE] ontop(notebook.n.01_2, armchair.n.01_1)
      plan: wait(600)
      you chose it because: Ridgeback_2 and jackal_2 are assigned exclusively to notebook 2. I cannot lift notebooks, so I wait and avoid a competing grasp.

Return exactly 3 plans, one per robot, using each robot's own ids. Say in `reasoning` how you divided the work.
-------------------------------------- COMPLETION --------------------------------------
  plans:
    [1]
      agent_id: ridgeback_2
      task:
        task: Task.ONTOP
        object_type: notebook.n.01_2
        object_id: 1
        reference: armchair.n.01_1
      actions:
        [1]
          action_type: wait
          ticks: 500
        [2]
          action_type: navigate_to
          target: jackal_2
        [3]
          action_type: unload_from
          target: jackal_2
      reasoning: I handle notebook 2's next leg. I wait for jackal_2 to reach the dining room, rendezvous with it, and unload the notebook; placement must be staged for a later observation because the armchair has no reachable standing space from the current listing.
    [2]
      agent_id: jackal_2
      task:
        task: Task.ONTOP
        object_type: notebook.n.01_2
        object_id: 1
        reference: armchair.n.01_1
      actions:
        [1]
          action_type: navigate_to
          target: dining_room_0
        [2]
          action_type: wait
          ticks: 300
      reasoning: As the carrier, I transport notebook 2 from the kitchen to a free position in the dining room and hold there for ridgeback_2 to unload it.
    [3]
      agent_id: drone_2
      task:
        task: Task.ONTOP
        object_type: notebook.n.01_2
        object_id: 1
        reference: armchair.n.01_1
      actions:
        [1]
          action_type: wait
          ticks: 600
      reasoning: I cannot lift notebooks, and notebook 2 is exclusively assigned to the ridgeback-carrier pair, so I wait without competing for the cargo.
  reasoning: Ridgeback_2 and jackal_2 continue notebook 2's route together: jackal_2 moves the held notebook to the dining room, then ridgeback_2 unloads it. Placement is deferred until the armchair and its local reachability can be observed safely. Drone_2 waits because it cannot lift notebooks.
====================================================================================================
#24  ridgeback_3  env_step 4266  t=589.24s  Team Plan Generation [team_3]
  usage: 7561 tokens (prompt 6780, completion 781)
---------------------------------- PROMPT / SYSTEM ----------------------------------
## 1. YOUR ROLE
You command TEAM 'team_3' -- 3 robots (ridgeback_3, jackal_3, drone_3) -- in a multi-agent
cooperative household task, alongside other teams doing the same. You are the
TEAM CONTROLLER: you are given all 3 robots' observations in one call and
answer with one plan per robot, in that same call.

- Divide the work. Two robots sent to the same object waste one of them: the
  loser burns the whole trip and its grasp fails with OBJECT_CLAIMED.
- Your robots start their plans together and you are not asked again until
  every one of them has finished. A robot that finishes early holds position
  and does nothing useful, so plans of wildly different lengths waste the
  short ones.
- Other teams are driven by their own controllers, not by you. You coordinate
  with them only through the messages quoted in this prompt.
- At the end of the prompt are each robot's last few plans, with their
  actions and how each ended, and the messages this team has sent and
  received. A plan that failed for a reason that still holds will fail the
  same way again, and a question you already asked has its answer in the
  record.

PLAN RESPONSE:
- Return a structured plan for EVERY robot listed above, one each, tagged with
  that robot's agent_id.
- Give each robot one task and at most 6 actions; 3-6 short
  executable actions are usually enough.
- Use exact item_id values from that robot's own section of the prompt.
- Say in the team-level `reasoning` how you divided the work between them.

## 2. ENVIRONMENT RULES
Your robots act through high-level primitives, not joint commands. Each one
takes many simulation steps: driving across a room costs 30 ticks per metre, so
distance is the main cost you control. None of them can see -- each is given a
symbolic description of the room it is standing in, and only that room, and
those descriptions are listed below one robot at a time.

Rules that decide whether an action succeeds:
- To grasp, place, open or toggle an object a robot must be closer to it than
  that object's own distance threshold; beyond it the action fails with TOO_FAR.
  Each object in a robot's room listing carries what that robot can do to it
  after "->", and a distance in metres ONLY when it is out of range -- no
  distance means that robot is already close enough to act on it now.
- An out-of-range object is marked "unreachable" and offers navigate_to and
  NOTHING else. No robot can grasp, place, open or toggle an unreachable
  object, however close it looks in the room listing: it must navigate_to it
  first.
- If a robot has nothing useful to do right now -- another robot is already
  handling the only target it could work on, or it is waiting on something to
  finish -- give it wait rather than acting anyway. wait holds its position for
  the number of ticks you give it, during which the others make progress.
- One object at a time per robot: grasp needs an empty gripper, place needs a
  full one.
- Objects are exclusive, including between your own robots. If anyone is
  holding something, a grasp for it fails with "held by <agent>". Sending two
  robots after one target costs the loser the whole trip for nothing.
- Some tasks are a route: THE TEAM'S TASK lists supports the cargo must rest on
  in order, marked done / NEXT. Only the NEXT support counts when the cargo is
  placed on it; a support reached out of order does not count and costs
  nothing -- progress resumes when NEXT holds. Progress is judged on where the
  cargo rests, not on what a robot intended.
- Every id in THE TEAM'S TASK is a valid navigate_to target for any robot from
  ANY room, even when it is not in that robot's listing: navigate_to(<that id>)
  drives it there, through the house, and its next listing shows that room.
  That is how a robot changes rooms. The cargo is where the task says it
  starts (or on the last support marked done) -- send a robot there; it will
  not be found where the robots stand.
- The line "Rooms in this house" names every room. navigate_to(<room name>)
  drives a robot to a free spot inside that room, so it can reach a room whose
  objects it cannot name yet, or go and look for something.
- Refer to objects only by the ids in that robot's own room listing, which are
  the objects in the room it is standing in. They look like apple.n.01_1. Never
  invent one, and never give one robot an id that appeared only under another
  robot -- it is in a room that robot cannot see.
- An entry marked "blocked" is in that room but currently unavailable -- the
  bracketed note says why.

When an action fails, that robot's plan is abandoned. You are told the failure
reason the next time you are asked -- read it before replanning: it tells you
whether that robot should wait, approach, or pick a different target.

## 3. ROBOT CAPABILITIES
Three kinds of robot. A robot's kind is on its own header ("(drone)") and on
its line in a teammate's listing ("[carrier, ...]", "[base locks while
holding]", "[drone]").

ARM -- a robot with a gripper: grasp, place_on_top, release, open/close,
toggle, load_onto, unload_from, navigate_to, wait.
- Some arms' bases LOCK while the gripper is loaded, and navigate_to then fails
  with BASE_LOCKED; such a robot cannot deliver what it picks up. Have it load
  the object onto a carrier robot with load_onto, let the carrier drive, and
  have an arm take it back at the far end with unload_from. Both actions name
  the *carrier* as their target and need the two robots within reach of each
  other. This is a division of labour, not a detour: it is why a task can need
  more than one of your robots.
- ONLY a robot marked [base locks while holding] needs a carrier. Any other
  robot that can grasp -- a drone, an unmarked arm -- carries what it holds by
  itself: grasp, navigate_to the support, place_on_top, done. A drone that can
  lift the cargo needs nobody: routing its cargo through a carrier and back is
  a detour that costs two extra actions and a round of waiting for nothing.
  Use the carrier for the base-locked robot's legs, and only for those.

CARRIER -- a robot with no arm: cargo rides on its back.
- A carrier and what it is carrying are ONE line in that robot's room listing:

    - agent_1  (teammate)  [carrier, carrying box.n.01_1]  -> unload_from

  The cargo has no line of its own and cannot be grasped where it sits.
  unload_from(agent_1) takes it off that carrier's back and into the acting
  robot's hand; load_onto(agent_1) puts what that robot holds onto it. Both
  name the carrier, both need the two robots within reach of each other, and
  unload_from is the only way to get cargo back.
- **A carrier has no arm**, so give it navigate_to and wait and nothing else:
  no grasp, no place, no release, no load_onto or unload_from -- those are done
  *to* it by a robot that does have a hand. Its own section lists its load on
  an "On your back:" line, and it cannot put that down itself. Its job is to
  drive to where an arm is waiting, which is the whole reason a task needs two
  of them.

DRONE -- flies, holds its load under a suction mount, and its base never locks:
it carries what it grasps by itself.
- What a drone may lift is limited. The drone cannot lift the notebook. A
  robot tagged [drone] can grasp and carry the die (die.n.01_1) but NOT the
  notebook (notebook.n.01_1): grasp or unload_from on it fails with
  CANNOT_LIFT, and getting closer does not change that. Only a robot with an
  arm can lift the notebook, so give that leg to an arm; this division of
  labour is what the task is built around.

THIS TEAM'S ROBOTS:
  - ridgeback_3: ARM, base LOCKS while holding (needs a carrier to move cargo)
  - jackal_3: CARRIER (no arm; navigate_to and wait only)
  - drone_3: DRONE (flies, carries what it holds; see the lift table)

WHO MAY LIFT WHAT (this activity):
  - notebook.n.01: arm

## 4. COOPERATION MODE: INDIVIDUAL
Every team plans for itself. No team sends or receives messages; you learn
what the other teams are doing only from what your robots see (a teammate of
another team in the listing, an object held by one of its robots). Do not
wait for others to speak. When another team already holds the cargo, give
your robots something else or wait.
---------------------------------- PROMPT / USER ----------------------------------
=== STEP 4266 ===

## 6. OBSERVATIONS -- TEAM team_3 (3 robots)

THE TEAM'S TASK (the same for every robot), in the ids it is written in:
  Move notebook.n.01_1, in this order, onto: the cabinet in the child's room, the bookcase in the kitchen. Move notebook.n.01_2, in this order, onto: the bookcase in the kitchen, the armchair in the dining room. Move notebook.n.01_3, in this order, onto: the armchair in the dining room, the coffee table in the living room. Move notebook.n.01_4, in this order, onto: the cabinet in the living room, the bed in the bedroom. Move notebook.n.01_5, in this order, onto: the cabinet in the bedroom, the bed in the child's room.
Route S1-M5, carry notebook.n.01_1 through these in order:
  done  C1  ontop(notebook.n.01_1, cabinet.n.01_1)
  NEXT  D   ontop(notebook.n.01_1, bookcase.n.01_1)
Route S1-M3, carry notebook.n.01_2 through these in order:
  done  C1  ontop(notebook.n.01_2, bookcase.n.01_1)
  NEXT  D   ontop(notebook.n.01_2, armchair.n.01_1)
Route S1-M2, carry notebook.n.01_3 through these in order:
  it starts ontop(notebook.n.01_3, floor.n.01_2)
  NEXT  C1  ontop(notebook.n.01_3, armchair.n.01_1)
        D   ontop(notebook.n.01_3, coffee_table.n.01_1)
Route S1-M1: complete -- notebook.n.01_4 is at its destination.
Route S1-M4, carry notebook.n.01_5 through these in order:
  it starts ontop(notebook.n.01_5, floor.n.01_4)
  NEXT  C1  ontop(notebook.n.01_5, cabinet.n.01_3)
        D   ontop(notebook.n.01_5, bed.n.01_1)
A support reached out of order does not count, and nothing is lost by it: progress resumes when the NEXT one holds.

=== ROBOT ridgeback_3 ===
Step 4266/8000 | you are ridgeback_3 in bedroom_0 (a bedroom)
Rooms in this house (navigate_to any of them): bathroom_0, bedroom_0, childs_room_0, closet_0, closet_1, corridor_0, dining_room_0, empty_room_0, empty_room_1, kitchen_0, living_room_0, staircase_0
Holding: nothing

bedroom_0:
  - bed.n.01_2  -> grasp, navigate_to
  - cabinet.n.01_3  -> unreachable, navigate_to  [2.5 m away]
  - floor.n.01_4  -> navigate_to
  - jackal_3  (teammate)  [carrier, carrying notebook.n.01_5]  -> navigate_to, unload_from
  - notebook.n.01_4  -> unreachable, navigate_to  [1.2 m away]

Relations:
  ontop(bed.n.01_2, floor.n.01_4)
  ontop(cabinet.n.01_3, floor.n.01_4)
  ontop(jackal_3, floor.n.01_4)
  ontop(notebook.n.01_4, bed.n.01_2)
  ontop(ridgeback_3, floor.n.01_4)
  under(floor.n.01_4, bed.n.01_2)
  under(jackal_3, notebook.n.01_5)

=== ROBOT jackal_3 ===
Step 4266/8000 | you are jackal_3 in bedroom_0 (a bedroom)
Rooms in this house (navigate_to any of them): bathroom_0, bedroom_0, childs_room_0, closet_0, closet_1, corridor_0, dining_room_0, empty_room_0, empty_room_1, kitchen_0, living_room_0, staircase_0
On your back: notebook.n.01_5
Holding: nothing

bedroom_0:
  - bed.n.01_2  -> navigate_to
  - cabinet.n.01_3  -> navigate_to
  - floor.n.01_4  -> navigate_to
  - notebook.n.01_4  -> navigate_to
  - ridgeback_3  (teammate)  [base locks while holding]

Relations:
  ontop(bed.n.01_2, floor.n.01_4)
  ontop(cabinet.n.01_3, floor.n.01_4)
  ontop(jackal_3, floor.n.01_4)
  ontop(notebook.n.01_4, bed.n.01_2)
  ontop(ridgeback_3, floor.n.01_4)
  under(floor.n.01_4, bed.n.01_2)
  under(jackal_3, notebook.n.01_5)

=== ROBOT drone_3 ===
Step 4266/8000 | you are drone_3 (drone) in living_room_0 (a living room)
Rooms in this house (navigate_to any of them): bathroom_0, bedroom_0, childs_room_0, closet_0, closet_1, corridor_0, dining_room_0, empty_room_0, empty_room_1, kitchen_0, living_room_0, staircase_0
Holding: nothing

living_room_0:
  - cabinet.n.01_2  Open  -> unreachable, navigate_to  [2.6 m away]
  - coffee_table.n.01_1  -> grasp, navigate_to
  - drone_1  (teammate)  [drone]
  - drone_2  (teammate)  [drone]
  - floor.n.01_1  -> navigate_to

Relations:
  ontop(cabinet.n.01_2, floor.n.01_1)
  ontop(coffee_table.n.01_1, floor.n.01_1)

## 9. ACTION HISTORY AND FAILURES
--- ridgeback_3 ---
Its current plan: wait_for_team(team_3) [interrupted]
YOUR FINISHED PLANS (most recent last):
  #9 [FAILED] ontop(notebook.n.01_5, cabinet.n.01_3)
      plan: wait(250) -> load_onto(jackal_3) -> wait(600) -> unload_from(jackal_3) -> place_on_top(cabinet.n.01_3)
      you chose it because: Notebook 5 is already held. Wait for jackal_3 to approach, load the notebook onto the carrier, then unload and place it on the required cabinet after transport.
      it failed because: place_on_top: An error occurred during each attempt of this action. Attempt 0: PRE_CONDITION_ERROR: You are 2.49 m from bottom_cabinet_jrhgeu_0, too far to place onto it (you must be within 1.52 m)...
  #11 [FAILED] ontop(notebook.n.01_5, cabinet.n.01_3)
      plan: load_onto(jackal_3) -> wait(500) -> unload_from(jackal_3) -> navigate_to(cabinet.n.01_3) -> place_on_top(cabinet.n.01_3)
      you chose it because: Notebook 5 is already held and jackal_3 is now within loading range. Load it onto the carrier; jackal_3 will take it to the cabinet and return so I can unload, approach the cabinet, and place it.
      it failed because: navigate_to: An error occurred during each attempt of this action. Attempt 0: PRE_CONDITION_ERROR: You cannot drive while holding notebook_154: your base is locked whenever your arm is loaded. Put ...
  #13 [FAILED] ontop(notebook.n.01_5, cabinet.n.01_3)
      plan: wait(500) -> load_onto(jackal_3) -> wait(100) -> wait(100) -> wait(100) -> wait(100) -> place_on_top(cabinet.n.01_3)
      you chose it because: Ridgeback must transfer the held notebook to jackal_3 because its base locks while holding. After loading, jackal_3 will transport it to the cabinet; this plan pauses while that transport occurs.
      it failed because: place_on_top: An error occurred during each attempt of this action. Attempt 0: PRE_CONDITION_ERROR: You are 2.49 m from bottom_cabinet_jrhgeu_0, too far to place onto it (you must be within 1.52 m)...

--- jackal_3 ---
Its current plan: ontop(notebook.n.01_5, cabinet.n.01_3) [failed]
YOUR FINISHED PLANS (most recent last):
  #9 [FAILED] ontop(notebook.n.01_5, cabinet.n.01_3)
      plan: navigate_to(ridgeback_3) -> wait(300) -> navigate_to(cabinet.n.01_3) -> wait(600) -> place_on_top(cabinet.n.01_3)
      you chose it because: Jackal_3 is the carrier for the base-locked ridgeback. It approaches ridgeback_3 for loading, transports the notebook to cabinet.n.01_3, and waits there for unloading.
      it failed because: place_on_top: An error occurred during each attempt of this action. Attempt 0: PRE_CONDITION_ERROR: You have no arm, so you cannot place onto. You can navigate_to and wait. Cargo is put on your bac...
  #10 [FAILED] ontop(notebook.n.01_5, cabinet.n.01_3)
      plan: wait(100) -> navigate_to(cabinet.n.01_3) -> navigate_to(ridgeback_3) -> place_on_top(cabinet.n.01_3)
      you chose it because: Act only as the carrier for the base-locked ridgeback: allow loading to complete, drive the notebook to the required cabinet, then return within unload range of ridgeback_3.
      it failed because: place_on_top: An error occurred during each attempt of this action. Attempt 0: PRE_CONDITION_ERROR: You have no arm, so you cannot place onto. You can navigate_to and wait. Cargo is put on your bac...
  #12 [FAILED] ontop(notebook.n.01_5, cabinet.n.01_3)
      plan: navigate_to(ridgeback_3) -> wait(600) -> navigate_to(cabinet.n.01_3) -> wait(300) -> navigate_to(ridgeback_3) -> place_on_top(cabinet.n.01_3)
      you chose it because: Jackal_3 is the carrier: approach ridgeback for loading, carry notebook 5 to cabinet.n.01_3, then return to ridgeback so it can unload and place the notebook.
      it failed because: place_on_top: An error occurred during each attempt of this action. Attempt 0: PRE_CONDITION_ERROR: You have no arm, so you cannot place onto. You can navigate_to and wait. Cargo is put on your bac...

--- drone_3 ---
Its current plan: wait_for_team(team_3) [interrupted]
YOUR FINISHED PLANS (most recent last):
  #7 [DONE] ontop(notebook.n.01_5, cabinet.n.01_3)
      plan: wait(100)
      you chose it because: The drone cannot lift notebooks and should not contest the active arm-and-carrier operation, so it remains idle.
  #9 [DONE] ontop(notebook.n.01_5, cabinet.n.01_3)
      plan: wait(600)
      you chose it because: The active notebook requires an arm and is already held by ridgeback_3; remain idle rather than competing for it.
  #10 [DONE] ontop(notebook.n.01_5, cabinet.n.01_3)
      plan: wait(150)
      you chose it because: The active cargo is a notebook, which the drone cannot lift. It waits without competing while ridgeback and jackal perform the arm-and-carrier transfer.

Return exactly 3 plans, one per robot, using each robot's own ids. Say in `reasoning` how you divided the work.
-------------------------------------- COMPLETION --------------------------------------
  plans:
    [1]
      agent_id: ridgeback_3
      task:
        task: Task.ONTOP
        object_type: notebook.n.01_5
        object_id: 1
        reference: cabinet.n.01_3
      actions:
        [1]
          action_type: wait
          ticks: 350
        [2]
          action_type: unload_from
          target: jackal_3
        [3]
          action_type: navigate_to
          target: cabinet.n.01_3
        [4]
          action_type: place_on_top
          target: cabinet.n.01_3
      reasoning: The notebook is already on jackal_3. Wait for the carrier to transport it and return, unload it, then approach the cabinet before placing it; the previous attempt failed because placement was attempted from too far away.
    [2]
      agent_id: jackal_3
      task:
        task: Task.ONTOP
        object_type: notebook.n.01_5
        object_id: 1
        reference: cabinet.n.01_3
      actions:
        [1]
          action_type: navigate_to
          target: cabinet.n.01_3
        [2]
          action_type: wait
          ticks: 150
        [3]
          action_type: navigate_to
          target: ridgeback_3
      reasoning: Act as the carrier: drive the held notebook to cabinet.n.01_3, pause for ridgeback_3 to be ready, then return within unloading range so the arm can place it.
    [3]
      agent_id: drone_3
      task:
        task: Task.ONTOP
        object_type: notebook.n.01_5
        object_id: 1
        reference: cabinet.n.01_3
      actions:
        [1]
          action_type: wait
          ticks: 500
      reasoning: The active cargo is a notebook, which the drone cannot lift. Wait while ridgeback_3 and jackal_3 complete the carrier transfer without contesting the notebook.
  reasoning: Ridgeback_3 performs the arm-only unload and final placement, while jackal_3 transports the notebook because ridgeback_3's base locks when holding cargo. Drone_3 waits because it cannot lift notebooks and has no useful independent target.
====================================================================================================
#25  ridgeback_1  env_step 4611  t=624.991s  Team Plan Generation [team_1]
  usage: 7910 tokens (prompt 6635, completion 1275)
---------------------------------- PROMPT / SYSTEM ----------------------------------
## 1. YOUR ROLE
You command TEAM 'team_1' -- 3 robots (ridgeback_1, jackal_1, drone_1) -- in a multi-agent
cooperative household task, alongside other teams doing the same. You are the
TEAM CONTROLLER: you are given all 3 robots' observations in one call and
answer with one plan per robot, in that same call.

- Divide the work. Two robots sent to the same object waste one of them: the
  loser burns the whole trip and its grasp fails with OBJECT_CLAIMED.
- Your robots start their plans together and you are not asked again until
  every one of them has finished. A robot that finishes early holds position
  and does nothing useful, so plans of wildly different lengths waste the
  short ones.
- Other teams are driven by their own controllers, not by you. You coordinate
  with them only through the messages quoted in this prompt.
- At the end of the prompt are each robot's last few plans, with their
  actions and how each ended, and the messages this team has sent and
  received. A plan that failed for a reason that still holds will fail the
  same way again, and a question you already asked has its answer in the
  record.

PLAN RESPONSE:
- Return a structured plan for EVERY robot listed above, one each, tagged with
  that robot's agent_id.
- Give each robot one task and at most 6 actions; 3-6 short
  executable actions are usually enough.
- Use exact item_id values from that robot's own section of the prompt.
- Say in the team-level `reasoning` how you divided the work between them.

## 2. ENVIRONMENT RULES
Your robots act through high-level primitives, not joint commands. Each one
takes many simulation steps: driving across a room costs 30 ticks per metre, so
distance is the main cost you control. None of them can see -- each is given a
symbolic description of the room it is standing in, and only that room, and
those descriptions are listed below one robot at a time.

Rules that decide whether an action succeeds:
- To grasp, place, open or toggle an object a robot must be closer to it than
  that object's own distance threshold; beyond it the action fails with TOO_FAR.
  Each object in a robot's room listing carries what that robot can do to it
  after "->", and a distance in metres ONLY when it is out of range -- no
  distance means that robot is already close enough to act on it now.
- An out-of-range object is marked "unreachable" and offers navigate_to and
  NOTHING else. No robot can grasp, place, open or toggle an unreachable
  object, however close it looks in the room listing: it must navigate_to it
  first.
- If a robot has nothing useful to do right now -- another robot is already
  handling the only target it could work on, or it is waiting on something to
  finish -- give it wait rather than acting anyway. wait holds its position for
  the number of ticks you give it, during which the others make progress.
- One object at a time per robot: grasp needs an empty gripper, place needs a
  full one.
- Objects are exclusive, including between your own robots. If anyone is
  holding something, a grasp for it fails with "held by <agent>". Sending two
  robots after one target costs the loser the whole trip for nothing.
- Some tasks are a route: THE TEAM'S TASK lists supports the cargo must rest on
  in order, marked done / NEXT. Only the NEXT support counts when the cargo is
  placed on it; a support reached out of order does not count and costs
  nothing -- progress resumes when NEXT holds. Progress is judged on where the
  cargo rests, not on what a robot intended.
- Every id in THE TEAM'S TASK is a valid navigate_to target for any robot from
  ANY room, even when it is not in that robot's listing: navigate_to(<that id>)
  drives it there, through the house, and its next listing shows that room.
  That is how a robot changes rooms. The cargo is where the task says it
  starts (or on the last support marked done) -- send a robot there; it will
  not be found where the robots stand.
- The line "Rooms in this house" names every room. navigate_to(<room name>)
  drives a robot to a free spot inside that room, so it can reach a room whose
  objects it cannot name yet, or go and look for something.
- Refer to objects only by the ids in that robot's own room listing, which are
  the objects in the room it is standing in. They look like apple.n.01_1. Never
  invent one, and never give one robot an id that appeared only under another
  robot -- it is in a room that robot cannot see.
- An entry marked "blocked" is in that room but currently unavailable -- the
  bracketed note says why.

When an action fails, that robot's plan is abandoned. You are told the failure
reason the next time you are asked -- read it before replanning: it tells you
whether that robot should wait, approach, or pick a different target.

## 3. ROBOT CAPABILITIES
Three kinds of robot. A robot's kind is on its own header ("(drone)") and on
its line in a teammate's listing ("[carrier, ...]", "[base locks while
holding]", "[drone]").

ARM -- a robot with a gripper: grasp, place_on_top, release, open/close,
toggle, load_onto, unload_from, navigate_to, wait.
- Some arms' bases LOCK while the gripper is loaded, and navigate_to then fails
  with BASE_LOCKED; such a robot cannot deliver what it picks up. Have it load
  the object onto a carrier robot with load_onto, let the carrier drive, and
  have an arm take it back at the far end with unload_from. Both actions name
  the *carrier* as their target and need the two robots within reach of each
  other. This is a division of labour, not a detour: it is why a task can need
  more than one of your robots.
- ONLY a robot marked [base locks while holding] needs a carrier. Any other
  robot that can grasp -- a drone, an unmarked arm -- carries what it holds by
  itself: grasp, navigate_to the support, place_on_top, done. A drone that can
  lift the cargo needs nobody: routing its cargo through a carrier and back is
  a detour that costs two extra actions and a round of waiting for nothing.
  Use the carrier for the base-locked robot's legs, and only for those.

CARRIER -- a robot with no arm: cargo rides on its back.
- A carrier and what it is carrying are ONE line in that robot's room listing:

    - agent_1  (teammate)  [carrier, carrying box.n.01_1]  -> unload_from

  The cargo has no line of its own and cannot be grasped where it sits.
  unload_from(agent_1) takes it off that carrier's back and into the acting
  robot's hand; load_onto(agent_1) puts what that robot holds onto it. Both
  name the carrier, both need the two robots within reach of each other, and
  unload_from is the only way to get cargo back.
- **A carrier has no arm**, so give it navigate_to and wait and nothing else:
  no grasp, no place, no release, no load_onto or unload_from -- those are done
  *to* it by a robot that does have a hand. Its own section lists its load on
  an "On your back:" line, and it cannot put that down itself. Its job is to
  drive to where an arm is waiting, which is the whole reason a task needs two
  of them.

DRONE -- flies, holds its load under a suction mount, and its base never locks:
it carries what it grasps by itself.
- What a drone may lift is limited. The drone cannot lift the notebook. A
  robot tagged [drone] can grasp and carry the die (die.n.01_1) but NOT the
  notebook (notebook.n.01_1): grasp or unload_from on it fails with
  CANNOT_LIFT, and getting closer does not change that. Only a robot with an
  arm can lift the notebook, so give that leg to an arm; this division of
  labour is what the task is built around.

THIS TEAM'S ROBOTS:
  - ridgeback_1: ARM, base LOCKS while holding (needs a carrier to move cargo)
  - jackal_1: CARRIER (no arm; navigate_to and wait only)
  - drone_1: DRONE (flies, carries what it holds; see the lift table)

WHO MAY LIFT WHAT (this activity):
  - notebook.n.01: arm

## 4. COOPERATION MODE: INDIVIDUAL
Every team plans for itself. No team sends or receives messages; you learn
what the other teams are doing only from what your robots see (a teammate of
another team in the listing, an object held by one of its robots). Do not
wait for others to speak. When another team already holds the cargo, give
your robots something else or wait.
---------------------------------- PROMPT / USER ----------------------------------
=== STEP 4611 ===

## 6. OBSERVATIONS -- TEAM team_1 (3 robots)

THE TEAM'S TASK (the same for every robot), in the ids it is written in:
  Move notebook.n.01_1, in this order, onto: the cabinet in the child's room, the bookcase in the kitchen. Move notebook.n.01_2, in this order, onto: the bookcase in the kitchen, the armchair in the dining room. Move notebook.n.01_3, in this order, onto: the armchair in the dining room, the coffee table in the living room. Move notebook.n.01_4, in this order, onto: the cabinet in the living room, the bed in the bedroom. Move notebook.n.01_5, in this order, onto: the cabinet in the bedroom, the bed in the child's room.
Route S1-M5, carry notebook.n.01_1 through these in order:
  done  C1  ontop(notebook.n.01_1, cabinet.n.01_1)
  NEXT  D   ontop(notebook.n.01_1, bookcase.n.01_1)
Route S1-M3, carry notebook.n.01_2 through these in order:
  done  C1  ontop(notebook.n.01_2, bookcase.n.01_1)
  NEXT  D   ontop(notebook.n.01_2, armchair.n.01_1)
Route S1-M2, carry notebook.n.01_3 through these in order:
  it starts ontop(notebook.n.01_3, floor.n.01_2)
  NEXT  C1  ontop(notebook.n.01_3, armchair.n.01_1)
        D   ontop(notebook.n.01_3, coffee_table.n.01_1)
Route S1-M1: complete -- notebook.n.01_4 is at its destination.
Route S1-M4, carry notebook.n.01_5 through these in order:
  it starts ontop(notebook.n.01_5, floor.n.01_4)
  NEXT  C1  ontop(notebook.n.01_5, cabinet.n.01_3)
        D   ontop(notebook.n.01_5, bed.n.01_1)
A support reached out of order does not count, and nothing is lost by it: progress resumes when the NEXT one holds.

=== ROBOT ridgeback_1 ===
Step 4611/8000 | you are ridgeback_1 in kitchen_0 (a kitchen)
Rooms in this house (navigate_to any of them): bathroom_0, bedroom_0, childs_room_0, closet_0, closet_1, corridor_0, dining_room_0, empty_room_0, empty_room_1, kitchen_0, living_room_0, staircase_0
Holding: notebook.n.01_1 (notebook)  [your base is locked while loaded: no navigate_to]

kitchen_0:
  - bookcase.n.01_1  -> unreachable  [too far (1.8 m) -- and your base is locked while you hold notebook.n.01_1]
  - electric_refrigerator.n.01_1  Open  -> unreachable  [too far (2.0 m) -- and your base is locked while you hold notebook.n.01_1]
  - floor.n.01_3  -> place_on_top  [places notebook.n.01_1]
  - jackal_1  (teammate)  [carrier, empty]  -> load_onto
  - notebook.n.01_1  held by ridgeback_1  -> release  [drops what you hold]
  - ridgeback_2  (teammate)  [base locks while holding]

Relations:
  ontop(jackal_1, floor.n.01_3)
  ontop(notebook.n.01_1, ridgeback_1)
  ontop(ridgeback_1, floor.n.01_3)
  ontop(ridgeback_2, floor.n.01_3)

=== ROBOT jackal_1 ===
Step 4611/8000 | you are jackal_1 in kitchen_0 (a kitchen)
Rooms in this house (navigate_to any of them): bathroom_0, bedroom_0, childs_room_0, closet_0, closet_1, corridor_0, dining_room_0, empty_room_0, empty_room_1, kitchen_0, living_room_0, staircase_0
Holding: nothing

kitchen_0:
  - bookcase.n.01_1  -> navigate_to
  - electric_refrigerator.n.01_1  Open  -> navigate_to
  - floor.n.01_3  -> navigate_to
  - notebook.n.01_1  held by ridgeback_1  -> navigate_to
  - ridgeback_1  (teammate)  [base locks while holding]
  - ridgeback_2  (teammate)  [base locks while holding]

Relations:
  ontop(jackal_1, floor.n.01_3)
  ontop(notebook.n.01_1, ridgeback_1)
  ontop(ridgeback_1, floor.n.01_3)
  ontop(ridgeback_2, floor.n.01_3)

=== ROBOT drone_1 ===
Step 4611/8000 | you are drone_1 (drone) in living_room_0 (a living room)
Rooms in this house (navigate_to any of them): bathroom_0, bedroom_0, childs_room_0, closet_0, closet_1, corridor_0, dining_room_0, empty_room_0, empty_room_1, kitchen_0, living_room_0, staircase_0
Holding: nothing

living_room_0:
  - cabinet.n.01_2  Open  -> unreachable, navigate_to  [3.2 m away]
  - coffee_table.n.01_1  -> grasp, navigate_to
  - drone_2  (teammate)  [drone]
  - drone_3  (teammate)  [drone]
  - floor.n.01_1  -> navigate_to

Relations:
  ontop(cabinet.n.01_2, floor.n.01_1)
  ontop(coffee_table.n.01_1, floor.n.01_1)

## 9. ACTION HISTORY AND FAILURES
--- ridgeback_1 ---
Its current plan: wait_for_team(team_1) [interrupted]
YOUR FINISHED PLANS (most recent last):
  #11 [FAILED] ontop(notebook.n.01_1, bookcase.n.01_1)
      plan: navigate_to(jackal_1) -> unload_from(jackal_1) -> navigate_to(bookcase.n.01_1) -> place_on_top(bookcase.n.01_1)
      you chose it because: Ridgeback must reclaim notebook.n.01_1 from the carrier at close range, then carry it unlocked to the kitchen bookcase and place it on the next required support.
      it failed because: navigate_to: An error occurred during each attempt of this action. Attempt 0: PRE_CONDITION_ERROR: You cannot drive while holding notebook_158: your base is locked whenever your arm is loaded. Put ...
  #13 [FAILED] ontop(notebook.n.01_1, bookcase.n.01_1)
      plan: load_onto(jackal_1) -> wait(300) -> navigate_to(jackal_1) -> unload_from(jackal_1) -> place_on_top(bookcase.n.01_1)
      you chose it because: Ridgeback transfers the held notebook to jackal_1 because its base locks while holding, then approaches the carrier after transport and performs the final placement on the bookcase.
      it failed because: place_on_top: An error occurred during each attempt of this action. Attempt 0: PRE_CONDITION_ERROR: You are 1.70 m from bookcase_owvfik_0, too far to place onto it (you must be within 1.70 m). Navi...
  #15 [FAILED] ontop(notebook.n.01_1, bookcase.n.01_1)
      plan: load_onto(jackal_1) -> wait(300) -> navigate_to(jackal_1) -> unload_from(jackal_1) -> navigate_to(bookcase.n.01_1) -> place_on_top(bookcase.n.01_1)
      you chose it because: Ridgeback transfers the held notebook to jackal_1 so its locked base is free, then meets the carrier, unloads, and performs the final placement on the bookcase.
      it failed because: navigate_to: An error occurred during each attempt of this action. Attempt 0: PRE_CONDITION_ERROR: You cannot drive while holding notebook_158: your base is locked whenever your arm is loaded. Put ...

--- jackal_1 ---
Its current plan: wait_for_team(team_1) [interrupted]
YOUR FINISHED PLANS (most recent last):
  #12 [DONE] ontop(notebook.n.01_1, bookcase.n.01_1)
      plan: wait(500)
      you chose it because: Jackal is already carrying notebook.n.01_1 in the kitchen. It waits in place so ridgeback_1 can navigate to it and unload the notebook; only the arm can perform the final placement.
  #14 [FAILED] ontop(notebook.n.01_1, bookcase.n.01_1)
      plan: navigate_to(bookcase.n.01_1) -> wait(500) -> place_on_top(bookcase.n.01_1)
      you chose it because: Jackal_1 is the carrier: it drives the notebook to the kitchen bookcase and waits there for ridgeback_1 to unload and place it.
      it failed because: navigate_to: An error occurred during each attempt of this action. Attempt 0: PLANNING_ERROR: Cannot reach bookcase_owvfik_0: there is no free floor space around it to stand on (need a spot 1.2-1.8...
  #16 [FAILED] ontop(notebook.n.01_1, bookcase.n.01_1)
      plan: navigate_to(floor.n.01_3) -> wait(500) -> place_on_top(bookcase.n.01_1)
      you chose it because: Jackal_1 carries notebook.n.01_1 and stays at a reachable free floor position near the bookcase, allowing ridgeback_1 to approach and unload it for placement.
      it failed because: place_on_top: An error occurred during each attempt of this action. Attempt 0: PRE_CONDITION_ERROR: You have no arm, so you cannot place onto. You can navigate_to and wait. Cargo is put on your bac...

--- drone_1 ---
Its current plan: ontop(notebook.n.01_1, bookcase.n.01_1) [success]
YOUR FINISHED PLANS (most recent last):
  #7 [DONE] ontop(notebook.n.01_3, coffee_table.n.01_1)
      plan: wait(500)
      you chose it because: Drone_1 cannot lift notebooks, and the available notebook is already exclusively held by ridgeback_1 via jackal_1. It waits rather than contesting the active transfer.
  #8 [DONE] ontop(notebook.n.01_1, bookcase.n.01_1)
      plan: wait(600)
      you chose it because: The drone cannot lift notebooks and should avoid contesting the active arm-and-carrier transfer, so it waits.
  #9 [DONE] ontop(notebook.n.01_1, bookcase.n.01_1)
      plan: wait(600)
      you chose it because: The drone cannot lift notebooks, so it remains clear while ridgeback_1 and jackal_1 complete the carrier transfer.

Return exactly 3 plans, one per robot, using each robot's own ids. Say in `reasoning` how you divided the work.
-------------------------------------- COMPLETION --------------------------------------
  plans:
    [1]
      agent_id: ridgeback_1
      task:
        task: Task.ONTOP
        object_type: notebook.n.01_1
        object_id: 1
        reference: bookcase.n.01_1
      actions:
        [1]
          action_type: load_onto
          target: jackal_1
        [2]
          action_type: wait
          ticks: 500
        [3]
          action_type: navigate_to
          target: jackal_1
        [4]
          action_type: unload_from
          target: jackal_1
        [5]
          action_type: place_on_top
          target: bookcase.n.01_1
      reasoning: Ridgeback transfers the held notebook to the carrier, then meets it at the carrier's floor position and performs the final placement directly from that position; it must not navigate while holding because its base locks.
    [2]
      agent_id: jackal_1
      task:
        task: Task.ONTOP
        object_type: notebook.n.01_1
        object_id: 1
        reference: bookcase.n.01_1
      actions:
        [1]
          action_type: wait
          ticks: 200
        [2]
          action_type: navigate_to
          target: floor.n.01_3
        [3]
          action_type: wait
          ticks: 600
      reasoning: Jackal waits long enough for the load transfer, moves to the reachable floor position near the bookcase rather than the obstructed bookcase target, and waits there for ridgeback to unload the notebook.
    [3]
      agent_id: drone_1
      task:
        task: Task.ONTOP
        object_type: notebook.n.01_1
        object_id: 1
        reference: bookcase.n.01_1
      actions:
        [1]
          action_type: wait
          ticks: 100
      reasoning: The drone cannot lift notebooks and the notebook is already exclusively held by ridgeback, so it stays clear while the arm and carrier complete the transfer.
  reasoning: Ridgeback handles the notebook with its arm, jackal provides the required transport because ridgeback's base locks while loaded, and the drone waits because it cannot lift this cargo.
====================================================================================================
#26  ridgeback_2  env_step 4634  t=647.262s  Team Plan Generation [team_2]
  usage: 8144 tokens (prompt 6767, completion 1377)
---------------------------------- PROMPT / SYSTEM ----------------------------------
## 1. YOUR ROLE
You command TEAM 'team_2' -- 3 robots (ridgeback_2, jackal_2, drone_2) -- in a multi-agent
cooperative household task, alongside other teams doing the same. You are the
TEAM CONTROLLER: you are given all 3 robots' observations in one call and
answer with one plan per robot, in that same call.

- Divide the work. Two robots sent to the same object waste one of them: the
  loser burns the whole trip and its grasp fails with OBJECT_CLAIMED.
- Your robots start their plans together and you are not asked again until
  every one of them has finished. A robot that finishes early holds position
  and does nothing useful, so plans of wildly different lengths waste the
  short ones.
- Other teams are driven by their own controllers, not by you. You coordinate
  with them only through the messages quoted in this prompt.
- At the end of the prompt are each robot's last few plans, with their
  actions and how each ended, and the messages this team has sent and
  received. A plan that failed for a reason that still holds will fail the
  same way again, and a question you already asked has its answer in the
  record.

PLAN RESPONSE:
- Return a structured plan for EVERY robot listed above, one each, tagged with
  that robot's agent_id.
- Give each robot one task and at most 6 actions; 3-6 short
  executable actions are usually enough.
- Use exact item_id values from that robot's own section of the prompt.
- Say in the team-level `reasoning` how you divided the work between them.

## 2. ENVIRONMENT RULES
Your robots act through high-level primitives, not joint commands. Each one
takes many simulation steps: driving across a room costs 30 ticks per metre, so
distance is the main cost you control. None of them can see -- each is given a
symbolic description of the room it is standing in, and only that room, and
those descriptions are listed below one robot at a time.

Rules that decide whether an action succeeds:
- To grasp, place, open or toggle an object a robot must be closer to it than
  that object's own distance threshold; beyond it the action fails with TOO_FAR.
  Each object in a robot's room listing carries what that robot can do to it
  after "->", and a distance in metres ONLY when it is out of range -- no
  distance means that robot is already close enough to act on it now.
- An out-of-range object is marked "unreachable" and offers navigate_to and
  NOTHING else. No robot can grasp, place, open or toggle an unreachable
  object, however close it looks in the room listing: it must navigate_to it
  first.
- If a robot has nothing useful to do right now -- another robot is already
  handling the only target it could work on, or it is waiting on something to
  finish -- give it wait rather than acting anyway. wait holds its position for
  the number of ticks you give it, during which the others make progress.
- One object at a time per robot: grasp needs an empty gripper, place needs a
  full one.
- Objects are exclusive, including between your own robots. If anyone is
  holding something, a grasp for it fails with "held by <agent>". Sending two
  robots after one target costs the loser the whole trip for nothing.
- Some tasks are a route: THE TEAM'S TASK lists supports the cargo must rest on
  in order, marked done / NEXT. Only the NEXT support counts when the cargo is
  placed on it; a support reached out of order does not count and costs
  nothing -- progress resumes when NEXT holds. Progress is judged on where the
  cargo rests, not on what a robot intended.
- Every id in THE TEAM'S TASK is a valid navigate_to target for any robot from
  ANY room, even when it is not in that robot's listing: navigate_to(<that id>)
  drives it there, through the house, and its next listing shows that room.
  That is how a robot changes rooms. The cargo is where the task says it
  starts (or on the last support marked done) -- send a robot there; it will
  not be found where the robots stand.
- The line "Rooms in this house" names every room. navigate_to(<room name>)
  drives a robot to a free spot inside that room, so it can reach a room whose
  objects it cannot name yet, or go and look for something.
- Refer to objects only by the ids in that robot's own room listing, which are
  the objects in the room it is standing in. They look like apple.n.01_1. Never
  invent one, and never give one robot an id that appeared only under another
  robot -- it is in a room that robot cannot see.
- An entry marked "blocked" is in that room but currently unavailable -- the
  bracketed note says why.

When an action fails, that robot's plan is abandoned. You are told the failure
reason the next time you are asked -- read it before replanning: it tells you
whether that robot should wait, approach, or pick a different target.

## 3. ROBOT CAPABILITIES
Three kinds of robot. A robot's kind is on its own header ("(drone)") and on
its line in a teammate's listing ("[carrier, ...]", "[base locks while
holding]", "[drone]").

ARM -- a robot with a gripper: grasp, place_on_top, release, open/close,
toggle, load_onto, unload_from, navigate_to, wait.
- Some arms' bases LOCK while the gripper is loaded, and navigate_to then fails
  with BASE_LOCKED; such a robot cannot deliver what it picks up. Have it load
  the object onto a carrier robot with load_onto, let the carrier drive, and
  have an arm take it back at the far end with unload_from. Both actions name
  the *carrier* as their target and need the two robots within reach of each
  other. This is a division of labour, not a detour: it is why a task can need
  more than one of your robots.
- ONLY a robot marked [base locks while holding] needs a carrier. Any other
  robot that can grasp -- a drone, an unmarked arm -- carries what it holds by
  itself: grasp, navigate_to the support, place_on_top, done. A drone that can
  lift the cargo needs nobody: routing its cargo through a carrier and back is
  a detour that costs two extra actions and a round of waiting for nothing.
  Use the carrier for the base-locked robot's legs, and only for those.

CARRIER -- a robot with no arm: cargo rides on its back.
- A carrier and what it is carrying are ONE line in that robot's room listing:

    - agent_1  (teammate)  [carrier, carrying box.n.01_1]  -> unload_from

  The cargo has no line of its own and cannot be grasped where it sits.
  unload_from(agent_1) takes it off that carrier's back and into the acting
  robot's hand; load_onto(agent_1) puts what that robot holds onto it. Both
  name the carrier, both need the two robots within reach of each other, and
  unload_from is the only way to get cargo back.
- **A carrier has no arm**, so give it navigate_to and wait and nothing else:
  no grasp, no place, no release, no load_onto or unload_from -- those are done
  *to* it by a robot that does have a hand. Its own section lists its load on
  an "On your back:" line, and it cannot put that down itself. Its job is to
  drive to where an arm is waiting, which is the whole reason a task needs two
  of them.

DRONE -- flies, holds its load under a suction mount, and its base never locks:
it carries what it grasps by itself.
- What a drone may lift is limited. The drone cannot lift the notebook. A
  robot tagged [drone] can grasp and carry the die (die.n.01_1) but NOT the
  notebook (notebook.n.01_1): grasp or unload_from on it fails with
  CANNOT_LIFT, and getting closer does not change that. Only a robot with an
  arm can lift the notebook, so give that leg to an arm; this division of
  labour is what the task is built around.

THIS TEAM'S ROBOTS:
  - ridgeback_2: ARM, base LOCKS while holding (needs a carrier to move cargo)
  - jackal_2: CARRIER (no arm; navigate_to and wait only)
  - drone_2: DRONE (flies, carries what it holds; see the lift table)

WHO MAY LIFT WHAT (this activity):
  - notebook.n.01: arm

## 4. COOPERATION MODE: INDIVIDUAL
Every team plans for itself. No team sends or receives messages; you learn
what the other teams are doing only from what your robots see (a teammate of
another team in the listing, an object held by one of its robots). Do not
wait for others to speak. When another team already holds the cargo, give
your robots something else or wait.
---------------------------------- PROMPT / USER ----------------------------------
=== STEP 4634 ===

## 6. OBSERVATIONS -- TEAM team_2 (3 robots)

THE TEAM'S TASK (the same for every robot), in the ids it is written in:
  Move notebook.n.01_1, in this order, onto: the cabinet in the child's room, the bookcase in the kitchen. Move notebook.n.01_2, in this order, onto: the bookcase in the kitchen, the armchair in the dining room. Move notebook.n.01_3, in this order, onto: the armchair in the dining room, the coffee table in the living room. Move notebook.n.01_4, in this order, onto: the cabinet in the living room, the bed in the bedroom. Move notebook.n.01_5, in this order, onto: the cabinet in the bedroom, the bed in the child's room.
Route S1-M5, carry notebook.n.01_1 through these in order:
  done  C1  ontop(notebook.n.01_1, cabinet.n.01_1)
  NEXT  D   ontop(notebook.n.01_1, bookcase.n.01_1)
Route S1-M3: complete -- notebook.n.01_2 is at its destination.
Route S1-M2, carry notebook.n.01_3 through these in order:
  it starts ontop(notebook.n.01_3, floor.n.01_2)
  NEXT  C1  ontop(notebook.n.01_3, armchair.n.01_1)
        D   ontop(notebook.n.01_3, coffee_table.n.01_1)
Route S1-M1: complete -- notebook.n.01_4 is at its destination.
Route S1-M4, carry notebook.n.01_5 through these in order:
  it starts ontop(notebook.n.01_5, floor.n.01_4)
  NEXT  C1  ontop(notebook.n.01_5, cabinet.n.01_3)
        D   ontop(notebook.n.01_5, bed.n.01_1)
A support reached out of order does not count, and nothing is lost by it: progress resumes when the NEXT one holds.

=== ROBOT ridgeback_2 ===
Step 4634/8000 | you are ridgeback_2 in dining_room_0 (a dining room)
Rooms in this house (navigate_to any of them): bathroom_0, bedroom_0, childs_room_0, closet_0, closet_1, corridor_0, dining_room_0, empty_room_0, empty_room_1, kitchen_0, living_room_0, staircase_0
Holding: nothing

dining_room_0:
  - armchair.n.01_1  -> grasp, navigate_to
  - breakfast_table.n.01_1  -> grasp, navigate_to
  - floor.n.01_2  -> navigate_to
  - jackal_2  (teammate)  [carrier, empty]  -> navigate_to
  - notebook.n.01_2  -> grasp, navigate_to
  - notebook.n.01_3  -> grasp, navigate_to

Relations:
  ontop(armchair.n.01_1, floor.n.01_2)
  ontop(breakfast_table.n.01_1, floor.n.01_2)
  ontop(jackal_2, floor.n.01_2)
  ontop(notebook.n.01_2, armchair.n.01_1)
  ontop(notebook.n.01_3, floor.n.01_2)
  ontop(ridgeback_2, floor.n.01_2)
  under(floor.n.01_2, breakfast_table.n.01_1)
  under(notebook.n.01_3, armchair.n.01_1)

=== ROBOT jackal_2 ===
Step 4634/8000 | you are jackal_2 in dining_room_0 (a dining room)
Rooms in this house (navigate_to any of them): bathroom_0, bedroom_0, childs_room_0, closet_0, closet_1, corridor_0, dining_room_0, empty_room_0, empty_room_1, kitchen_0, living_room_0, staircase_0
Holding: nothing

dining_room_0:
  - armchair.n.01_1  -> unreachable, navigate_to  [2.0 m away]
  - breakfast_table.n.01_1  -> navigate_to
  - floor.n.01_2  -> unreachable, navigate_to  [1.4 m away]
  - notebook.n.01_2  -> unreachable, navigate_to  [1.9 m away]
  - notebook.n.01_3  -> unreachable, navigate_to  [2.0 m away]
  - ridgeback_2  (teammate)  [base locks while holding]

Relations:
  ontop(armchair.n.01_1, floor.n.01_2)
  ontop(breakfast_table.n.01_1, floor.n.01_2)
  ontop(jackal_2, floor.n.01_2)
  ontop(notebook.n.01_2, armchair.n.01_1)
  ontop(notebook.n.01_3, floor.n.01_2)
  ontop(ridgeback_2, floor.n.01_2)
  under(floor.n.01_2, breakfast_table.n.01_1)
  under(notebook.n.01_3, armchair.n.01_1)

=== ROBOT drone_2 ===
Step 4634/8000 | you are drone_2 (drone) in living_room_0 (a living room)
Rooms in this house (navigate_to any of them): bathroom_0, bedroom_0, childs_room_0, closet_0, closet_1, corridor_0, dining_room_0, empty_room_0, empty_room_1, kitchen_0, living_room_0, staircase_0
Holding: nothing

living_room_0:
  - cabinet.n.01_2  Open  -> unreachable, navigate_to  [2.1 m away]
  - coffee_table.n.01_1  -> unreachable, navigate_to  [1.9 m away]
  - drone_1  (teammate)  [drone]
  - drone_3  (teammate)  [drone]
  - floor.n.01_1  -> navigate_to

Relations:
  ontop(cabinet.n.01_2, floor.n.01_1)
  ontop(coffee_table.n.01_1, floor.n.01_1)

## 9. ACTION HISTORY AND FAILURES
--- ridgeback_2 ---
Its current plan: ontop(notebook.n.01_2, armchair.n.01_1) [success]
YOUR FINISHED PLANS (most recent last):
  #11 [DONE] ontop(notebook.n.01_2, bookcase.n.01_1)
      plan: navigate_to(notebook.n.01_2) -> grasp(notebook.n.01_2) -> wait(450) -> load_onto(jackal_2) -> wait(100) -> navigate_to(bookcase.n.01_1) -> unload_from(jackal_2) -> place_on_top(bookcase.n.01_1)
      you chose it because: I take notebook 2, the next unassigned notebook route, and use jackal_2 to carry it because my base locks while holding. I rendezvous at the bookcase, unload, and complete the first support.
  #12 [FAILED] ontop(notebook.n.01_2, armchair.n.01_1)
      plan: grasp(notebook.n.01_2) -> load_onto(jackal_2) -> wait(400) -> navigate_to(armchair.n.01_1) -> unload_from(jackal_2) -> place_on_top(armchair.n.01_1)
      you chose it because: I handle notebook 2's next route leg. Because my base locks while holding, I load it onto jackal_2, then rendezvous at the dining-room armchair to unload and place it.
      it failed because: navigate_to: An error occurred during each attempt of this action. Attempt 0: PLANNING_ERROR: Cannot reach armchair_qplklw_2: there is no free floor space around it to stand on (need a spot 0.7-1.3...
  #14 [DONE] ontop(notebook.n.01_2, armchair.n.01_1)
      plan: wait(500) -> navigate_to(jackal_2) -> unload_from(jackal_2) -> place_on_top(armchair.n.01_1)
      you chose it because: I handle notebook 2's next leg. I wait for jackal_2 to reach the dining room, rendezvous with it, and unload the notebook; placement must be staged for a later observation because the armchair has no reachable standing space from the current listing.

--- jackal_2 ---
Its current plan: wait_for_team(team_2) [interrupted]
YOUR FINISHED PLANS (most recent last):
  #11 [FAILED] ontop(notebook.n.01_2, bookcase.n.01_1)
      plan: navigate_to(notebook.n.01_2) -> wait(450) -> navigate_to(bookcase.n.01_1) -> wait(250) -> place_on_top(bookcase.n.01_1)
      you chose it because: I serve exclusively as ridgeback_2's carrier: reach notebook 2 for loading, then transport it to the kitchen bookcase and remain there for unloading.
      it failed because: navigate_to: An error occurred during each attempt of this action. Attempt 0: PLANNING_ERROR: Cannot reach bookcase_owvfik_0: there is no free floor space around it to stand on (need a spot 1.2-1.8...
  #13 [FAILED] ontop(notebook.n.01_2, armchair.n.01_1)
      plan: wait(100) -> navigate_to(armchair.n.01_1) -> wait(500) -> place_on_top(armchair.n.01_1)
      you chose it because: I serve as ridgeback_2's carrier: allow time for loading, transport notebook 2 to the dining-room armchair, and hold there for unloading. I do not attempt placement because carriers have no arm.
      it failed because: navigate_to: An error occurred during each attempt of this action. Attempt 0: PLANNING_ERROR: Cannot reach armchair_qplklw_2: there is no free floor space around it to stand on (need a spot 0.9-1.5...
  #15 [FAILED] ontop(notebook.n.01_2, armchair.n.01_1)
      plan: navigate_to(dining_room_0) -> wait(300) -> place_on_top(armchair.n.01_1)
      you chose it because: As the carrier, I transport notebook 2 from the kitchen to a free position in the dining room and hold there for ridgeback_2 to unload it.
      it failed because: place_on_top: An error occurred during each attempt of this action. Attempt 0: PRE_CONDITION_ERROR: You have no arm, so you cannot place onto. You can navigate_to and wait. Cargo is put on your bac...

--- drone_2 ---
Its current plan: wait_for_team(team_2) [interrupted]
YOUR FINISHED PLANS (most recent last):
  #8 [DONE] ontop(notebook.n.01_3, armchair.n.01_1)
      plan: wait(100)
      you chose it because: I cannot lift notebooks, and notebook 5 is already held by another team's arm. I therefore avoid competing for cargo and wait while the arm-carrier pair handles notebook 2.
  #10 [DONE] ontop(notebook.n.01_2, armchair.n.01_1)
      plan: wait(600)
      you chose it because: Ridgeback_2 and jackal_2 are assigned exclusively to notebook 2. I cannot lift notebooks, so I wait and avoid a competing grasp.
  #11 [DONE] ontop(notebook.n.01_2, armchair.n.01_1)
      plan: wait(600)
      you chose it because: I cannot lift notebooks, and notebook 2 is exclusively assigned to the ridgeback-carrier pair, so I wait without competing for the cargo.

Return exactly 3 plans, one per robot, using each robot's own ids. Say in `reasoning` how you divided the work.
-------------------------------------- COMPLETION --------------------------------------
  plans:
    [1]
      agent_id: ridgeback_2
      task:
        task: Task.ONTOP
        object_type: notebook.n.01_3
        object_id: 1
        reference: armchair.n.01_1
      actions:
        [1]
          action_type: grasp
          target: notebook.n.01_3
        [2]
          action_type: load_onto
          target: jackal_2
        [3]
          action_type: navigate_to
          target: coffee_table.n.01_1
        [4]
          action_type: wait
          ticks: 400
        [5]
          action_type: unload_from
          target: jackal_2
        [6]
          action_type: place_on_top
          target: armchair.n.01_1
      reasoning: I handle notebook 3's route. I grasp it, load it onto the base-locked carrier, rendezvous at the living-room coffee table, unload, and place it on the current NEXT support, the dining-room armchair. The route can then advance to the coffee table in a later step.
    [2]
      agent_id: jackal_2
      task:
        task: Task.ONTOP
        object_type: notebook.n.01_3
        object_id: 1
        reference: armchair.n.01_1
      actions:
        [1]
          action_type: wait
          ticks: 200
        [2]
          action_type: navigate_to
          target: coffee_table.n.01_1
        [3]
          action_type: wait
          ticks: 450
      reasoning: I serve only as ridgeback_2's carrier for notebook 3. I pause long enough for loading, drive to the coffee table rendezvous, and wait there so ridgeback_2 can unload the notebook.
    [3]
      agent_id: drone_2
      task:
        task: Task.ONTOP
        object_type: notebook.n.01_3
        object_id: 1
        reference: armchair.n.01_1
      actions:
        [1]
          action_type: wait
          ticks: 600
      reasoning: I cannot lift notebooks, and ridgeback_2 with jackal_2 already has the available notebook route assigned, so I wait rather than compete for the cargo.
  reasoning: Ridgeback_2 handles the notebook because it has the arm but its base locks while holding. Jackal_2 provides transport to the coffee-table area, while drone_2 avoids the notebook because drones cannot lift it and waits.
====================================================================================================
#27  ridgeback_3  env_step 4767  t=663.849s  Team Plan Generation [team_3]
  usage: 7772 tokens (prompt 6835, completion 937)
---------------------------------- PROMPT / SYSTEM ----------------------------------
## 1. YOUR ROLE
You command TEAM 'team_3' -- 3 robots (ridgeback_3, jackal_3, drone_3) -- in a multi-agent
cooperative household task, alongside other teams doing the same. You are the
TEAM CONTROLLER: you are given all 3 robots' observations in one call and
answer with one plan per robot, in that same call.

- Divide the work. Two robots sent to the same object waste one of them: the
  loser burns the whole trip and its grasp fails with OBJECT_CLAIMED.
- Your robots start their plans together and you are not asked again until
  every one of them has finished. A robot that finishes early holds position
  and does nothing useful, so plans of wildly different lengths waste the
  short ones.
- Other teams are driven by their own controllers, not by you. You coordinate
  with them only through the messages quoted in this prompt.
- At the end of the prompt are each robot's last few plans, with their
  actions and how each ended, and the messages this team has sent and
  received. A plan that failed for a reason that still holds will fail the
  same way again, and a question you already asked has its answer in the
  record.

PLAN RESPONSE:
- Return a structured plan for EVERY robot listed above, one each, tagged with
  that robot's agent_id.
- Give each robot one task and at most 6 actions; 3-6 short
  executable actions are usually enough.
- Use exact item_id values from that robot's own section of the prompt.
- Say in the team-level `reasoning` how you divided the work between them.

## 2. ENVIRONMENT RULES
Your robots act through high-level primitives, not joint commands. Each one
takes many simulation steps: driving across a room costs 30 ticks per metre, so
distance is the main cost you control. None of them can see -- each is given a
symbolic description of the room it is standing in, and only that room, and
those descriptions are listed below one robot at a time.

Rules that decide whether an action succeeds:
- To grasp, place, open or toggle an object a robot must be closer to it than
  that object's own distance threshold; beyond it the action fails with TOO_FAR.
  Each object in a robot's room listing carries what that robot can do to it
  after "->", and a distance in metres ONLY when it is out of range -- no
  distance means that robot is already close enough to act on it now.
- An out-of-range object is marked "unreachable" and offers navigate_to and
  NOTHING else. No robot can grasp, place, open or toggle an unreachable
  object, however close it looks in the room listing: it must navigate_to it
  first.
- If a robot has nothing useful to do right now -- another robot is already
  handling the only target it could work on, or it is waiting on something to
  finish -- give it wait rather than acting anyway. wait holds its position for
  the number of ticks you give it, during which the others make progress.
- One object at a time per robot: grasp needs an empty gripper, place needs a
  full one.
- Objects are exclusive, including between your own robots. If anyone is
  holding something, a grasp for it fails with "held by <agent>". Sending two
  robots after one target costs the loser the whole trip for nothing.
- Some tasks are a route: THE TEAM'S TASK lists supports the cargo must rest on
  in order, marked done / NEXT. Only the NEXT support counts when the cargo is
  placed on it; a support reached out of order does not count and costs
  nothing -- progress resumes when NEXT holds. Progress is judged on where the
  cargo rests, not on what a robot intended.
- Every id in THE TEAM'S TASK is a valid navigate_to target for any robot from
  ANY room, even when it is not in that robot's listing: navigate_to(<that id>)
  drives it there, through the house, and its next listing shows that room.
  That is how a robot changes rooms. The cargo is where the task says it
  starts (or on the last support marked done) -- send a robot there; it will
  not be found where the robots stand.
- The line "Rooms in this house" names every room. navigate_to(<room name>)
  drives a robot to a free spot inside that room, so it can reach a room whose
  objects it cannot name yet, or go and look for something.
- Refer to objects only by the ids in that robot's own room listing, which are
  the objects in the room it is standing in. They look like apple.n.01_1. Never
  invent one, and never give one robot an id that appeared only under another
  robot -- it is in a room that robot cannot see.
- An entry marked "blocked" is in that room but currently unavailable -- the
  bracketed note says why.

When an action fails, that robot's plan is abandoned. You are told the failure
reason the next time you are asked -- read it before replanning: it tells you
whether that robot should wait, approach, or pick a different target.

## 3. ROBOT CAPABILITIES
Three kinds of robot. A robot's kind is on its own header ("(drone)") and on
its line in a teammate's listing ("[carrier, ...]", "[base locks while
holding]", "[drone]").

ARM -- a robot with a gripper: grasp, place_on_top, release, open/close,
toggle, load_onto, unload_from, navigate_to, wait.
- Some arms' bases LOCK while the gripper is loaded, and navigate_to then fails
  with BASE_LOCKED; such a robot cannot deliver what it picks up. Have it load
  the object onto a carrier robot with load_onto, let the carrier drive, and
  have an arm take it back at the far end with unload_from. Both actions name
  the *carrier* as their target and need the two robots within reach of each
  other. This is a division of labour, not a detour: it is why a task can need
  more than one of your robots.
- ONLY a robot marked [base locks while holding] needs a carrier. Any other
  robot that can grasp -- a drone, an unmarked arm -- carries what it holds by
  itself: grasp, navigate_to the support, place_on_top, done. A drone that can
  lift the cargo needs nobody: routing its cargo through a carrier and back is
  a detour that costs two extra actions and a round of waiting for nothing.
  Use the carrier for the base-locked robot's legs, and only for those.

CARRIER -- a robot with no arm: cargo rides on its back.
- A carrier and what it is carrying are ONE line in that robot's room listing:

    - agent_1  (teammate)  [carrier, carrying box.n.01_1]  -> unload_from

  The cargo has no line of its own and cannot be grasped where it sits.
  unload_from(agent_1) takes it off that carrier's back and into the acting
  robot's hand; load_onto(agent_1) puts what that robot holds onto it. Both
  name the carrier, both need the two robots within reach of each other, and
  unload_from is the only way to get cargo back.
- **A carrier has no arm**, so give it navigate_to and wait and nothing else:
  no grasp, no place, no release, no load_onto or unload_from -- those are done
  *to* it by a robot that does have a hand. Its own section lists its load on
  an "On your back:" line, and it cannot put that down itself. Its job is to
  drive to where an arm is waiting, which is the whole reason a task needs two
  of them.

DRONE -- flies, holds its load under a suction mount, and its base never locks:
it carries what it grasps by itself.
- What a drone may lift is limited. The drone cannot lift the notebook. A
  robot tagged [drone] can grasp and carry the die (die.n.01_1) but NOT the
  notebook (notebook.n.01_1): grasp or unload_from on it fails with
  CANNOT_LIFT, and getting closer does not change that. Only a robot with an
  arm can lift the notebook, so give that leg to an arm; this division of
  labour is what the task is built around.

THIS TEAM'S ROBOTS:
  - ridgeback_3: ARM, base LOCKS while holding (needs a carrier to move cargo)
  - jackal_3: CARRIER (no arm; navigate_to and wait only)
  - drone_3: DRONE (flies, carries what it holds; see the lift table)

WHO MAY LIFT WHAT (this activity):
  - notebook.n.01: arm

## 4. COOPERATION MODE: INDIVIDUAL
Every team plans for itself. No team sends or receives messages; you learn
what the other teams are doing only from what your robots see (a teammate of
another team in the listing, an object held by one of its robots). Do not
wait for others to speak. When another team already holds the cargo, give
your robots something else or wait.
---------------------------------- PROMPT / USER ----------------------------------
=== STEP 4767 ===

## 6. OBSERVATIONS -- TEAM team_3 (3 robots)

THE TEAM'S TASK (the same for every robot), in the ids it is written in:
  Move notebook.n.01_1, in this order, onto: the cabinet in the child's room, the bookcase in the kitchen. Move notebook.n.01_2, in this order, onto: the bookcase in the kitchen, the armchair in the dining room. Move notebook.n.01_3, in this order, onto: the armchair in the dining room, the coffee table in the living room. Move notebook.n.01_4, in this order, onto: the cabinet in the living room, the bed in the bedroom. Move notebook.n.01_5, in this order, onto: the cabinet in the bedroom, the bed in the child's room.
Route S1-M5, carry notebook.n.01_1 through these in order:
  done  C1  ontop(notebook.n.01_1, cabinet.n.01_1)
  NEXT  D   ontop(notebook.n.01_1, bookcase.n.01_1)
Route S1-M3: complete -- notebook.n.01_2 is at its destination.
Route S1-M2, carry notebook.n.01_3 through these in order:
  it starts ontop(notebook.n.01_3, floor.n.01_2)
  NEXT  C1  ontop(notebook.n.01_3, armchair.n.01_1)
        D   ontop(notebook.n.01_3, coffee_table.n.01_1)
Route S1-M1: complete -- notebook.n.01_4 is at its destination.
Route S1-M4, carry notebook.n.01_5 through these in order:
  it starts ontop(notebook.n.01_5, floor.n.01_4)
  NEXT  C1  ontop(notebook.n.01_5, cabinet.n.01_3)
        D   ontop(notebook.n.01_5, bed.n.01_1)
A support reached out of order does not count, and nothing is lost by it: progress resumes when the NEXT one holds.

=== ROBOT ridgeback_3 ===
Step 4767/8000 | you are ridgeback_3 in bedroom_0 (a bedroom)
Rooms in this house (navigate_to any of them): bathroom_0, bedroom_0, childs_room_0, closet_0, closet_1, corridor_0, dining_room_0, empty_room_0, empty_room_1, kitchen_0, living_room_0, staircase_0
Holding: notebook.n.01_5 (notebook)  [your base is locked while loaded: no navigate_to]

bedroom_0:
  - bed.n.01_2  -> place_on_top  [places notebook.n.01_5]
  - cabinet.n.01_3  -> unreachable  [too far (2.5 m) -- and your base is locked while you hold notebook.n.01_5]
  - floor.n.01_4  -> place_on_top  [places notebook.n.01_5]
  - jackal_3  (teammate)  [carrier, empty]  -> load_onto
  - notebook.n.01_4  -> unreachable  [too far (1.2 m) -- and your base is locked while you hold notebook.n.01_5]
  - notebook.n.01_5  held by ridgeback_3  -> release  [drops what you hold]

Relations:
  ontop(bed.n.01_2, floor.n.01_4)
  ontop(cabinet.n.01_3, floor.n.01_4)
  ontop(jackal_3, floor.n.01_4)
  ontop(notebook.n.01_4, bed.n.01_2)
  ontop(notebook.n.01_5, ridgeback_3)
  ontop(ridgeback_3, floor.n.01_4)
  under(floor.n.01_4, bed.n.01_2)

=== ROBOT jackal_3 ===
Step 4767/8000 | you are jackal_3 in bedroom_0 (a bedroom)
Rooms in this house (navigate_to any of them): bathroom_0, bedroom_0, childs_room_0, closet_0, closet_1, corridor_0, dining_room_0, empty_room_0, empty_room_1, kitchen_0, living_room_0, staircase_0
Holding: nothing

bedroom_0:
  - bed.n.01_2  -> navigate_to
  - cabinet.n.01_3  -> navigate_to
  - floor.n.01_4  -> navigate_to
  - notebook.n.01_4  -> unreachable, navigate_to  [1.3 m away]
  - notebook.n.01_5  held by ridgeback_3  -> navigate_to
  - ridgeback_3  (teammate)  [base locks while holding]

Relations:
  ontop(bed.n.01_2, floor.n.01_4)
  ontop(cabinet.n.01_3, floor.n.01_4)
  ontop(jackal_3, floor.n.01_4)
  ontop(notebook.n.01_4, bed.n.01_2)
  ontop(notebook.n.01_5, ridgeback_3)
  ontop(ridgeback_3, floor.n.01_4)
  under(floor.n.01_4, bed.n.01_2)

=== ROBOT drone_3 ===
Step 4767/8000 | you are drone_3 (drone) in living_room_0 (a living room)
Rooms in this house (navigate_to any of them): bathroom_0, bedroom_0, childs_room_0, closet_0, closet_1, corridor_0, dining_room_0, empty_room_0, empty_room_1, kitchen_0, living_room_0, staircase_0
Holding: nothing

living_room_0:
  - cabinet.n.01_2  Open  -> unreachable, navigate_to  [2.6 m away]
  - coffee_table.n.01_1  -> grasp, navigate_to
  - drone_1  (teammate)  [drone]
  - drone_2  (teammate)  [drone]
  - floor.n.01_1  -> navigate_to

Relations:
  ontop(cabinet.n.01_2, floor.n.01_1)
  ontop(coffee_table.n.01_1, floor.n.01_1)

## 9. ACTION HISTORY AND FAILURES
--- ridgeback_3 ---
Its current plan: wait_for_team(team_3) [interrupted]
YOUR FINISHED PLANS (most recent last):
  #11 [FAILED] ontop(notebook.n.01_5, cabinet.n.01_3)
      plan: load_onto(jackal_3) -> wait(500) -> unload_from(jackal_3) -> navigate_to(cabinet.n.01_3) -> place_on_top(cabinet.n.01_3)
      you chose it because: Notebook 5 is already held and jackal_3 is now within loading range. Load it onto the carrier; jackal_3 will take it to the cabinet and return so I can unload, approach the cabinet, and place it.
      it failed because: navigate_to: An error occurred during each attempt of this action. Attempt 0: PRE_CONDITION_ERROR: You cannot drive while holding notebook_154: your base is locked whenever your arm is loaded. Put ...
  #13 [FAILED] ontop(notebook.n.01_5, cabinet.n.01_3)
      plan: wait(500) -> load_onto(jackal_3) -> wait(100) -> wait(100) -> wait(100) -> wait(100) -> place_on_top(cabinet.n.01_3)
      you chose it because: Ridgeback must transfer the held notebook to jackal_3 because its base locks while holding. After loading, jackal_3 will transport it to the cabinet; this plan pauses while that transport occurs.
      it failed because: place_on_top: An error occurred during each attempt of this action. Attempt 0: PRE_CONDITION_ERROR: You are 2.49 m from bottom_cabinet_jrhgeu_0, too far to place onto it (you must be within 1.52 m)...
  #15 [FAILED] ontop(notebook.n.01_5, cabinet.n.01_3)
      plan: wait(350) -> unload_from(jackal_3) -> navigate_to(cabinet.n.01_3) -> place_on_top(cabinet.n.01_3)
      you chose it because: The notebook is already on jackal_3. Wait for the carrier to transport it and return, unload it, then approach the cabinet before placing it; the previous attempt failed because placement was attempted from too far away.
      it failed because: navigate_to: An error occurred during each attempt of this action. Attempt 0: PRE_CONDITION_ERROR: You cannot drive while holding notebook_154: your base is locked whenever your arm is loaded. Put ...

--- jackal_3 ---
Its current plan: wait_for_team(team_3) [interrupted]
YOUR FINISHED PLANS (most recent last):
  #10 [FAILED] ontop(notebook.n.01_5, cabinet.n.01_3)
      plan: wait(100) -> navigate_to(cabinet.n.01_3) -> navigate_to(ridgeback_3) -> place_on_top(cabinet.n.01_3)
      you chose it because: Act only as the carrier for the base-locked ridgeback: allow loading to complete, drive the notebook to the required cabinet, then return within unload range of ridgeback_3.
      it failed because: place_on_top: An error occurred during each attempt of this action. Attempt 0: PRE_CONDITION_ERROR: You have no arm, so you cannot place onto. You can navigate_to and wait. Cargo is put on your bac...
  #12 [FAILED] ontop(notebook.n.01_5, cabinet.n.01_3)
      plan: navigate_to(ridgeback_3) -> wait(600) -> navigate_to(cabinet.n.01_3) -> wait(300) -> navigate_to(ridgeback_3) -> place_on_top(cabinet.n.01_3)
      you chose it because: Jackal_3 is the carrier: approach ridgeback for loading, carry notebook 5 to cabinet.n.01_3, then return to ridgeback so it can unload and place the notebook.
      it failed because: place_on_top: An error occurred during each attempt of this action. Attempt 0: PRE_CONDITION_ERROR: You have no arm, so you cannot place onto. You can navigate_to and wait. Cargo is put on your bac...
  #13 [FAILED] ontop(notebook.n.01_5, cabinet.n.01_3)
      plan: navigate_to(cabinet.n.01_3) -> wait(150) -> navigate_to(ridgeback_3) -> place_on_top(cabinet.n.01_3)
      you chose it because: Act as the carrier: drive the held notebook to cabinet.n.01_3, pause for ridgeback_3 to be ready, then return within unloading range so the arm can place it.
      it failed because: place_on_top: An error occurred during each attempt of this action. Attempt 0: PRE_CONDITION_ERROR: You have no arm, so you cannot place onto. You can navigate_to and wait. Cargo is put on your bac...

--- drone_3 ---
Its current plan: ontop(notebook.n.01_5, cabinet.n.01_3) [success]
YOUR FINISHED PLANS (most recent last):
  #9 [DONE] ontop(notebook.n.01_5, cabinet.n.01_3)
      plan: wait(600)
      you chose it because: The active notebook requires an arm and is already held by ridgeback_3; remain idle rather than competing for it.
  #10 [DONE] ontop(notebook.n.01_5, cabinet.n.01_3)
      plan: wait(150)
      you chose it because: The active cargo is a notebook, which the drone cannot lift. It waits without competing while ridgeback and jackal perform the arm-and-carrier transfer.
  #12 [DONE] ontop(notebook.n.01_5, cabinet.n.01_3)
      plan: wait(500)
      you chose it because: The active cargo is a notebook, which the drone cannot lift. Wait while ridgeback_3 and jackal_3 complete the carrier transfer without contesting the notebook.

Return exactly 3 plans, one per robot, using each robot's own ids. Say in `reasoning` how you divided the work.
-------------------------------------- COMPLETION --------------------------------------
  plans:
    [1]
      agent_id: ridgeback_3
      task:
        task: Task.ONTOP
        object_type: notebook.n.01_5
        object_id: 1
        reference: cabinet.n.01_3
      actions:
        [1]
          action_type: load_onto
          target: jackal_3
        [2]
          action_type: wait
          ticks: 550
        [3]
          action_type: unload_from
          target: jackal_3
        [4]
          action_type: navigate_to
          target: cabinet.n.01_3
        [5]
          action_type: place_on_top
          target: cabinet.n.01_3
      reasoning: Ridgeback transfers the held notebook to the carrier, waits for transport and return, then unloads and approaches the cabinet before placing it.
    [2]
      agent_id: jackal_3
      task:
        task: Task.ONTOP
        object_type: notebook.n.01_5
        object_id: 1
        reference: cabinet.n.01_3
      actions:
        [1]
          action_type: wait
          ticks: 100
        [2]
          action_type: navigate_to
          target: cabinet.n.01_3
        [3]
          action_type: wait
          ticks: 100
        [4]
          action_type: navigate_to
          target: ridgeback_3
        [5]
          action_type: wait
          ticks: 300
      reasoning: Jackal is dedicated as the carrier: pause to allow loading, transport the notebook to the required cabinet, then return to ridgeback and hold position for unloading.
    [3]
      agent_id: drone_3
      task:
        task: Task.ONTOP
        object_type: notebook.n.01_5
        object_id: 1
        reference: cabinet.n.01_3
      actions:
        [1]
          action_type: wait
          ticks: 600
      reasoning: The active cargo is a notebook that the drone cannot lift, so it waits and avoids competing with the arm-and-carrier transfer.
  reasoning: Ridgeback handles the notebook because it is the only robot with the required arm, while jackal transports it because ridgeback's base locks when holding cargo. The drone cannot lift notebooks and waits without interfering.
====================================================================================================
#28  ridgeback_3  env_step 5368  t=719.964s  Team Plan Generation [team_3]
  usage: 8152 tokens (prompt 6871, completion 1281)
---------------------------------- PROMPT / SYSTEM ----------------------------------
## 1. YOUR ROLE
You command TEAM 'team_3' -- 3 robots (ridgeback_3, jackal_3, drone_3) -- in a multi-agent
cooperative household task, alongside other teams doing the same. You are the
TEAM CONTROLLER: you are given all 3 robots' observations in one call and
answer with one plan per robot, in that same call.

- Divide the work. Two robots sent to the same object waste one of them: the
  loser burns the whole trip and its grasp fails with OBJECT_CLAIMED.
- Your robots start their plans together and you are not asked again until
  every one of them has finished. A robot that finishes early holds position
  and does nothing useful, so plans of wildly different lengths waste the
  short ones.
- Other teams are driven by their own controllers, not by you. You coordinate
  with them only through the messages quoted in this prompt.
- At the end of the prompt are each robot's last few plans, with their
  actions and how each ended, and the messages this team has sent and
  received. A plan that failed for a reason that still holds will fail the
  same way again, and a question you already asked has its answer in the
  record.

PLAN RESPONSE:
- Return a structured plan for EVERY robot listed above, one each, tagged with
  that robot's agent_id.
- Give each robot one task and at most 6 actions; 3-6 short
  executable actions are usually enough.
- Use exact item_id values from that robot's own section of the prompt.
- Say in the team-level `reasoning` how you divided the work between them.

## 2. ENVIRONMENT RULES
Your robots act through high-level primitives, not joint commands. Each one
takes many simulation steps: driving across a room costs 30 ticks per metre, so
distance is the main cost you control. None of them can see -- each is given a
symbolic description of the room it is standing in, and only that room, and
those descriptions are listed below one robot at a time.

Rules that decide whether an action succeeds:
- To grasp, place, open or toggle an object a robot must be closer to it than
  that object's own distance threshold; beyond it the action fails with TOO_FAR.
  Each object in a robot's room listing carries what that robot can do to it
  after "->", and a distance in metres ONLY when it is out of range -- no
  distance means that robot is already close enough to act on it now.
- An out-of-range object is marked "unreachable" and offers navigate_to and
  NOTHING else. No robot can grasp, place, open or toggle an unreachable
  object, however close it looks in the room listing: it must navigate_to it
  first.
- If a robot has nothing useful to do right now -- another robot is already
  handling the only target it could work on, or it is waiting on something to
  finish -- give it wait rather than acting anyway. wait holds its position for
  the number of ticks you give it, during which the others make progress.
- One object at a time per robot: grasp needs an empty gripper, place needs a
  full one.
- Objects are exclusive, including between your own robots. If anyone is
  holding something, a grasp for it fails with "held by <agent>". Sending two
  robots after one target costs the loser the whole trip for nothing.
- Some tasks are a route: THE TEAM'S TASK lists supports the cargo must rest on
  in order, marked done / NEXT. Only the NEXT support counts when the cargo is
  placed on it; a support reached out of order does not count and costs
  nothing -- progress resumes when NEXT holds. Progress is judged on where the
  cargo rests, not on what a robot intended.
- Every id in THE TEAM'S TASK is a valid navigate_to target for any robot from
  ANY room, even when it is not in that robot's listing: navigate_to(<that id>)
  drives it there, through the house, and its next listing shows that room.
  That is how a robot changes rooms. The cargo is where the task says it
  starts (or on the last support marked done) -- send a robot there; it will
  not be found where the robots stand.
- The line "Rooms in this house" names every room. navigate_to(<room name>)
  drives a robot to a free spot inside that room, so it can reach a room whose
  objects it cannot name yet, or go and look for something.
- Refer to objects only by the ids in that robot's own room listing, which are
  the objects in the room it is standing in. They look like apple.n.01_1. Never
  invent one, and never give one robot an id that appeared only under another
  robot -- it is in a room that robot cannot see.
- An entry marked "blocked" is in that room but currently unavailable -- the
  bracketed note says why.

When an action fails, that robot's plan is abandoned. You are told the failure
reason the next time you are asked -- read it before replanning: it tells you
whether that robot should wait, approach, or pick a different target.

## 3. ROBOT CAPABILITIES
Three kinds of robot. A robot's kind is on its own header ("(drone)") and on
its line in a teammate's listing ("[carrier, ...]", "[base locks while
holding]", "[drone]").

ARM -- a robot with a gripper: grasp, place_on_top, release, open/close,
toggle, load_onto, unload_from, navigate_to, wait.
- Some arms' bases LOCK while the gripper is loaded, and navigate_to then fails
  with BASE_LOCKED; such a robot cannot deliver what it picks up. Have it load
  the object onto a carrier robot with load_onto, let the carrier drive, and
  have an arm take it back at the far end with unload_from. Both actions name
  the *carrier* as their target and need the two robots within reach of each
  other. This is a division of labour, not a detour: it is why a task can need
  more than one of your robots.
- ONLY a robot marked [base locks while holding] needs a carrier. Any other
  robot that can grasp -- a drone, an unmarked arm -- carries what it holds by
  itself: grasp, navigate_to the support, place_on_top, done. A drone that can
  lift the cargo needs nobody: routing its cargo through a carrier and back is
  a detour that costs two extra actions and a round of waiting for nothing.
  Use the carrier for the base-locked robot's legs, and only for those.

CARRIER -- a robot with no arm: cargo rides on its back.
- A carrier and what it is carrying are ONE line in that robot's room listing:

    - agent_1  (teammate)  [carrier, carrying box.n.01_1]  -> unload_from

  The cargo has no line of its own and cannot be grasped where it sits.
  unload_from(agent_1) takes it off that carrier's back and into the acting
  robot's hand; load_onto(agent_1) puts what that robot holds onto it. Both
  name the carrier, both need the two robots within reach of each other, and
  unload_from is the only way to get cargo back.
- **A carrier has no arm**, so give it navigate_to and wait and nothing else:
  no grasp, no place, no release, no load_onto or unload_from -- those are done
  *to* it by a robot that does have a hand. Its own section lists its load on
  an "On your back:" line, and it cannot put that down itself. Its job is to
  drive to where an arm is waiting, which is the whole reason a task needs two
  of them.

DRONE -- flies, holds its load under a suction mount, and its base never locks:
it carries what it grasps by itself.
- What a drone may lift is limited. The drone cannot lift the notebook. A
  robot tagged [drone] can grasp and carry the die (die.n.01_1) but NOT the
  notebook (notebook.n.01_1): grasp or unload_from on it fails with
  CANNOT_LIFT, and getting closer does not change that. Only a robot with an
  arm can lift the notebook, so give that leg to an arm; this division of
  labour is what the task is built around.

THIS TEAM'S ROBOTS:
  - ridgeback_3: ARM, base LOCKS while holding (needs a carrier to move cargo)
  - jackal_3: CARRIER (no arm; navigate_to and wait only)
  - drone_3: DRONE (flies, carries what it holds; see the lift table)

WHO MAY LIFT WHAT (this activity):
  - notebook.n.01: arm

## 4. COOPERATION MODE: INDIVIDUAL
Every team plans for itself. No team sends or receives messages; you learn
what the other teams are doing only from what your robots see (a teammate of
another team in the listing, an object held by one of its robots). Do not
wait for others to speak. When another team already holds the cargo, give
your robots something else or wait.
---------------------------------- PROMPT / USER ----------------------------------
=== STEP 5368 ===

## 6. OBSERVATIONS -- TEAM team_3 (3 robots)

THE TEAM'S TASK (the same for every robot), in the ids it is written in:
  Move notebook.n.01_1, in this order, onto: the cabinet in the child's room, the bookcase in the kitchen. Move notebook.n.01_2, in this order, onto: the bookcase in the kitchen, the armchair in the dining room. Move notebook.n.01_3, in this order, onto: the armchair in the dining room, the coffee table in the living room. Move notebook.n.01_4, in this order, onto: the cabinet in the living room, the bed in the bedroom. Move notebook.n.01_5, in this order, onto: the cabinet in the bedroom, the bed in the child's room.
Route S1-M5: complete -- notebook.n.01_1 is at its destination.
Route S1-M3: complete -- notebook.n.01_2 is at its destination.
Route S1-M2, carry notebook.n.01_3 through these in order:
  it starts ontop(notebook.n.01_3, floor.n.01_2)
  NEXT  C1  ontop(notebook.n.01_3, armchair.n.01_1)
        D   ontop(notebook.n.01_3, coffee_table.n.01_1)
Route S1-M1: complete -- notebook.n.01_4 is at its destination.
Route S1-M4, carry notebook.n.01_5 through these in order:
  it starts ontop(notebook.n.01_5, floor.n.01_4)
  NEXT  C1  ontop(notebook.n.01_5, cabinet.n.01_3)
        D   ontop(notebook.n.01_5, bed.n.01_1)
A support reached out of order does not count, and nothing is lost by it: progress resumes when the NEXT one holds.

=== ROBOT ridgeback_3 ===
Step 5368/8000 | you are ridgeback_3 in bedroom_0 (a bedroom)
Rooms in this house (navigate_to any of them): bathroom_0, bedroom_0, childs_room_0, closet_0, closet_1, corridor_0, dining_room_0, empty_room_0, empty_room_1, kitchen_0, living_room_0, staircase_0
Holding: notebook.n.01_5 (notebook)  [your base is locked while loaded: no navigate_to]

bedroom_0:
  - bed.n.01_2  -> place_on_top  [places notebook.n.01_5]
  - cabinet.n.01_3  -> unreachable  [too far (2.5 m) -- and your base is locked while you hold notebook.n.01_5]
  - floor.n.01_4  -> place_on_top  [places notebook.n.01_5]
  - jackal_3  (teammate)  [carrier, empty]  -> load_onto
  - notebook.n.01_4  -> unreachable  [too far (1.2 m) -- and your base is locked while you hold notebook.n.01_5]
  - notebook.n.01_5  held by ridgeback_3  -> release  [drops what you hold]

Relations:
  ontop(bed.n.01_2, floor.n.01_4)
  ontop(cabinet.n.01_3, floor.n.01_4)
  ontop(jackal_3, floor.n.01_4)
  ontop(notebook.n.01_4, bed.n.01_2)
  ontop(notebook.n.01_5, ridgeback_3)
  ontop(ridgeback_3, floor.n.01_4)
  under(floor.n.01_4, bed.n.01_2)

=== ROBOT jackal_3 ===
Step 5368/8000 | you are jackal_3 in bedroom_0 (a bedroom)
Rooms in this house (navigate_to any of them): bathroom_0, bedroom_0, childs_room_0, closet_0, closet_1, corridor_0, dining_room_0, empty_room_0, empty_room_1, kitchen_0, living_room_0, staircase_0
Holding: nothing

bedroom_0:
  - bed.n.01_2  -> navigate_to
  - cabinet.n.01_3  -> navigate_to
  - floor.n.01_4  -> navigate_to
  - notebook.n.01_4  -> navigate_to
  - notebook.n.01_5  held by ridgeback_3  -> navigate_to
  - ridgeback_3  (teammate)  [base locks while holding]

Relations:
  ontop(bed.n.01_2, floor.n.01_4)
  ontop(cabinet.n.01_3, floor.n.01_4)
  ontop(jackal_3, floor.n.01_4)
  ontop(notebook.n.01_4, bed.n.01_2)
  ontop(notebook.n.01_5, ridgeback_3)
  ontop(ridgeback_3, floor.n.01_4)
  under(floor.n.01_4, bed.n.01_2)

=== ROBOT drone_3 ===
Step 5368/8000 | you are drone_3 (drone) in living_room_0 (a living room)
Rooms in this house (navigate_to any of them): bathroom_0, bedroom_0, childs_room_0, closet_0, closet_1, corridor_0, dining_room_0, empty_room_0, empty_room_1, kitchen_0, living_room_0, staircase_0
Holding: nothing

living_room_0:
  - cabinet.n.01_2  Open  -> unreachable, navigate_to  [2.6 m away]
  - coffee_table.n.01_1  -> grasp, navigate_to
  - drone_1  (teammate)  [drone]
  - drone_2  (teammate)  [drone]
  - floor.n.01_1  -> navigate_to
  - jackal_2  (teammate)  [carrier, carrying notebook.n.01_3]  -> unreachable, navigate_to  [2.3 m away]
  - ridgeback_2  (teammate)  [base locks while holding]

Relations:
  ontop(cabinet.n.01_2, floor.n.01_1)
  ontop(coffee_table.n.01_1, floor.n.01_1)
  ontop(jackal_2, floor.n.01_1)
  ontop(ridgeback_2, floor.n.01_1)
  under(jackal_2, notebook.n.01_3)

## 9. ACTION HISTORY AND FAILURES
--- ridgeback_3 ---
Its current plan: wait_for_team(team_3) [interrupted]
YOUR FINISHED PLANS (most recent last):
  #13 [FAILED] ontop(notebook.n.01_5, cabinet.n.01_3)
      plan: wait(500) -> load_onto(jackal_3) -> wait(100) -> wait(100) -> wait(100) -> wait(100) -> place_on_top(cabinet.n.01_3)
      you chose it because: Ridgeback must transfer the held notebook to jackal_3 because its base locks while holding. After loading, jackal_3 will transport it to the cabinet; this plan pauses while that transport occurs.
      it failed because: place_on_top: An error occurred during each attempt of this action. Attempt 0: PRE_CONDITION_ERROR: You are 2.49 m from bottom_cabinet_jrhgeu_0, too far to place onto it (you must be within 1.52 m)...
  #15 [FAILED] ontop(notebook.n.01_5, cabinet.n.01_3)
      plan: wait(350) -> unload_from(jackal_3) -> navigate_to(cabinet.n.01_3) -> place_on_top(cabinet.n.01_3)
      you chose it because: The notebook is already on jackal_3. Wait for the carrier to transport it and return, unload it, then approach the cabinet before placing it; the previous attempt failed because placement was attempted from too far away.
      it failed because: navigate_to: An error occurred during each attempt of this action. Attempt 0: PRE_CONDITION_ERROR: You cannot drive while holding notebook_154: your base is locked whenever your arm is loaded. Put ...
  #17 [FAILED] ontop(notebook.n.01_5, cabinet.n.01_3)
      plan: load_onto(jackal_3) -> wait(550) -> unload_from(jackal_3) -> navigate_to(cabinet.n.01_3) -> place_on_top(cabinet.n.01_3)
      you chose it because: Ridgeback transfers the held notebook to the carrier, waits for transport and return, then unloads and approaches the cabinet before placing it.
      it failed because: navigate_to: An error occurred during each attempt of this action. Attempt 0: PRE_CONDITION_ERROR: You cannot drive while holding notebook_154: your base is locked whenever your arm is loaded. Put ...

--- jackal_3 ---
Its current plan: wait_for_team(team_3) [interrupted]
YOUR FINISHED PLANS (most recent last):
  #12 [FAILED] ontop(notebook.n.01_5, cabinet.n.01_3)
      plan: navigate_to(ridgeback_3) -> wait(600) -> navigate_to(cabinet.n.01_3) -> wait(300) -> navigate_to(ridgeback_3) -> place_on_top(cabinet.n.01_3)
      you chose it because: Jackal_3 is the carrier: approach ridgeback for loading, carry notebook 5 to cabinet.n.01_3, then return to ridgeback so it can unload and place the notebook.
      it failed because: place_on_top: An error occurred during each attempt of this action. Attempt 0: PRE_CONDITION_ERROR: You have no arm, so you cannot place onto. You can navigate_to and wait. Cargo is put on your bac...
  #13 [FAILED] ontop(notebook.n.01_5, cabinet.n.01_3)
      plan: navigate_to(cabinet.n.01_3) -> wait(150) -> navigate_to(ridgeback_3) -> place_on_top(cabinet.n.01_3)
      you chose it because: Act as the carrier: drive the held notebook to cabinet.n.01_3, pause for ridgeback_3 to be ready, then return within unloading range so the arm can place it.
      it failed because: place_on_top: An error occurred during each attempt of this action. Attempt 0: PRE_CONDITION_ERROR: You have no arm, so you cannot place onto. You can navigate_to and wait. Cargo is put on your bac...
  #15 [FAILED] ontop(notebook.n.01_5, cabinet.n.01_3)
      plan: wait(100) -> navigate_to(cabinet.n.01_3) -> wait(100) -> navigate_to(ridgeback_3) -> wait(300) -> place_on_top(cabinet.n.01_3)
      you chose it because: Jackal is dedicated as the carrier: pause to allow loading, transport the notebook to the required cabinet, then return to ridgeback and hold position for unloading.
      it failed because: place_on_top: An error occurred during each attempt of this action. Attempt 0: PRE_CONDITION_ERROR: You have no arm, so you cannot place onto. You can navigate_to and wait. Cargo is put on your bac...

--- drone_3 ---
Its current plan: ontop(notebook.n.01_5, cabinet.n.01_3) [success]
YOUR FINISHED PLANS (most recent last):
  #10 [DONE] ontop(notebook.n.01_5, cabinet.n.01_3)
      plan: wait(150)
      you chose it because: The active cargo is a notebook, which the drone cannot lift. It waits without competing while ridgeback and jackal perform the arm-and-carrier transfer.
  #12 [DONE] ontop(notebook.n.01_5, cabinet.n.01_3)
      plan: wait(500)
      you chose it because: The active cargo is a notebook, which the drone cannot lift. Wait while ridgeback_3 and jackal_3 complete the carrier transfer without contesting the notebook.
  #13 [DONE] ontop(notebook.n.01_5, cabinet.n.01_3)
      plan: wait(600)
      you chose it because: The active cargo is a notebook that the drone cannot lift, so it waits and avoids competing with the arm-and-carrier transfer.

Return exactly 3 plans, one per robot, using each robot's own ids. Say in `reasoning` how you divided the work.
-------------------------------------- COMPLETION --------------------------------------
  plans:
    [1]
      agent_id: ridgeback_3
      task:
        task: Task.ONTOP
        object_type: notebook.n.01_5
        object_id: 1
        reference: cabinet.n.01_3
      actions:
        [1]
          action_type: load_onto
          target: jackal_3
        [2]
          action_type: wait
          ticks: 600
        [3]
          action_type: unload_from
          target: jackal_3
        [4]
          action_type: navigate_to
          target: cabinet.n.01_3
        [5]
          action_type: place_on_top
          target: cabinet.n.01_3
      reasoning: Transfer the held notebook to jackal_3, which can carry it while ridgeback_3's base is locked. After jackal returns, unload, approach the cabinet, and place the notebook from within range.
    [2]
      agent_id: jackal_3
      task:
        task: Task.ONTOP
        object_type: notebook.n.01_5
        object_id: 1
        reference: cabinet.n.01_3
      actions:
        [1]
          action_type: wait
          ticks: 100
        [2]
          action_type: navigate_to
          target: cabinet.n.01_3
        [3]
          action_type: wait
          ticks: 150
        [4]
          action_type: navigate_to
          target: ridgeback_3
        [5]
          action_type: wait
          ticks: 200
      reasoning: Remain beside ridgeback long enough for loading, carry the notebook to the required cabinet, then return to ridgeback and wait for unloading.
    [3]
      agent_id: drone_3
      task:
        task: Task.ONTOP
        object_type: notebook.n.01_5
        object_id: 1
        reference: cabinet.n.01_3
      actions:
        [1]
          action_type: wait
          ticks: 600
      reasoning: The active cargo is a notebook, which drone_3 cannot lift. Wait without competing while the arm and carrier complete the transfer.
  reasoning: ridgeback_3 handles the notebook with its arm but must use jackal_3 as a carrier because its base locks while holding. jackal_3 performs the transport and returns for unloading; drone_3 waits because it cannot lift notebooks.
====================================================================================================
#29  ridgeback_2  env_step 5390  t=730.785s  Team Plan Generation [team_2]
  usage: 7677 tokens (prompt 6811, completion 866)
---------------------------------- PROMPT / SYSTEM ----------------------------------
## 1. YOUR ROLE
You command TEAM 'team_2' -- 3 robots (ridgeback_2, jackal_2, drone_2) -- in a multi-agent
cooperative household task, alongside other teams doing the same. You are the
TEAM CONTROLLER: you are given all 3 robots' observations in one call and
answer with one plan per robot, in that same call.

- Divide the work. Two robots sent to the same object waste one of them: the
  loser burns the whole trip and its grasp fails with OBJECT_CLAIMED.
- Your robots start their plans together and you are not asked again until
  every one of them has finished. A robot that finishes early holds position
  and does nothing useful, so plans of wildly different lengths waste the
  short ones.
- Other teams are driven by their own controllers, not by you. You coordinate
  with them only through the messages quoted in this prompt.
- At the end of the prompt are each robot's last few plans, with their
  actions and how each ended, and the messages this team has sent and
  received. A plan that failed for a reason that still holds will fail the
  same way again, and a question you already asked has its answer in the
  record.

PLAN RESPONSE:
- Return a structured plan for EVERY robot listed above, one each, tagged with
  that robot's agent_id.
- Give each robot one task and at most 6 actions; 3-6 short
  executable actions are usually enough.
- Use exact item_id values from that robot's own section of the prompt.
- Say in the team-level `reasoning` how you divided the work between them.

## 2. ENVIRONMENT RULES
Your robots act through high-level primitives, not joint commands. Each one
takes many simulation steps: driving across a room costs 30 ticks per metre, so
distance is the main cost you control. None of them can see -- each is given a
symbolic description of the room it is standing in, and only that room, and
those descriptions are listed below one robot at a time.

Rules that decide whether an action succeeds:
- To grasp, place, open or toggle an object a robot must be closer to it than
  that object's own distance threshold; beyond it the action fails with TOO_FAR.
  Each object in a robot's room listing carries what that robot can do to it
  after "->", and a distance in metres ONLY when it is out of range -- no
  distance means that robot is already close enough to act on it now.
- An out-of-range object is marked "unreachable" and offers navigate_to and
  NOTHING else. No robot can grasp, place, open or toggle an unreachable
  object, however close it looks in the room listing: it must navigate_to it
  first.
- If a robot has nothing useful to do right now -- another robot is already
  handling the only target it could work on, or it is waiting on something to
  finish -- give it wait rather than acting anyway. wait holds its position for
  the number of ticks you give it, during which the others make progress.
- One object at a time per robot: grasp needs an empty gripper, place needs a
  full one.
- Objects are exclusive, including between your own robots. If anyone is
  holding something, a grasp for it fails with "held by <agent>". Sending two
  robots after one target costs the loser the whole trip for nothing.
- Some tasks are a route: THE TEAM'S TASK lists supports the cargo must rest on
  in order, marked done / NEXT. Only the NEXT support counts when the cargo is
  placed on it; a support reached out of order does not count and costs
  nothing -- progress resumes when NEXT holds. Progress is judged on where the
  cargo rests, not on what a robot intended.
- Every id in THE TEAM'S TASK is a valid navigate_to target for any robot from
  ANY room, even when it is not in that robot's listing: navigate_to(<that id>)
  drives it there, through the house, and its next listing shows that room.
  That is how a robot changes rooms. The cargo is where the task says it
  starts (or on the last support marked done) -- send a robot there; it will
  not be found where the robots stand.
- The line "Rooms in this house" names every room. navigate_to(<room name>)
  drives a robot to a free spot inside that room, so it can reach a room whose
  objects it cannot name yet, or go and look for something.
- Refer to objects only by the ids in that robot's own room listing, which are
  the objects in the room it is standing in. They look like apple.n.01_1. Never
  invent one, and never give one robot an id that appeared only under another
  robot -- it is in a room that robot cannot see.
- An entry marked "blocked" is in that room but currently unavailable -- the
  bracketed note says why.

When an action fails, that robot's plan is abandoned. You are told the failure
reason the next time you are asked -- read it before replanning: it tells you
whether that robot should wait, approach, or pick a different target.

## 3. ROBOT CAPABILITIES
Three kinds of robot. A robot's kind is on its own header ("(drone)") and on
its line in a teammate's listing ("[carrier, ...]", "[base locks while
holding]", "[drone]").

ARM -- a robot with a gripper: grasp, place_on_top, release, open/close,
toggle, load_onto, unload_from, navigate_to, wait.
- Some arms' bases LOCK while the gripper is loaded, and navigate_to then fails
  with BASE_LOCKED; such a robot cannot deliver what it picks up. Have it load
  the object onto a carrier robot with load_onto, let the carrier drive, and
  have an arm take it back at the far end with unload_from. Both actions name
  the *carrier* as their target and need the two robots within reach of each
  other. This is a division of labour, not a detour: it is why a task can need
  more than one of your robots.
- ONLY a robot marked [base locks while holding] needs a carrier. Any other
  robot that can grasp -- a drone, an unmarked arm -- carries what it holds by
  itself: grasp, navigate_to the support, place_on_top, done. A drone that can
  lift the cargo needs nobody: routing its cargo through a carrier and back is
  a detour that costs two extra actions and a round of waiting for nothing.
  Use the carrier for the base-locked robot's legs, and only for those.

CARRIER -- a robot with no arm: cargo rides on its back.
- A carrier and what it is carrying are ONE line in that robot's room listing:

    - agent_1  (teammate)  [carrier, carrying box.n.01_1]  -> unload_from

  The cargo has no line of its own and cannot be grasped where it sits.
  unload_from(agent_1) takes it off that carrier's back and into the acting
  robot's hand; load_onto(agent_1) puts what that robot holds onto it. Both
  name the carrier, both need the two robots within reach of each other, and
  unload_from is the only way to get cargo back.
- **A carrier has no arm**, so give it navigate_to and wait and nothing else:
  no grasp, no place, no release, no load_onto or unload_from -- those are done
  *to* it by a robot that does have a hand. Its own section lists its load on
  an "On your back:" line, and it cannot put that down itself. Its job is to
  drive to where an arm is waiting, which is the whole reason a task needs two
  of them.

DRONE -- flies, holds its load under a suction mount, and its base never locks:
it carries what it grasps by itself.
- What a drone may lift is limited. The drone cannot lift the notebook. A
  robot tagged [drone] can grasp and carry the die (die.n.01_1) but NOT the
  notebook (notebook.n.01_1): grasp or unload_from on it fails with
  CANNOT_LIFT, and getting closer does not change that. Only a robot with an
  arm can lift the notebook, so give that leg to an arm; this division of
  labour is what the task is built around.

THIS TEAM'S ROBOTS:
  - ridgeback_2: ARM, base LOCKS while holding (needs a carrier to move cargo)
  - jackal_2: CARRIER (no arm; navigate_to and wait only)
  - drone_2: DRONE (flies, carries what it holds; see the lift table)

WHO MAY LIFT WHAT (this activity):
  - notebook.n.01: arm

## 4. COOPERATION MODE: INDIVIDUAL
Every team plans for itself. No team sends or receives messages; you learn
what the other teams are doing only from what your robots see (a teammate of
another team in the listing, an object held by one of its robots). Do not
wait for others to speak. When another team already holds the cargo, give
your robots something else or wait.
---------------------------------- PROMPT / USER ----------------------------------
=== STEP 5390 ===

## 6. OBSERVATIONS -- TEAM team_2 (3 robots)

THE TEAM'S TASK (the same for every robot), in the ids it is written in:
  Move notebook.n.01_1, in this order, onto: the cabinet in the child's room, the bookcase in the kitchen. Move notebook.n.01_2, in this order, onto: the bookcase in the kitchen, the armchair in the dining room. Move notebook.n.01_3, in this order, onto: the armchair in the dining room, the coffee table in the living room. Move notebook.n.01_4, in this order, onto: the cabinet in the living room, the bed in the bedroom. Move notebook.n.01_5, in this order, onto: the cabinet in the bedroom, the bed in the child's room.
Route S1-M5: complete -- notebook.n.01_1 is at its destination.
Route S1-M3: complete -- notebook.n.01_2 is at its destination.
Route S1-M2, carry notebook.n.01_3 through these in order:
  it starts ontop(notebook.n.01_3, floor.n.01_2)
  NEXT  C1  ontop(notebook.n.01_3, armchair.n.01_1)
        D   ontop(notebook.n.01_3, coffee_table.n.01_1)
Route S1-M1: complete -- notebook.n.01_4 is at its destination.
Route S1-M4, carry notebook.n.01_5 through these in order:
  it starts ontop(notebook.n.01_5, floor.n.01_4)
  NEXT  C1  ontop(notebook.n.01_5, cabinet.n.01_3)
        D   ontop(notebook.n.01_5, bed.n.01_1)
A support reached out of order does not count, and nothing is lost by it: progress resumes when the NEXT one holds.

=== ROBOT ridgeback_2 ===
Step 5390/8000 | you are ridgeback_2 in living_room_0 (a living room)
Rooms in this house (navigate_to any of them): bathroom_0, bedroom_0, childs_room_0, closet_0, closet_1, corridor_0, dining_room_0, empty_room_0, empty_room_1, kitchen_0, living_room_0, staircase_0
Holding: nothing

living_room_0:
  - cabinet.n.01_2  Open  -> unreachable, navigate_to  [2.2 m away]
  - coffee_table.n.01_1  -> grasp, navigate_to
  - drone_1  (teammate)  [drone]
  - drone_2  (teammate)  [drone]
  - drone_3  (teammate)  [drone]
  - floor.n.01_1  -> navigate_to
  - jackal_2  (teammate)  [carrier, carrying notebook.n.01_3]  -> unreachable, navigate_to  [2.2 m away]

Relations:
  ontop(cabinet.n.01_2, floor.n.01_1)
  ontop(coffee_table.n.01_1, floor.n.01_1)
  ontop(jackal_2, floor.n.01_1)
  ontop(ridgeback_2, floor.n.01_1)
  under(jackal_2, notebook.n.01_3)

=== ROBOT jackal_2 ===
Step 5390/8000 | you are jackal_2 in living_room_0 (a living room)
Rooms in this house (navigate_to any of them): bathroom_0, bedroom_0, childs_room_0, closet_0, closet_1, corridor_0, dining_room_0, empty_room_0, empty_room_1, kitchen_0, living_room_0, staircase_0
On your back: notebook.n.01_3
Holding: nothing

living_room_0:
  - cabinet.n.01_2  Open  -> unreachable, navigate_to  [4.3 m away]
  - coffee_table.n.01_1  -> navigate_to
  - drone_1  (teammate)  [drone]
  - drone_2  (teammate)  [drone]
  - drone_3  (teammate)  [drone]
  - floor.n.01_1  -> navigate_to
  - ridgeback_2  (teammate)  [base locks while holding]

Relations:
  ontop(cabinet.n.01_2, floor.n.01_1)
  ontop(coffee_table.n.01_1, floor.n.01_1)
  ontop(jackal_2, floor.n.01_1)
  ontop(ridgeback_2, floor.n.01_1)
  under(jackal_2, notebook.n.01_3)

=== ROBOT drone_2 ===
Step 5390/8000 | you are drone_2 (drone) in living_room_0 (a living room)
Rooms in this house (navigate_to any of them): bathroom_0, bedroom_0, childs_room_0, closet_0, closet_1, corridor_0, dining_room_0, empty_room_0, empty_room_1, kitchen_0, living_room_0, staircase_0
Holding: nothing

living_room_0:
  - cabinet.n.01_2  Open  -> unreachable, navigate_to  [2.1 m away]
  - coffee_table.n.01_1  -> unreachable, navigate_to  [1.9 m away]
  - drone_1  (teammate)  [drone]
  - drone_3  (teammate)  [drone]
  - floor.n.01_1  -> navigate_to
  - jackal_2  (teammate)  [carrier, carrying notebook.n.01_3]  -> unreachable, navigate_to  [2.2 m away]
  - ridgeback_2  (teammate)  [base locks while holding]

Relations:
  ontop(cabinet.n.01_2, floor.n.01_1)
  ontop(coffee_table.n.01_1, floor.n.01_1)
  ontop(jackal_2, floor.n.01_1)
  ontop(ridgeback_2, floor.n.01_1)
  under(jackal_2, notebook.n.01_3)

## 9. ACTION HISTORY AND FAILURES
--- ridgeback_2 ---
Its current plan: wait_for_team(team_2) [interrupted]
YOUR FINISHED PLANS (most recent last):
  #12 [FAILED] ontop(notebook.n.01_2, armchair.n.01_1)
      plan: grasp(notebook.n.01_2) -> load_onto(jackal_2) -> wait(400) -> navigate_to(armchair.n.01_1) -> unload_from(jackal_2) -> place_on_top(armchair.n.01_1)
      you chose it because: I handle notebook 2's next route leg. Because my base locks while holding, I load it onto jackal_2, then rendezvous at the dining-room armchair to unload and place it.
      it failed because: navigate_to: An error occurred during each attempt of this action. Attempt 0: PLANNING_ERROR: Cannot reach armchair_qplklw_2: there is no free floor space around it to stand on (need a spot 0.7-1.3...
  #14 [DONE] ontop(notebook.n.01_2, armchair.n.01_1)
      plan: wait(500) -> navigate_to(jackal_2) -> unload_from(jackal_2) -> place_on_top(armchair.n.01_1)
      you chose it because: I handle notebook 2's next leg. I wait for jackal_2 to reach the dining room, rendezvous with it, and unload the notebook; placement must be staged for a later observation because the armchair has no reachable standing space from the current listing.
  #15 [FAILED] ontop(notebook.n.01_3, armchair.n.01_1)
      plan: grasp(notebook.n.01_3) -> load_onto(jackal_2) -> navigate_to(coffee_table.n.01_1) -> wait(400) -> unload_from(jackal_2) -> place_on_top(armchair.n.01_1)
      you chose it because: I handle notebook 3's route. I grasp it, load it onto the base-locked carrier, rendezvous at the living-room coffee table, unload, and place it on the current NEXT support, the dining-room armchair. The route can then advance to the coffee table in a later step.
      it failed because: unload_from: PRE_CONDITION_ERROR: You are 2.20 m from jackal_2, too far to unload from it (you must be within 1.67 m). Navigate to it first.. Additional info: {'target object': 'jackal_2', 'distanc...

--- jackal_2 ---
Its current plan: ontop(notebook.n.01_3, armchair.n.01_1) [failed]
YOUR FINISHED PLANS (most recent last):
  #13 [FAILED] ontop(notebook.n.01_2, armchair.n.01_1)
      plan: wait(100) -> navigate_to(armchair.n.01_1) -> wait(500) -> place_on_top(armchair.n.01_1)
      you chose it because: I serve as ridgeback_2's carrier: allow time for loading, transport notebook 2 to the dining-room armchair, and hold there for unloading. I do not attempt placement because carriers have no arm.
      it failed because: navigate_to: An error occurred during each attempt of this action. Attempt 0: PLANNING_ERROR: Cannot reach armchair_qplklw_2: there is no free floor space around it to stand on (need a spot 0.9-1.5...
  #15 [FAILED] ontop(notebook.n.01_2, armchair.n.01_1)
      plan: navigate_to(dining_room_0) -> wait(300) -> place_on_top(armchair.n.01_1)
      you chose it because: As the carrier, I transport notebook 2 from the kitchen to a free position in the dining room and hold there for ridgeback_2 to unload it.
      it failed because: place_on_top: An error occurred during each attempt of this action. Attempt 0: PRE_CONDITION_ERROR: You have no arm, so you cannot place onto. You can navigate_to and wait. Cargo is put on your bac...
  #17 [FAILED] ontop(notebook.n.01_3, armchair.n.01_1)
      plan: wait(200) -> navigate_to(coffee_table.n.01_1) -> wait(450) -> place_on_top(armchair.n.01_1)
      you chose it because: I serve only as ridgeback_2's carrier for notebook 3. I pause long enough for loading, drive to the coffee table rendezvous, and wait there so ridgeback_2 can unload the notebook.
      it failed because: place_on_top: An error occurred during each attempt of this action. Attempt 0: PRE_CONDITION_ERROR: You have no arm, so you cannot place onto. You can navigate_to and wait. Cargo is put on your bac...

--- drone_2 ---
Its current plan: wait_for_team(team_2) [interrupted]
YOUR FINISHED PLANS (most recent last):
  #10 [DONE] ontop(notebook.n.01_2, armchair.n.01_1)
      plan: wait(600)
      you chose it because: Ridgeback_2 and jackal_2 are assigned exclusively to notebook 2. I cannot lift notebooks, so I wait and avoid a competing grasp.
  #11 [DONE] ontop(notebook.n.01_2, armchair.n.01_1)
      plan: wait(600)
      you chose it because: I cannot lift notebooks, and notebook 2 is exclusively assigned to the ridgeback-carrier pair, so I wait without competing for the cargo.
  #13 [DONE] ontop(notebook.n.01_3, armchair.n.01_1)
      plan: wait(600)
      you chose it because: I cannot lift notebooks, and ridgeback_2 with jackal_2 already has the available notebook route assigned, so I wait rather than compete for the cargo.

Return exactly 3 plans, one per robot, using each robot's own ids. Say in `reasoning` how you divided the work.
-------------------------------------- COMPLETION --------------------------------------
  plans:
    [1]
      agent_id: ridgeback_2
      task:
        task: Task.ONTOP
        object_type: notebook.n.01_3
        object_id: 1
        reference: armchair.n.01_1
      actions:
        [1]
          action_type: wait
          ticks: 450
        [2]
          action_type: navigate_to
          target: jackal_2
        [3]
          action_type: unload_from
          target: jackal_2
      reasoning: I handle the arm-required transfer of notebook.n.01_3. Jackal carries it to the dining room; I wait for that trip, approach the carrier directly, and unload at a close rendezvous. Placement on the armchair will be staged after the next room observation.
    [2]
      agent_id: jackal_2
      task:
        task: Task.ONTOP
        object_type: notebook.n.01_3
        object_id: 1
        reference: armchair.n.01_1
      actions:
        [1]
          action_type: navigate_to
          target: dining_room_0
        [2]
          action_type: wait
          ticks: 550
      reasoning: I exclusively carry notebook.n.01_3 to the dining room. I use the room target rather than the obstructed armchair target, then hold position so ridgeback_2 can navigate to me and unload the notebook.
    [3]
      agent_id: drone_2
      task:
        task: Task.ONTOP
        object_type: notebook.n.01_3
        object_id: 1
        reference: armchair.n.01_1
      actions:
        [1]
          action_type: wait
          ticks: 600
      reasoning: I cannot lift notebooks, and ridgeback_2 plus jackal_2 are already exclusively handling notebook.n.01_3. I wait without competing or wasting a trip while they complete the carrier rendezvous.
  reasoning: Ridgeback_2 performs the arm-only unload, jackal_2 transports the notebook to the dining room via a reachable room target, and drone_2 waits because it cannot lift the notebook.
====================================================================================================
#30  ridgeback_1  env_step 5437  t=742.257s  Team Plan Generation [team_1]
  usage: 7571 tokens (prompt 6550, completion 1021)
---------------------------------- PROMPT / SYSTEM ----------------------------------
## 1. YOUR ROLE
You command TEAM 'team_1' -- 3 robots (ridgeback_1, jackal_1, drone_1) -- in a multi-agent
cooperative household task, alongside other teams doing the same. You are the
TEAM CONTROLLER: you are given all 3 robots' observations in one call and
answer with one plan per robot, in that same call.

- Divide the work. Two robots sent to the same object waste one of them: the
  loser burns the whole trip and its grasp fails with OBJECT_CLAIMED.
- Your robots start their plans together and you are not asked again until
  every one of them has finished. A robot that finishes early holds position
  and does nothing useful, so plans of wildly different lengths waste the
  short ones.
- Other teams are driven by their own controllers, not by you. You coordinate
  with them only through the messages quoted in this prompt.
- At the end of the prompt are each robot's last few plans, with their
  actions and how each ended, and the messages this team has sent and
  received. A plan that failed for a reason that still holds will fail the
  same way again, and a question you already asked has its answer in the
  record.

PLAN RESPONSE:
- Return a structured plan for EVERY robot listed above, one each, tagged with
  that robot's agent_id.
- Give each robot one task and at most 6 actions; 3-6 short
  executable actions are usually enough.
- Use exact item_id values from that robot's own section of the prompt.
- Say in the team-level `reasoning` how you divided the work between them.

## 2. ENVIRONMENT RULES
Your robots act through high-level primitives, not joint commands. Each one
takes many simulation steps: driving across a room costs 30 ticks per metre, so
distance is the main cost you control. None of them can see -- each is given a
symbolic description of the room it is standing in, and only that room, and
those descriptions are listed below one robot at a time.

Rules that decide whether an action succeeds:
- To grasp, place, open or toggle an object a robot must be closer to it than
  that object's own distance threshold; beyond it the action fails with TOO_FAR.
  Each object in a robot's room listing carries what that robot can do to it
  after "->", and a distance in metres ONLY when it is out of range -- no
  distance means that robot is already close enough to act on it now.
- An out-of-range object is marked "unreachable" and offers navigate_to and
  NOTHING else. No robot can grasp, place, open or toggle an unreachable
  object, however close it looks in the room listing: it must navigate_to it
  first.
- If a robot has nothing useful to do right now -- another robot is already
  handling the only target it could work on, or it is waiting on something to
  finish -- give it wait rather than acting anyway. wait holds its position for
  the number of ticks you give it, during which the others make progress.
- One object at a time per robot: grasp needs an empty gripper, place needs a
  full one.
- Objects are exclusive, including between your own robots. If anyone is
  holding something, a grasp for it fails with "held by <agent>". Sending two
  robots after one target costs the loser the whole trip for nothing.
- Some tasks are a route: THE TEAM'S TASK lists supports the cargo must rest on
  in order, marked done / NEXT. Only the NEXT support counts when the cargo is
  placed on it; a support reached out of order does not count and costs
  nothing -- progress resumes when NEXT holds. Progress is judged on where the
  cargo rests, not on what a robot intended.
- Every id in THE TEAM'S TASK is a valid navigate_to target for any robot from
  ANY room, even when it is not in that robot's listing: navigate_to(<that id>)
  drives it there, through the house, and its next listing shows that room.
  That is how a robot changes rooms. The cargo is where the task says it
  starts (or on the last support marked done) -- send a robot there; it will
  not be found where the robots stand.
- The line "Rooms in this house" names every room. navigate_to(<room name>)
  drives a robot to a free spot inside that room, so it can reach a room whose
  objects it cannot name yet, or go and look for something.
- Refer to objects only by the ids in that robot's own room listing, which are
  the objects in the room it is standing in. They look like apple.n.01_1. Never
  invent one, and never give one robot an id that appeared only under another
  robot -- it is in a room that robot cannot see.
- An entry marked "blocked" is in that room but currently unavailable -- the
  bracketed note says why.

When an action fails, that robot's plan is abandoned. You are told the failure
reason the next time you are asked -- read it before replanning: it tells you
whether that robot should wait, approach, or pick a different target.

## 3. ROBOT CAPABILITIES
Three kinds of robot. A robot's kind is on its own header ("(drone)") and on
its line in a teammate's listing ("[carrier, ...]", "[base locks while
holding]", "[drone]").

ARM -- a robot with a gripper: grasp, place_on_top, release, open/close,
toggle, load_onto, unload_from, navigate_to, wait.
- Some arms' bases LOCK while the gripper is loaded, and navigate_to then fails
  with BASE_LOCKED; such a robot cannot deliver what it picks up. Have it load
  the object onto a carrier robot with load_onto, let the carrier drive, and
  have an arm take it back at the far end with unload_from. Both actions name
  the *carrier* as their target and need the two robots within reach of each
  other. This is a division of labour, not a detour: it is why a task can need
  more than one of your robots.
- ONLY a robot marked [base locks while holding] needs a carrier. Any other
  robot that can grasp -- a drone, an unmarked arm -- carries what it holds by
  itself: grasp, navigate_to the support, place_on_top, done. A drone that can
  lift the cargo needs nobody: routing its cargo through a carrier and back is
  a detour that costs two extra actions and a round of waiting for nothing.
  Use the carrier for the base-locked robot's legs, and only for those.

CARRIER -- a robot with no arm: cargo rides on its back.
- A carrier and what it is carrying are ONE line in that robot's room listing:

    - agent_1  (teammate)  [carrier, carrying box.n.01_1]  -> unload_from

  The cargo has no line of its own and cannot be grasped where it sits.
  unload_from(agent_1) takes it off that carrier's back and into the acting
  robot's hand; load_onto(agent_1) puts what that robot holds onto it. Both
  name the carrier, both need the two robots within reach of each other, and
  unload_from is the only way to get cargo back.
- **A carrier has no arm**, so give it navigate_to and wait and nothing else:
  no grasp, no place, no release, no load_onto or unload_from -- those are done
  *to* it by a robot that does have a hand. Its own section lists its load on
  an "On your back:" line, and it cannot put that down itself. Its job is to
  drive to where an arm is waiting, which is the whole reason a task needs two
  of them.

DRONE -- flies, holds its load under a suction mount, and its base never locks:
it carries what it grasps by itself.
- What a drone may lift is limited. The drone cannot lift the notebook. A
  robot tagged [drone] can grasp and carry the die (die.n.01_1) but NOT the
  notebook (notebook.n.01_1): grasp or unload_from on it fails with
  CANNOT_LIFT, and getting closer does not change that. Only a robot with an
  arm can lift the notebook, so give that leg to an arm; this division of
  labour is what the task is built around.

THIS TEAM'S ROBOTS:
  - ridgeback_1: ARM, base LOCKS while holding (needs a carrier to move cargo)
  - jackal_1: CARRIER (no arm; navigate_to and wait only)
  - drone_1: DRONE (flies, carries what it holds; see the lift table)

WHO MAY LIFT WHAT (this activity):
  - notebook.n.01: arm

## 4. COOPERATION MODE: INDIVIDUAL
Every team plans for itself. No team sends or receives messages; you learn
what the other teams are doing only from what your robots see (a teammate of
another team in the listing, an object held by one of its robots). Do not
wait for others to speak. When another team already holds the cargo, give
your robots something else or wait.
---------------------------------- PROMPT / USER ----------------------------------
=== STEP 5437 ===

## 6. OBSERVATIONS -- TEAM team_1 (3 robots)

THE TEAM'S TASK (the same for every robot), in the ids it is written in:
  Move notebook.n.01_1, in this order, onto: the cabinet in the child's room, the bookcase in the kitchen. Move notebook.n.01_2, in this order, onto: the bookcase in the kitchen, the armchair in the dining room. Move notebook.n.01_3, in this order, onto: the armchair in the dining room, the coffee table in the living room. Move notebook.n.01_4, in this order, onto: the cabinet in the living room, the bed in the bedroom. Move notebook.n.01_5, in this order, onto: the cabinet in the bedroom, the bed in the child's room.
Route S1-M5: complete -- notebook.n.01_1 is at its destination.
Route S1-M3: complete -- notebook.n.01_2 is at its destination.
Route S1-M2, carry notebook.n.01_3 through these in order:
  it starts ontop(notebook.n.01_3, floor.n.01_2)
  NEXT  C1  ontop(notebook.n.01_3, armchair.n.01_1)
        D   ontop(notebook.n.01_3, coffee_table.n.01_1)
Route S1-M1: complete -- notebook.n.01_4 is at its destination.
Route S1-M4, carry notebook.n.01_5 through these in order:
  it starts ontop(notebook.n.01_5, floor.n.01_4)
  NEXT  C1  ontop(notebook.n.01_5, cabinet.n.01_3)
        D   ontop(notebook.n.01_5, bed.n.01_1)
A support reached out of order does not count, and nothing is lost by it: progress resumes when the NEXT one holds.

=== ROBOT ridgeback_1 ===
Step 5437/8000 | you are ridgeback_1 in kitchen_0 (a kitchen)
Rooms in this house (navigate_to any of them): bathroom_0, bedroom_0, childs_room_0, closet_0, closet_1, corridor_0, dining_room_0, empty_room_0, empty_room_1, kitchen_0, living_room_0, staircase_0
Holding: nothing

kitchen_0:
  - bookcase.n.01_1  -> navigate_to
  - electric_refrigerator.n.01_1  Open  -> unreachable, navigate_to  [1.8 m away]
  - floor.n.01_3  -> navigate_to
  - jackal_1  (teammate)  [carrier, empty]  -> navigate_to
  - notebook.n.01_1  -> grasp, navigate_to

Relations:
  ontop(jackal_1, floor.n.01_3)
  ontop(notebook.n.01_1, bookcase.n.01_1)
  ontop(ridgeback_1, floor.n.01_3)
  under(floor.n.01_3, jackal_1)

=== ROBOT jackal_1 ===
Step 5437/8000 | you are jackal_1 in kitchen_0 (a kitchen)
Rooms in this house (navigate_to any of them): bathroom_0, bedroom_0, childs_room_0, closet_0, closet_1, corridor_0, dining_room_0, empty_room_0, empty_room_1, kitchen_0, living_room_0, staircase_0
Holding: nothing

kitchen_0:
  - bookcase.n.01_1  -> navigate_to
  - electric_refrigerator.n.01_1  Open  -> navigate_to
  - floor.n.01_3  -> navigate_to
  - notebook.n.01_1  -> navigate_to
  - ridgeback_1  (teammate)  [base locks while holding]

Relations:
  ontop(jackal_1, floor.n.01_3)
  ontop(notebook.n.01_1, bookcase.n.01_1)
  ontop(ridgeback_1, floor.n.01_3)
  under(floor.n.01_3, jackal_1)

=== ROBOT drone_1 ===
Step 5437/8000 | you are drone_1 (drone) in living_room_0 (a living room)
Rooms in this house (navigate_to any of them): bathroom_0, bedroom_0, childs_room_0, closet_0, closet_1, corridor_0, dining_room_0, empty_room_0, empty_room_1, kitchen_0, living_room_0, staircase_0
Holding: nothing

living_room_0:
  - cabinet.n.01_2  Open  -> unreachable, navigate_to  [3.2 m away]
  - coffee_table.n.01_1  -> grasp, navigate_to
  - drone_2  (teammate)  [drone]
  - drone_3  (teammate)  [drone]
  - floor.n.01_1  -> navigate_to
  - jackal_2  (teammate)  [carrier, carrying notebook.n.01_3]  -> navigate_to
  - ridgeback_2  (teammate)  [base locks while holding]

Relations:
  ontop(cabinet.n.01_2, floor.n.01_1)
  ontop(coffee_table.n.01_1, floor.n.01_1)
  ontop(jackal_2, floor.n.01_1)
  ontop(ridgeback_2, floor.n.01_1)
  under(jackal_2, notebook.n.01_3)

## 9. ACTION HISTORY AND FAILURES
--- ridgeback_1 ---
Its current plan: wait_for_team(team_1) [interrupted]
YOUR FINISHED PLANS (most recent last):
  #13 [FAILED] ontop(notebook.n.01_1, bookcase.n.01_1)
      plan: load_onto(jackal_1) -> wait(300) -> navigate_to(jackal_1) -> unload_from(jackal_1) -> place_on_top(bookcase.n.01_1)
      you chose it because: Ridgeback transfers the held notebook to jackal_1 because its base locks while holding, then approaches the carrier after transport and performs the final placement on the bookcase.
      it failed because: place_on_top: An error occurred during each attempt of this action. Attempt 0: PRE_CONDITION_ERROR: You are 1.70 m from bookcase_owvfik_0, too far to place onto it (you must be within 1.70 m). Navi...
  #15 [FAILED] ontop(notebook.n.01_1, bookcase.n.01_1)
      plan: load_onto(jackal_1) -> wait(300) -> navigate_to(jackal_1) -> unload_from(jackal_1) -> navigate_to(bookcase.n.01_1) -> place_on_top(bookcase.n.01_1)
      you chose it because: Ridgeback transfers the held notebook to jackal_1 so its locked base is free, then meets the carrier, unloads, and performs the final placement on the bookcase.
      it failed because: navigate_to: An error occurred during each attempt of this action. Attempt 0: PRE_CONDITION_ERROR: You cannot drive while holding notebook_158: your base is locked whenever your arm is loaded. Put ...
  #17 [DONE] ontop(notebook.n.01_1, bookcase.n.01_1)
      plan: load_onto(jackal_1) -> wait(500) -> navigate_to(jackal_1) -> unload_from(jackal_1) -> place_on_top(bookcase.n.01_1)
      you chose it because: Ridgeback transfers the held notebook to the carrier, then meets it at the carrier's floor position and performs the final placement directly from that position; it must not navigate while holding because its base locks.

--- jackal_1 ---
Its current plan: ontop(notebook.n.01_1, bookcase.n.01_1) [failed]
YOUR FINISHED PLANS (most recent last):
  #14 [FAILED] ontop(notebook.n.01_1, bookcase.n.01_1)
      plan: navigate_to(bookcase.n.01_1) -> wait(500) -> place_on_top(bookcase.n.01_1)
      you chose it because: Jackal_1 is the carrier: it drives the notebook to the kitchen bookcase and waits there for ridgeback_1 to unload and place it.
      it failed because: navigate_to: An error occurred during each attempt of this action. Attempt 0: PLANNING_ERROR: Cannot reach bookcase_owvfik_0: there is no free floor space around it to stand on (need a spot 1.2-1.8...
  #16 [FAILED] ontop(notebook.n.01_1, bookcase.n.01_1)
      plan: navigate_to(floor.n.01_3) -> wait(500) -> place_on_top(bookcase.n.01_1)
      you chose it because: Jackal_1 carries notebook.n.01_1 and stays at a reachable free floor position near the bookcase, allowing ridgeback_1 to approach and unload it for placement.
      it failed because: place_on_top: An error occurred during each attempt of this action. Attempt 0: PRE_CONDITION_ERROR: You have no arm, so you cannot place onto. You can navigate_to and wait. Cargo is put on your bac...
  #18 [FAILED] ontop(notebook.n.01_1, bookcase.n.01_1)
      plan: wait(200) -> navigate_to(floor.n.01_3) -> wait(600) -> place_on_top(bookcase.n.01_1)
      you chose it because: Jackal waits long enough for the load transfer, moves to the reachable floor position near the bookcase rather than the obstructed bookcase target, and waits there for ridgeback to unload the notebook.
      it failed because: place_on_top: An error occurred during each attempt of this action. Attempt 0: PRE_CONDITION_ERROR: You have no arm, so you cannot place onto. You can navigate_to and wait. Cargo is put on your bac...

--- drone_1 ---
Its current plan: wait_for_team(team_1) [interrupted]
YOUR FINISHED PLANS (most recent last):
  #8 [DONE] ontop(notebook.n.01_1, bookcase.n.01_1)
      plan: wait(600)
      you chose it because: The drone cannot lift notebooks and should avoid contesting the active arm-and-carrier transfer, so it waits.
  #9 [DONE] ontop(notebook.n.01_1, bookcase.n.01_1)
      plan: wait(600)
      you chose it because: The drone cannot lift notebooks, so it remains clear while ridgeback_1 and jackal_1 complete the carrier transfer.
  #10 [DONE] ontop(notebook.n.01_1, bookcase.n.01_1)
      plan: wait(100)
      you chose it because: The drone cannot lift notebooks and the notebook is already exclusively held by ridgeback, so it stays clear while the arm and carrier complete the transfer.

Return exactly 3 plans, one per robot, using each robot's own ids. Say in `reasoning` how you divided the work.
-------------------------------------- COMPLETION --------------------------------------
  plans:
    [1]
      agent_id: ridgeback_1
      task:
        task: Task.ONTOP
        object_type: notebook.n.01_5
        object_id: 1
        reference: cabinet.n.01_3
      actions:
        [1]
          action_type: navigate_to
          target: notebook.n.01_5
        [2]
          action_type: grasp
          target: notebook.n.01_5
        [3]
          action_type: load_onto
          target: jackal_1
        [4]
          action_type: wait
          ticks: 500
        [5]
          action_type: navigate_to
          target: jackal_1
        [6]
          action_type: unload_from
          target: jackal_1
        [7]
          action_type: place_on_top
          target: cabinet.n.01_3
      reasoning: Ridgeback handles the notebook because it is the only arm, but transfers it to jackal immediately so its base lock does not prevent transport. After jackal reaches the bedroom cabinet, ridgeback unloads and places it.
    [2]
      agent_id: jackal_1
      task:
        task: Task.ONTOP
        object_type: notebook.n.01_5
        object_id: 1
        reference: cabinet.n.01_3
      actions:
        [1]
          action_type: navigate_to
          target: notebook.n.01_5
        [2]
          action_type: wait
          ticks: 500
        [3]
          action_type: navigate_to
          target: cabinet.n.01_3
        [4]
          action_type: wait
          ticks: 500
      reasoning: Jackal is assigned as the carrier: it first meets ridgeback at notebook.n.01_5 for loading, then transports the notebook to the bedroom cabinet and waits for ridgeback to perform the placement.
    [3]
      agent_id: drone_1
      task:
        task: Task.ONTOP
        object_type: notebook.n.01_3
        object_id: 1
        reference: coffee_table.n.01_1
      actions:
        [1]
          action_type: wait
          ticks: 120
      reasoning: The drone cannot lift notebooks, and notebook.n.01_3 is already being carried by another team's jackal, so it stays clear rather than contesting the object.
  reasoning: Ridgeback and jackal jointly advance notebook.n.01_5: the arm grasps and loads it, while the carrier transports it to the bedroom cabinet. The drone waits because it cannot lift notebooks and notebook.n.01_3 is already held by another team.
====================================================================================================
#31  ridgeback_1  env_step 5587  t=766.415s  Team Plan Generation [team_1]
  usage: 8349 tokens (prompt 6622, completion 1727)
---------------------------------- PROMPT / SYSTEM ----------------------------------
## 1. YOUR ROLE
You command TEAM 'team_1' -- 3 robots (ridgeback_1, jackal_1, drone_1) -- in a multi-agent
cooperative household task, alongside other teams doing the same. You are the
TEAM CONTROLLER: you are given all 3 robots' observations in one call and
answer with one plan per robot, in that same call.

- Divide the work. Two robots sent to the same object waste one of them: the
  loser burns the whole trip and its grasp fails with OBJECT_CLAIMED.
- Your robots start their plans together and you are not asked again until
  every one of them has finished. A robot that finishes early holds position
  and does nothing useful, so plans of wildly different lengths waste the
  short ones.
- Other teams are driven by their own controllers, not by you. You coordinate
  with them only through the messages quoted in this prompt.
- At the end of the prompt are each robot's last few plans, with their
  actions and how each ended, and the messages this team has sent and
  received. A plan that failed for a reason that still holds will fail the
  same way again, and a question you already asked has its answer in the
  record.

PLAN RESPONSE:
- Return a structured plan for EVERY robot listed above, one each, tagged with
  that robot's agent_id.
- Give each robot one task and at most 6 actions; 3-6 short
  executable actions are usually enough.
- Use exact item_id values from that robot's own section of the prompt.
- Say in the team-level `reasoning` how you divided the work between them.

## 2. ENVIRONMENT RULES
Your robots act through high-level primitives, not joint commands. Each one
takes many simulation steps: driving across a room costs 30 ticks per metre, so
distance is the main cost you control. None of them can see -- each is given a
symbolic description of the room it is standing in, and only that room, and
those descriptions are listed below one robot at a time.

Rules that decide whether an action succeeds:
- To grasp, place, open or toggle an object a robot must be closer to it than
  that object's own distance threshold; beyond it the action fails with TOO_FAR.
  Each object in a robot's room listing carries what that robot can do to it
  after "->", and a distance in metres ONLY when it is out of range -- no
  distance means that robot is already close enough to act on it now.
- An out-of-range object is marked "unreachable" and offers navigate_to and
  NOTHING else. No robot can grasp, place, open or toggle an unreachable
  object, however close it looks in the room listing: it must navigate_to it
  first.
- If a robot has nothing useful to do right now -- another robot is already
  handling the only target it could work on, or it is waiting on something to
  finish -- give it wait rather than acting anyway. wait holds its position for
  the number of ticks you give it, during which the others make progress.
- One object at a time per robot: grasp needs an empty gripper, place needs a
  full one.
- Objects are exclusive, including between your own robots. If anyone is
  holding something, a grasp for it fails with "held by <agent>". Sending two
  robots after one target costs the loser the whole trip for nothing.
- Some tasks are a route: THE TEAM'S TASK lists supports the cargo must rest on
  in order, marked done / NEXT. Only the NEXT support counts when the cargo is
  placed on it; a support reached out of order does not count and costs
  nothing -- progress resumes when NEXT holds. Progress is judged on where the
  cargo rests, not on what a robot intended.
- Every id in THE TEAM'S TASK is a valid navigate_to target for any robot from
  ANY room, even when it is not in that robot's listing: navigate_to(<that id>)
  drives it there, through the house, and its next listing shows that room.
  That is how a robot changes rooms. The cargo is where the task says it
  starts (or on the last support marked done) -- send a robot there; it will
  not be found where the robots stand.
- The line "Rooms in this house" names every room. navigate_to(<room name>)
  drives a robot to a free spot inside that room, so it can reach a room whose
  objects it cannot name yet, or go and look for something.
- Refer to objects only by the ids in that robot's own room listing, which are
  the objects in the room it is standing in. They look like apple.n.01_1. Never
  invent one, and never give one robot an id that appeared only under another
  robot -- it is in a room that robot cannot see.
- An entry marked "blocked" is in that room but currently unavailable -- the
  bracketed note says why.

When an action fails, that robot's plan is abandoned. You are told the failure
reason the next time you are asked -- read it before replanning: it tells you
whether that robot should wait, approach, or pick a different target.

## 3. ROBOT CAPABILITIES
Three kinds of robot. A robot's kind is on its own header ("(drone)") and on
its line in a teammate's listing ("[carrier, ...]", "[base locks while
holding]", "[drone]").

ARM -- a robot with a gripper: grasp, place_on_top, release, open/close,
toggle, load_onto, unload_from, navigate_to, wait.
- Some arms' bases LOCK while the gripper is loaded, and navigate_to then fails
  with BASE_LOCKED; such a robot cannot deliver what it picks up. Have it load
  the object onto a carrier robot with load_onto, let the carrier drive, and
  have an arm take it back at the far end with unload_from. Both actions name
  the *carrier* as their target and need the two robots within reach of each
  other. This is a division of labour, not a detour: it is why a task can need
  more than one of your robots.
- ONLY a robot marked [base locks while holding] needs a carrier. Any other
  robot that can grasp -- a drone, an unmarked arm -- carries what it holds by
  itself: grasp, navigate_to the support, place_on_top, done. A drone that can
  lift the cargo needs nobody: routing its cargo through a carrier and back is
  a detour that costs two extra actions and a round of waiting for nothing.
  Use the carrier for the base-locked robot's legs, and only for those.

CARRIER -- a robot with no arm: cargo rides on its back.
- A carrier and what it is carrying are ONE line in that robot's room listing:

    - agent_1  (teammate)  [carrier, carrying box.n.01_1]  -> unload_from

  The cargo has no line of its own and cannot be grasped where it sits.
  unload_from(agent_1) takes it off that carrier's back and into the acting
  robot's hand; load_onto(agent_1) puts what that robot holds onto it. Both
  name the carrier, both need the two robots within reach of each other, and
  unload_from is the only way to get cargo back.
- **A carrier has no arm**, so give it navigate_to and wait and nothing else:
  no grasp, no place, no release, no load_onto or unload_from -- those are done
  *to* it by a robot that does have a hand. Its own section lists its load on
  an "On your back:" line, and it cannot put that down itself. Its job is to
  drive to where an arm is waiting, which is the whole reason a task needs two
  of them.

DRONE -- flies, holds its load under a suction mount, and its base never locks:
it carries what it grasps by itself.
- What a drone may lift is limited. The drone cannot lift the notebook. A
  robot tagged [drone] can grasp and carry the die (die.n.01_1) but NOT the
  notebook (notebook.n.01_1): grasp or unload_from on it fails with
  CANNOT_LIFT, and getting closer does not change that. Only a robot with an
  arm can lift the notebook, so give that leg to an arm; this division of
  labour is what the task is built around.

THIS TEAM'S ROBOTS:
  - ridgeback_1: ARM, base LOCKS while holding (needs a carrier to move cargo)
  - jackal_1: CARRIER (no arm; navigate_to and wait only)
  - drone_1: DRONE (flies, carries what it holds; see the lift table)

WHO MAY LIFT WHAT (this activity):
  - notebook.n.01: arm

## 4. COOPERATION MODE: INDIVIDUAL
Every team plans for itself. No team sends or receives messages; you learn
what the other teams are doing only from what your robots see (a teammate of
another team in the listing, an object held by one of its robots). Do not
wait for others to speak. When another team already holds the cargo, give
your robots something else or wait.
---------------------------------- PROMPT / USER ----------------------------------
=== STEP 5587 ===

## 6. OBSERVATIONS -- TEAM team_1 (3 robots)

THE TEAM'S TASK (the same for every robot), in the ids it is written in:
  Move notebook.n.01_1, in this order, onto: the cabinet in the child's room, the bookcase in the kitchen. Move notebook.n.01_2, in this order, onto: the bookcase in the kitchen, the armchair in the dining room. Move notebook.n.01_3, in this order, onto: the armchair in the dining room, the coffee table in the living room. Move notebook.n.01_4, in this order, onto: the cabinet in the living room, the bed in the bedroom. Move notebook.n.01_5, in this order, onto: the cabinet in the bedroom, the bed in the child's room.
Route S1-M5: complete -- notebook.n.01_1 is at its destination.
Route S1-M3: complete -- notebook.n.01_2 is at its destination.
Route S1-M2, carry notebook.n.01_3 through these in order:
  it starts ontop(notebook.n.01_3, floor.n.01_2)
  NEXT  C1  ontop(notebook.n.01_3, armchair.n.01_1)
        D   ontop(notebook.n.01_3, coffee_table.n.01_1)
Route S1-M1: complete -- notebook.n.01_4 is at its destination.
Route S1-M4, carry notebook.n.01_5 through these in order:
  it starts ontop(notebook.n.01_5, floor.n.01_4)
  NEXT  C1  ontop(notebook.n.01_5, cabinet.n.01_3)
        D   ontop(notebook.n.01_5, bed.n.01_1)
A support reached out of order does not count, and nothing is lost by it: progress resumes when the NEXT one holds.

=== ROBOT ridgeback_1 ===
Step 5587/8000 | you are ridgeback_1 in bedroom_0 (a bedroom)
Rooms in this house (navigate_to any of them): bathroom_0, bedroom_0, childs_room_0, closet_0, closet_1, corridor_0, dining_room_0, empty_room_0, empty_room_1, kitchen_0, living_room_0, staircase_0
Holding: nothing

bedroom_0:
  - bed.n.01_2  -> unreachable, navigate_to  [2.8 m away]
  - cabinet.n.01_3  -> unreachable, navigate_to  [1.7 m away]
  - floor.n.01_4  -> navigate_to
  - jackal_3  (teammate)  [carrier, carrying notebook.n.01_5]  -> navigate_to, unload_from
  - notebook.n.01_4  -> unreachable, navigate_to  [2.0 m away]
  - ridgeback_3  (teammate)  [base locks while holding]

Relations:
  ontop(bed.n.01_2, floor.n.01_4)
  ontop(cabinet.n.01_3, floor.n.01_4)
  ontop(jackal_3, floor.n.01_4)
  ontop(notebook.n.01_4, bed.n.01_2)
  ontop(ridgeback_1, floor.n.01_4)
  ontop(ridgeback_3, floor.n.01_4)
  under(floor.n.01_4, bed.n.01_2)
  under(jackal_3, notebook.n.01_5)

=== ROBOT jackal_1 ===
Step 5587/8000 | you are jackal_1 in kitchen_0 (a kitchen)
Rooms in this house (navigate_to any of them): bathroom_0, bedroom_0, childs_room_0, closet_0, closet_1, corridor_0, dining_room_0, empty_room_0, empty_room_1, kitchen_0, living_room_0, staircase_0
Holding: nothing

kitchen_0:
  - bookcase.n.01_1  -> navigate_to
  - electric_refrigerator.n.01_1  Open  -> navigate_to
  - floor.n.01_3  -> navigate_to
  - notebook.n.01_1  -> navigate_to

Relations:
  ontop(jackal_1, floor.n.01_3)
  ontop(notebook.n.01_1, bookcase.n.01_1)
  under(floor.n.01_3, jackal_1)

=== ROBOT drone_1 ===
Step 5587/8000 | you are drone_1 (drone) in living_room_0 (a living room)
Rooms in this house (navigate_to any of them): bathroom_0, bedroom_0, childs_room_0, closet_0, closet_1, corridor_0, dining_room_0, empty_room_0, empty_room_1, kitchen_0, living_room_0, staircase_0
Holding: nothing

living_room_0:
  - cabinet.n.01_2  Open  -> unreachable, navigate_to  [3.2 m away]
  - coffee_table.n.01_1  -> grasp, navigate_to
  - drone_2  (teammate)  [drone]
  - drone_3  (teammate)  [drone]
  - floor.n.01_1  -> navigate_to
  - ridgeback_2  (teammate)  [base locks while holding]

Relations:
  ontop(cabinet.n.01_2, floor.n.01_1)
  ontop(coffee_table.n.01_1, floor.n.01_1)
  ontop(ridgeback_2, floor.n.01_1)

## 9. ACTION HISTORY AND FAILURES
--- ridgeback_1 ---
Its current plan: ontop(notebook.n.01_5, cabinet.n.01_3) [failed]
YOUR FINISHED PLANS (most recent last):
  #15 [FAILED] ontop(notebook.n.01_1, bookcase.n.01_1)
      plan: load_onto(jackal_1) -> wait(300) -> navigate_to(jackal_1) -> unload_from(jackal_1) -> navigate_to(bookcase.n.01_1) -> place_on_top(bookcase.n.01_1)
      you chose it because: Ridgeback transfers the held notebook to jackal_1 so its locked base is free, then meets the carrier, unloads, and performs the final placement on the bookcase.
      it failed because: navigate_to: An error occurred during each attempt of this action. Attempt 0: PRE_CONDITION_ERROR: You cannot drive while holding notebook_158: your base is locked whenever your arm is loaded. Put ...
  #17 [DONE] ontop(notebook.n.01_1, bookcase.n.01_1)
      plan: load_onto(jackal_1) -> wait(500) -> navigate_to(jackal_1) -> unload_from(jackal_1) -> place_on_top(bookcase.n.01_1)
      you chose it because: Ridgeback transfers the held notebook to the carrier, then meets it at the carrier's floor position and performs the final placement directly from that position; it must not navigate while holding because its base locks.
  #19 [FAILED] ontop(notebook.n.01_5, cabinet.n.01_3)
      plan: navigate_to(notebook.n.01_5) -> grasp(notebook.n.01_5) -> load_onto(jackal_1) -> wait(500) -> navigate_to(jackal_1) -> unload_from(jackal_1) -> place_on_top(cabinet.n.01_3)
      you chose it because: Ridgeback handles the notebook because it is the only arm, but transfers it to jackal immediately so its base lock does not prevent transport. After jackal reaches the bedroom cabinet, ridgeback unloads and places it.
      it failed because: grasp: An error occurred during each attempt of this action. Attempt 0: PRE_CONDITION_ERROR: notebook_154 is riding on jackal_3's back, so you cannot grasp it. Take it with unload_from(jackal_3) in...

--- jackal_1 ---
Its current plan: wait_for_team(team_1) [interrupted]
YOUR FINISHED PLANS (most recent last):
  #16 [FAILED] ontop(notebook.n.01_1, bookcase.n.01_1)
      plan: navigate_to(floor.n.01_3) -> wait(500) -> place_on_top(bookcase.n.01_1)
      you chose it because: Jackal_1 carries notebook.n.01_1 and stays at a reachable free floor position near the bookcase, allowing ridgeback_1 to approach and unload it for placement.
      it failed because: place_on_top: An error occurred during each attempt of this action. Attempt 0: PRE_CONDITION_ERROR: You have no arm, so you cannot place onto. You can navigate_to and wait. Cargo is put on your bac...
  #18 [FAILED] ontop(notebook.n.01_1, bookcase.n.01_1)
      plan: wait(200) -> navigate_to(floor.n.01_3) -> wait(600) -> place_on_top(bookcase.n.01_1)
      you chose it because: Jackal waits long enough for the load transfer, moves to the reachable floor position near the bookcase rather than the obstructed bookcase target, and waits there for ridgeback to unload the notebook.
      it failed because: place_on_top: An error occurred during each attempt of this action. Attempt 0: PRE_CONDITION_ERROR: You have no arm, so you cannot place onto. You can navigate_to and wait. Cargo is put on your bac...
  #19 [FAILED] ontop(notebook.n.01_5, cabinet.n.01_3)
      plan: navigate_to(notebook.n.01_5) -> wait(500) -> navigate_to(cabinet.n.01_3) -> wait(500) -> place_on_top(cabinet.n.01_3)
      you chose it because: Jackal is assigned as the carrier: it first meets ridgeback at notebook.n.01_5 for loading, then transports the notebook to the bedroom cabinet and waits for ridgeback to perform the placement.
      it failed because: navigate_to: An error occurred during each attempt of this action. Attempt 0: PLANNING_ERROR: Cannot reach notebook_154: there is no free floor space around it to stand on (need a spot 0.7-1.3 m aw...

--- drone_1 ---
Its current plan: wait_for_team(team_1) [interrupted]
YOUR FINISHED PLANS (most recent last):
  #9 [DONE] ontop(notebook.n.01_1, bookcase.n.01_1)
      plan: wait(600)
      you chose it because: The drone cannot lift notebooks, so it remains clear while ridgeback_1 and jackal_1 complete the carrier transfer.
  #10 [DONE] ontop(notebook.n.01_1, bookcase.n.01_1)
      plan: wait(100)
      you chose it because: The drone cannot lift notebooks and the notebook is already exclusively held by ridgeback, so it stays clear while the arm and carrier complete the transfer.
  #12 [DONE] ontop(notebook.n.01_3, coffee_table.n.01_1)
      plan: wait(120)
      you chose it because: The drone cannot lift notebooks, and notebook.n.01_3 is already being carried by another team's jackal, so it stays clear rather than contesting the object.

Return exactly 3 plans, one per robot, using each robot's own ids. Say in `reasoning` how you divided the work.
-------------------------------------- COMPLETION --------------------------------------
  plans:
    [1]
      agent_id: ridgeback_1
      task:
        task: Task.ONTOP
        object_type: notebook.n.01_5
        object_id: 1
        reference: cabinet.n.01_3
      actions:
        [1]
          action_type: wait
          ticks: 450
        [2]
          action_type: unload_from
          target: jackal_3
        [3]
          action_type: load_onto
          target: jackal_1
        [4]
          action_type: wait
          ticks: 500
        [5]
          action_type: navigate_to
          target: jackal_1
        [6]
          action_type: unload_from
          target: jackal_1
        [7]
          action_type: place_on_top
          target: cabinet.n.01_3
      reasoning: Notebook 5 is already on jackal_3, so I first take it from that carrier, transfer it to our carrier jackal_1, then meet jackal_1 at the bedroom cabinet for final placement. The initial wait lets jackal_1 reach the bedroom before the transfer.
    [2]
      agent_id: jackal_1
      task:
        task: Task.ONTOP
        object_type: notebook.n.01_5
        object_id: 1
        reference: cabinet.n.01_3
      actions:
        [1]
          action_type: navigate_to
          target: bedroom_0
        [2]
          action_type: wait
          ticks: 250
        [3]
          action_type: navigate_to
          target: cabinet.n.01_3
        [4]
          action_type: wait
          ticks: 600
      reasoning: I serve as the carrier: travel from the kitchen to the bedroom, remain available for ridgeback_1 to load notebook 5, then carry it to the bedroom cabinet and wait while ridgeback unloads and places it.
    [3]
      agent_id: drone_1
      task:
        task: Task.ONTOP
        object_type: notebook.n.01_5
        object_id: 1
        reference: cabinet.n.01_3
      actions:
        [1]
          action_type: wait
          ticks: 120
        [2]
          action_type: wait
          ticks: 120
        [3]
          action_type: wait
          ticks: 120
        [4]
          action_type: wait
          ticks: 120
        [5]
          action_type: wait
          ticks: 120
        [6]
          action_type: wait
          ticks: 120
      reasoning: The drone cannot lift notebooks and should not contest the carrier transfer, so it stays clear while ridgeback_1 and jackal_1 complete notebook 5.
  reasoning: Ridgeback_1 handles the notebook with its arm, jackal_1 provides transport because ridgeback's base locks while holding, and drone_1 waits because it cannot lift notebooks.
====================================================================================================
#32  ridgeback_3  env_step 5972  t=802.037s  Team Plan Generation [team_3]
  usage: 7954 tokens (prompt 6925, completion 1029)
---------------------------------- PROMPT / SYSTEM ----------------------------------
## 1. YOUR ROLE
You command TEAM 'team_3' -- 3 robots (ridgeback_3, jackal_3, drone_3) -- in a multi-agent
cooperative household task, alongside other teams doing the same. You are the
TEAM CONTROLLER: you are given all 3 robots' observations in one call and
answer with one plan per robot, in that same call.

- Divide the work. Two robots sent to the same object waste one of them: the
  loser burns the whole trip and its grasp fails with OBJECT_CLAIMED.
- Your robots start their plans together and you are not asked again until
  every one of them has finished. A robot that finishes early holds position
  and does nothing useful, so plans of wildly different lengths waste the
  short ones.
- Other teams are driven by their own controllers, not by you. You coordinate
  with them only through the messages quoted in this prompt.
- At the end of the prompt are each robot's last few plans, with their
  actions and how each ended, and the messages this team has sent and
  received. A plan that failed for a reason that still holds will fail the
  same way again, and a question you already asked has its answer in the
  record.

PLAN RESPONSE:
- Return a structured plan for EVERY robot listed above, one each, tagged with
  that robot's agent_id.
- Give each robot one task and at most 6 actions; 3-6 short
  executable actions are usually enough.
- Use exact item_id values from that robot's own section of the prompt.
- Say in the team-level `reasoning` how you divided the work between them.

## 2. ENVIRONMENT RULES
Your robots act through high-level primitives, not joint commands. Each one
takes many simulation steps: driving across a room costs 30 ticks per metre, so
distance is the main cost you control. None of them can see -- each is given a
symbolic description of the room it is standing in, and only that room, and
those descriptions are listed below one robot at a time.

Rules that decide whether an action succeeds:
- To grasp, place, open or toggle an object a robot must be closer to it than
  that object's own distance threshold; beyond it the action fails with TOO_FAR.
  Each object in a robot's room listing carries what that robot can do to it
  after "->", and a distance in metres ONLY when it is out of range -- no
  distance means that robot is already close enough to act on it now.
- An out-of-range object is marked "unreachable" and offers navigate_to and
  NOTHING else. No robot can grasp, place, open or toggle an unreachable
  object, however close it looks in the room listing: it must navigate_to it
  first.
- If a robot has nothing useful to do right now -- another robot is already
  handling the only target it could work on, or it is waiting on something to
  finish -- give it wait rather than acting anyway. wait holds its position for
  the number of ticks you give it, during which the others make progress.
- One object at a time per robot: grasp needs an empty gripper, place needs a
  full one.
- Objects are exclusive, including between your own robots. If anyone is
  holding something, a grasp for it fails with "held by <agent>". Sending two
  robots after one target costs the loser the whole trip for nothing.
- Some tasks are a route: THE TEAM'S TASK lists supports the cargo must rest on
  in order, marked done / NEXT. Only the NEXT support counts when the cargo is
  placed on it; a support reached out of order does not count and costs
  nothing -- progress resumes when NEXT holds. Progress is judged on where the
  cargo rests, not on what a robot intended.
- Every id in THE TEAM'S TASK is a valid navigate_to target for any robot from
  ANY room, even when it is not in that robot's listing: navigate_to(<that id>)
  drives it there, through the house, and its next listing shows that room.
  That is how a robot changes rooms. The cargo is where the task says it
  starts (or on the last support marked done) -- send a robot there; it will
  not be found where the robots stand.
- The line "Rooms in this house" names every room. navigate_to(<room name>)
  drives a robot to a free spot inside that room, so it can reach a room whose
  objects it cannot name yet, or go and look for something.
- Refer to objects only by the ids in that robot's own room listing, which are
  the objects in the room it is standing in. They look like apple.n.01_1. Never
  invent one, and never give one robot an id that appeared only under another
  robot -- it is in a room that robot cannot see.
- An entry marked "blocked" is in that room but currently unavailable -- the
  bracketed note says why.

When an action fails, that robot's plan is abandoned. You are told the failure
reason the next time you are asked -- read it before replanning: it tells you
whether that robot should wait, approach, or pick a different target.

## 3. ROBOT CAPABILITIES
Three kinds of robot. A robot's kind is on its own header ("(drone)") and on
its line in a teammate's listing ("[carrier, ...]", "[base locks while
holding]", "[drone]").

ARM -- a robot with a gripper: grasp, place_on_top, release, open/close,
toggle, load_onto, unload_from, navigate_to, wait.
- Some arms' bases LOCK while the gripper is loaded, and navigate_to then fails
  with BASE_LOCKED; such a robot cannot deliver what it picks up. Have it load
  the object onto a carrier robot with load_onto, let the carrier drive, and
  have an arm take it back at the far end with unload_from. Both actions name
  the *carrier* as their target and need the two robots within reach of each
  other. This is a division of labour, not a detour: it is why a task can need
  more than one of your robots.
- ONLY a robot marked [base locks while holding] needs a carrier. Any other
  robot that can grasp -- a drone, an unmarked arm -- carries what it holds by
  itself: grasp, navigate_to the support, place_on_top, done. A drone that can
  lift the cargo needs nobody: routing its cargo through a carrier and back is
  a detour that costs two extra actions and a round of waiting for nothing.
  Use the carrier for the base-locked robot's legs, and only for those.

CARRIER -- a robot with no arm: cargo rides on its back.
- A carrier and what it is carrying are ONE line in that robot's room listing:

    - agent_1  (teammate)  [carrier, carrying box.n.01_1]  -> unload_from

  The cargo has no line of its own and cannot be grasped where it sits.
  unload_from(agent_1) takes it off that carrier's back and into the acting
  robot's hand; load_onto(agent_1) puts what that robot holds onto it. Both
  name the carrier, both need the two robots within reach of each other, and
  unload_from is the only way to get cargo back.
- **A carrier has no arm**, so give it navigate_to and wait and nothing else:
  no grasp, no place, no release, no load_onto or unload_from -- those are done
  *to* it by a robot that does have a hand. Its own section lists its load on
  an "On your back:" line, and it cannot put that down itself. Its job is to
  drive to where an arm is waiting, which is the whole reason a task needs two
  of them.

DRONE -- flies, holds its load under a suction mount, and its base never locks:
it carries what it grasps by itself.
- What a drone may lift is limited. The drone cannot lift the notebook. A
  robot tagged [drone] can grasp and carry the die (die.n.01_1) but NOT the
  notebook (notebook.n.01_1): grasp or unload_from on it fails with
  CANNOT_LIFT, and getting closer does not change that. Only a robot with an
  arm can lift the notebook, so give that leg to an arm; this division of
  labour is what the task is built around.

THIS TEAM'S ROBOTS:
  - ridgeback_3: ARM, base LOCKS while holding (needs a carrier to move cargo)
  - jackal_3: CARRIER (no arm; navigate_to and wait only)
  - drone_3: DRONE (flies, carries what it holds; see the lift table)

WHO MAY LIFT WHAT (this activity):
  - notebook.n.01: arm

## 4. COOPERATION MODE: INDIVIDUAL
Every team plans for itself. No team sends or receives messages; you learn
what the other teams are doing only from what your robots see (a teammate of
another team in the listing, an object held by one of its robots). Do not
wait for others to speak. When another team already holds the cargo, give
your robots something else or wait.
---------------------------------- PROMPT / USER ----------------------------------
=== STEP 5972 ===

## 6. OBSERVATIONS -- TEAM team_3 (3 robots)

THE TEAM'S TASK (the same for every robot), in the ids it is written in:
  Move notebook.n.01_1, in this order, onto: the cabinet in the child's room, the bookcase in the kitchen. Move notebook.n.01_2, in this order, onto: the bookcase in the kitchen, the armchair in the dining room. Move notebook.n.01_3, in this order, onto: the armchair in the dining room, the coffee table in the living room. Move notebook.n.01_4, in this order, onto: the cabinet in the living room, the bed in the bedroom. Move notebook.n.01_5, in this order, onto: the cabinet in the bedroom, the bed in the child's room.
Route S1-M5: complete -- notebook.n.01_1 is at its destination.
Route S1-M3: complete -- notebook.n.01_2 is at its destination.
Route S1-M2, carry notebook.n.01_3 through these in order:
  it starts ontop(notebook.n.01_3, floor.n.01_2)
  NEXT  C1  ontop(notebook.n.01_3, armchair.n.01_1)
        D   ontop(notebook.n.01_3, coffee_table.n.01_1)
Route S1-M1: complete -- notebook.n.01_4 is at its destination.
Route S1-M4, carry notebook.n.01_5 through these in order:
  it starts ontop(notebook.n.01_5, floor.n.01_4)
  NEXT  C1  ontop(notebook.n.01_5, cabinet.n.01_3)
        D   ontop(notebook.n.01_5, bed.n.01_1)
A support reached out of order does not count, and nothing is lost by it: progress resumes when the NEXT one holds.

=== ROBOT ridgeback_3 ===
Step 5972/8000 | you are ridgeback_3 in bedroom_0 (a bedroom)
Rooms in this house (navigate_to any of them): bathroom_0, bedroom_0, childs_room_0, closet_0, closet_1, corridor_0, dining_room_0, empty_room_0, empty_room_1, kitchen_0, living_room_0, staircase_0
Holding: notebook.n.01_5 (notebook)  [your base is locked while loaded: no navigate_to]

bedroom_0:
  - bed.n.01_2  -> place_on_top  [places notebook.n.01_5]
  - cabinet.n.01_3  -> unreachable  [too far (2.5 m) -- and your base is locked while you hold notebook.n.01_5]
  - floor.n.01_4  -> place_on_top  [places notebook.n.01_5]
  - jackal_1  (teammate)  [carrier, empty]  -> unreachable  [too far (3.0 m) -- and your base is locked]
  - jackal_3  (teammate)  [carrier, empty]  -> load_onto
  - notebook.n.01_4  -> unreachable  [too far (1.2 m) -- and your base is locked while you hold notebook.n.01_5]
  - notebook.n.01_5  held by ridgeback_3  -> release  [drops what you hold]
  - ridgeback_1  (teammate)  [base locks while holding]

Relations:
  ontop(bed.n.01_2, floor.n.01_4)
  ontop(cabinet.n.01_3, floor.n.01_4)
  ontop(jackal_1, floor.n.01_4)
  ontop(jackal_3, floor.n.01_4)
  ontop(notebook.n.01_4, bed.n.01_2)
  ontop(notebook.n.01_5, ridgeback_3)
  ontop(ridgeback_1, floor.n.01_4)
  ontop(ridgeback_3, floor.n.01_4)
  under(floor.n.01_4, bed.n.01_2)

=== ROBOT jackal_3 ===
Step 5972/8000 | you are jackal_3 in bedroom_0 (a bedroom)
Rooms in this house (navigate_to any of them): bathroom_0, bedroom_0, childs_room_0, closet_0, closet_1, corridor_0, dining_room_0, empty_room_0, empty_room_1, kitchen_0, living_room_0, staircase_0
Holding: nothing

bedroom_0:
  - bed.n.01_2  -> navigate_to
  - cabinet.n.01_3  -> navigate_to
  - floor.n.01_4  -> navigate_to
  - jackal_1  (teammate)  [carrier, empty]
  - notebook.n.01_4  -> navigate_to
  - notebook.n.01_5  held by ridgeback_3  -> navigate_to
  - ridgeback_1  (teammate)  [base locks while holding]
  - ridgeback_3  (teammate)  [base locks while holding]

Relations:
  ontop(bed.n.01_2, floor.n.01_4)
  ontop(cabinet.n.01_3, floor.n.01_4)
  ontop(jackal_1, floor.n.01_4)
  ontop(jackal_3, floor.n.01_4)
  ontop(notebook.n.01_4, bed.n.01_2)
  ontop(notebook.n.01_5, ridgeback_3)
  ontop(ridgeback_1, floor.n.01_4)
  ontop(ridgeback_3, floor.n.01_4)
  under(floor.n.01_4, bed.n.01_2)

=== ROBOT drone_3 ===
Step 5972/8000 | you are drone_3 (drone) in living_room_0 (a living room)
Rooms in this house (navigate_to any of them): bathroom_0, bedroom_0, childs_room_0, closet_0, closet_1, corridor_0, dining_room_0, empty_room_0, empty_room_1, kitchen_0, living_room_0, staircase_0
Holding: nothing

living_room_0:
  - cabinet.n.01_2  Open  -> unreachable, navigate_to  [2.6 m away]
  - coffee_table.n.01_1  -> grasp, navigate_to
  - drone_1  (teammate)  [drone]
  - drone_2  (teammate)  [drone]
  - floor.n.01_1  -> navigate_to
  - ridgeback_2  (teammate)  [base locks while holding]

Relations:
  ontop(cabinet.n.01_2, floor.n.01_1)
  ontop(coffee_table.n.01_1, floor.n.01_1)
  ontop(ridgeback_2, floor.n.01_1)

## 9. ACTION HISTORY AND FAILURES
--- ridgeback_3 ---
Its current plan: ontop(notebook.n.01_5, cabinet.n.01_3) [failed]
YOUR FINISHED PLANS (most recent last):
  #15 [FAILED] ontop(notebook.n.01_5, cabinet.n.01_3)
      plan: wait(350) -> unload_from(jackal_3) -> navigate_to(cabinet.n.01_3) -> place_on_top(cabinet.n.01_3)
      you chose it because: The notebook is already on jackal_3. Wait for the carrier to transport it and return, unload it, then approach the cabinet before placing it; the previous attempt failed because placement was attempted from too far away.
      it failed because: navigate_to: An error occurred during each attempt of this action. Attempt 0: PRE_CONDITION_ERROR: You cannot drive while holding notebook_154: your base is locked whenever your arm is loaded. Put ...
  #17 [FAILED] ontop(notebook.n.01_5, cabinet.n.01_3)
      plan: load_onto(jackal_3) -> wait(550) -> unload_from(jackal_3) -> navigate_to(cabinet.n.01_3) -> place_on_top(cabinet.n.01_3)
      you chose it because: Ridgeback transfers the held notebook to the carrier, waits for transport and return, then unloads and approaches the cabinet before placing it.
      it failed because: navigate_to: An error occurred during each attempt of this action. Attempt 0: PRE_CONDITION_ERROR: You cannot drive while holding notebook_154: your base is locked whenever your arm is loaded. Put ...
  #19 [FAILED] ontop(notebook.n.01_5, cabinet.n.01_3)
      plan: load_onto(jackal_3) -> wait(600) -> unload_from(jackal_3) -> navigate_to(cabinet.n.01_3) -> place_on_top(cabinet.n.01_3)
      you chose it because: Transfer the held notebook to jackal_3, which can carry it while ridgeback_3's base is locked. After jackal returns, unload, approach the cabinet, and place the notebook from within range.
      it failed because: navigate_to: An error occurred during each attempt of this action. Attempt 0: PRE_CONDITION_ERROR: You cannot drive while holding notebook_154: your base is locked whenever your arm is loaded. Put ...

--- jackal_3 ---
Its current plan: wait_for_team(team_3) [interrupted]
YOUR FINISHED PLANS (most recent last):
  #13 [FAILED] ontop(notebook.n.01_5, cabinet.n.01_3)
      plan: navigate_to(cabinet.n.01_3) -> wait(150) -> navigate_to(ridgeback_3) -> place_on_top(cabinet.n.01_3)
      you chose it because: Act as the carrier: drive the held notebook to cabinet.n.01_3, pause for ridgeback_3 to be ready, then return within unloading range so the arm can place it.
      it failed because: place_on_top: An error occurred during each attempt of this action. Attempt 0: PRE_CONDITION_ERROR: You have no arm, so you cannot place onto. You can navigate_to and wait. Cargo is put on your bac...
  #15 [FAILED] ontop(notebook.n.01_5, cabinet.n.01_3)
      plan: wait(100) -> navigate_to(cabinet.n.01_3) -> wait(100) -> navigate_to(ridgeback_3) -> wait(300) -> place_on_top(cabinet.n.01_3)
      you chose it because: Jackal is dedicated as the carrier: pause to allow loading, transport the notebook to the required cabinet, then return to ridgeback and hold position for unloading.
      it failed because: place_on_top: An error occurred during each attempt of this action. Attempt 0: PRE_CONDITION_ERROR: You have no arm, so you cannot place onto. You can navigate_to and wait. Cargo is put on your bac...
  #17 [FAILED] ontop(notebook.n.01_5, cabinet.n.01_3)
      plan: wait(100) -> navigate_to(cabinet.n.01_3) -> wait(150) -> navigate_to(ridgeback_3) -> wait(200) -> place_on_top(cabinet.n.01_3)
      you chose it because: Remain beside ridgeback long enough for loading, carry the notebook to the required cabinet, then return to ridgeback and wait for unloading.
      it failed because: place_on_top: An error occurred during each attempt of this action. Attempt 0: PRE_CONDITION_ERROR: You have no arm, so you cannot place onto. You can navigate_to and wait. Cargo is put on your bac...

--- drone_3 ---
Its current plan: wait_for_team(team_3) [interrupted]
YOUR FINISHED PLANS (most recent last):
  #12 [DONE] ontop(notebook.n.01_5, cabinet.n.01_3)
      plan: wait(500)
      you chose it because: The active cargo is a notebook, which the drone cannot lift. Wait while ridgeback_3 and jackal_3 complete the carrier transfer without contesting the notebook.
  #13 [DONE] ontop(notebook.n.01_5, cabinet.n.01_3)
      plan: wait(600)
      you chose it because: The active cargo is a notebook that the drone cannot lift, so it waits and avoids competing with the arm-and-carrier transfer.
  #14 [DONE] ontop(notebook.n.01_5, cabinet.n.01_3)
      plan: wait(600)
      you chose it because: The active cargo is a notebook, which drone_3 cannot lift. Wait without competing while the arm and carrier complete the transfer.

Return exactly 3 plans, one per robot, using each robot's own ids. Say in `reasoning` how you divided the work.
-------------------------------------- COMPLETION --------------------------------------
  plans:
    [1]
      agent_id: ridgeback_3
      task:
        task: Task.ONTOP
        object_type: notebook.n.01_5
        object_id: 1
        reference: cabinet.n.01_3
      actions:
        [1]
          action_type: load_onto
          target: jackal_3
        [2]
          action_type: navigate_to
          target: cabinet.n.01_3
        [3]
          action_type: wait
          ticks: 150
        [4]
          action_type: unload_from
          target: jackal_3
        [5]
          action_type: place_on_top
          target: cabinet.n.01_3
      reasoning: Transfer the notebook to jackal_3 to unlock the base, then independently meet the carrier at the cabinet and unload/place the notebook.
    [2]
      agent_id: jackal_3
      task:
        task: Task.ONTOP
        object_type: notebook.n.01_5
        object_id: 1
        reference: cabinet.n.01_3
      actions:
        [1]
          action_type: wait
          ticks: 100
        [2]
          action_type: navigate_to
          target: cabinet.n.01_3
        [3]
          action_type: wait
          ticks: 150
      reasoning: Remain beside ridgeback_3 long enough for loading, carry the notebook to the cabinet, and wait there for ridgeback_3 to unload it.
    [3]
      agent_id: drone_3
      task:
        task: Task.ONTOP
        object_type: notebook.n.01_5
        object_id: 1
        reference: cabinet.n.01_3
      actions:
        [1]
          action_type: wait
          ticks: 400
      reasoning: The active cargo is a notebook, which the drone cannot lift; wait while ridgeback_3 and jackal_3 perform the arm-and-carrier transfer.
  reasoning: Ridgeback_3 handles the notebook because only its arm can lift it, while jackal_3 transports it after loading so ridgeback's locked base does not need to move while holding. Drone_3 waits because it cannot lift notebooks and has no competing task.
====================================================================================================
#33  ridgeback_2  env_step 6098  t=831.615s  Team Plan Generation [team_2]
  usage: 8022 tokens (prompt 6617, completion 1405)
---------------------------------- PROMPT / SYSTEM ----------------------------------
## 1. YOUR ROLE
You command TEAM 'team_2' -- 3 robots (ridgeback_2, jackal_2, drone_2) -- in a multi-agent
cooperative household task, alongside other teams doing the same. You are the
TEAM CONTROLLER: you are given all 3 robots' observations in one call and
answer with one plan per robot, in that same call.

- Divide the work. Two robots sent to the same object waste one of them: the
  loser burns the whole trip and its grasp fails with OBJECT_CLAIMED.
- Your robots start their plans together and you are not asked again until
  every one of them has finished. A robot that finishes early holds position
  and does nothing useful, so plans of wildly different lengths waste the
  short ones.
- Other teams are driven by their own controllers, not by you. You coordinate
  with them only through the messages quoted in this prompt.
- At the end of the prompt are each robot's last few plans, with their
  actions and how each ended, and the messages this team has sent and
  received. A plan that failed for a reason that still holds will fail the
  same way again, and a question you already asked has its answer in the
  record.

PLAN RESPONSE:
- Return a structured plan for EVERY robot listed above, one each, tagged with
  that robot's agent_id.
- Give each robot one task and at most 6 actions; 3-6 short
  executable actions are usually enough.
- Use exact item_id values from that robot's own section of the prompt.
- Say in the team-level `reasoning` how you divided the work between them.

## 2. ENVIRONMENT RULES
Your robots act through high-level primitives, not joint commands. Each one
takes many simulation steps: driving across a room costs 30 ticks per metre, so
distance is the main cost you control. None of them can see -- each is given a
symbolic description of the room it is standing in, and only that room, and
those descriptions are listed below one robot at a time.

Rules that decide whether an action succeeds:
- To grasp, place, open or toggle an object a robot must be closer to it than
  that object's own distance threshold; beyond it the action fails with TOO_FAR.
  Each object in a robot's room listing carries what that robot can do to it
  after "->", and a distance in metres ONLY when it is out of range -- no
  distance means that robot is already close enough to act on it now.
- An out-of-range object is marked "unreachable" and offers navigate_to and
  NOTHING else. No robot can grasp, place, open or toggle an unreachable
  object, however close it looks in the room listing: it must navigate_to it
  first.
- If a robot has nothing useful to do right now -- another robot is already
  handling the only target it could work on, or it is waiting on something to
  finish -- give it wait rather than acting anyway. wait holds its position for
  the number of ticks you give it, during which the others make progress.
- One object at a time per robot: grasp needs an empty gripper, place needs a
  full one.
- Objects are exclusive, including between your own robots. If anyone is
  holding something, a grasp for it fails with "held by <agent>". Sending two
  robots after one target costs the loser the whole trip for nothing.
- Some tasks are a route: THE TEAM'S TASK lists supports the cargo must rest on
  in order, marked done / NEXT. Only the NEXT support counts when the cargo is
  placed on it; a support reached out of order does not count and costs
  nothing -- progress resumes when NEXT holds. Progress is judged on where the
  cargo rests, not on what a robot intended.
- Every id in THE TEAM'S TASK is a valid navigate_to target for any robot from
  ANY room, even when it is not in that robot's listing: navigate_to(<that id>)
  drives it there, through the house, and its next listing shows that room.
  That is how a robot changes rooms. The cargo is where the task says it
  starts (or on the last support marked done) -- send a robot there; it will
  not be found where the robots stand.
- The line "Rooms in this house" names every room. navigate_to(<room name>)
  drives a robot to a free spot inside that room, so it can reach a room whose
  objects it cannot name yet, or go and look for something.
- Refer to objects only by the ids in that robot's own room listing, which are
  the objects in the room it is standing in. They look like apple.n.01_1. Never
  invent one, and never give one robot an id that appeared only under another
  robot -- it is in a room that robot cannot see.
- An entry marked "blocked" is in that room but currently unavailable -- the
  bracketed note says why.

When an action fails, that robot's plan is abandoned. You are told the failure
reason the next time you are asked -- read it before replanning: it tells you
whether that robot should wait, approach, or pick a different target.

## 3. ROBOT CAPABILITIES
Three kinds of robot. A robot's kind is on its own header ("(drone)") and on
its line in a teammate's listing ("[carrier, ...]", "[base locks while
holding]", "[drone]").

ARM -- a robot with a gripper: grasp, place_on_top, release, open/close,
toggle, load_onto, unload_from, navigate_to, wait.
- Some arms' bases LOCK while the gripper is loaded, and navigate_to then fails
  with BASE_LOCKED; such a robot cannot deliver what it picks up. Have it load
  the object onto a carrier robot with load_onto, let the carrier drive, and
  have an arm take it back at the far end with unload_from. Both actions name
  the *carrier* as their target and need the two robots within reach of each
  other. This is a division of labour, not a detour: it is why a task can need
  more than one of your robots.
- ONLY a robot marked [base locks while holding] needs a carrier. Any other
  robot that can grasp -- a drone, an unmarked arm -- carries what it holds by
  itself: grasp, navigate_to the support, place_on_top, done. A drone that can
  lift the cargo needs nobody: routing its cargo through a carrier and back is
  a detour that costs two extra actions and a round of waiting for nothing.
  Use the carrier for the base-locked robot's legs, and only for those.

CARRIER -- a robot with no arm: cargo rides on its back.
- A carrier and what it is carrying are ONE line in that robot's room listing:

    - agent_1  (teammate)  [carrier, carrying box.n.01_1]  -> unload_from

  The cargo has no line of its own and cannot be grasped where it sits.
  unload_from(agent_1) takes it off that carrier's back and into the acting
  robot's hand; load_onto(agent_1) puts what that robot holds onto it. Both
  name the carrier, both need the two robots within reach of each other, and
  unload_from is the only way to get cargo back.
- **A carrier has no arm**, so give it navigate_to and wait and nothing else:
  no grasp, no place, no release, no load_onto or unload_from -- those are done
  *to* it by a robot that does have a hand. Its own section lists its load on
  an "On your back:" line, and it cannot put that down itself. Its job is to
  drive to where an arm is waiting, which is the whole reason a task needs two
  of them.

DRONE -- flies, holds its load under a suction mount, and its base never locks:
it carries what it grasps by itself.
- What a drone may lift is limited. The drone cannot lift the notebook. A
  robot tagged [drone] can grasp and carry the die (die.n.01_1) but NOT the
  notebook (notebook.n.01_1): grasp or unload_from on it fails with
  CANNOT_LIFT, and getting closer does not change that. Only a robot with an
  arm can lift the notebook, so give that leg to an arm; this division of
  labour is what the task is built around.

THIS TEAM'S ROBOTS:
  - ridgeback_2: ARM, base LOCKS while holding (needs a carrier to move cargo)
  - jackal_2: CARRIER (no arm; navigate_to and wait only)
  - drone_2: DRONE (flies, carries what it holds; see the lift table)

WHO MAY LIFT WHAT (this activity):
  - notebook.n.01: arm

## 4. COOPERATION MODE: INDIVIDUAL
Every team plans for itself. No team sends or receives messages; you learn
what the other teams are doing only from what your robots see (a teammate of
another team in the listing, an object held by one of its robots). Do not
wait for others to speak. When another team already holds the cargo, give
your robots something else or wait.
---------------------------------- PROMPT / USER ----------------------------------
=== STEP 6098 ===

## 6. OBSERVATIONS -- TEAM team_2 (3 robots)

THE TEAM'S TASK (the same for every robot), in the ids it is written in:
  Move notebook.n.01_1, in this order, onto: the cabinet in the child's room, the bookcase in the kitchen. Move notebook.n.01_2, in this order, onto: the bookcase in the kitchen, the armchair in the dining room. Move notebook.n.01_3, in this order, onto: the armchair in the dining room, the coffee table in the living room. Move notebook.n.01_4, in this order, onto: the cabinet in the living room, the bed in the bedroom. Move notebook.n.01_5, in this order, onto: the cabinet in the bedroom, the bed in the child's room.
Route S1-M5: complete -- notebook.n.01_1 is at its destination.
Route S1-M3: complete -- notebook.n.01_2 is at its destination.
Route S1-M2, carry notebook.n.01_3 through these in order:
  it starts ontop(notebook.n.01_3, floor.n.01_2)
  NEXT  C1  ontop(notebook.n.01_3, armchair.n.01_1)
        D   ontop(notebook.n.01_3, coffee_table.n.01_1)
Route S1-M1: complete -- notebook.n.01_4 is at its destination.
Route S1-M4, carry notebook.n.01_5 through these in order:
  it starts ontop(notebook.n.01_5, floor.n.01_4)
  NEXT  C1  ontop(notebook.n.01_5, cabinet.n.01_3)
        D   ontop(notebook.n.01_5, bed.n.01_1)
A support reached out of order does not count, and nothing is lost by it: progress resumes when the NEXT one holds.

=== ROBOT ridgeback_2 ===
Step 6098/8000 | you are ridgeback_2 in living_room_0 (a living room)
Rooms in this house (navigate_to any of them): bathroom_0, bedroom_0, childs_room_0, closet_0, closet_1, corridor_0, dining_room_0, empty_room_0, empty_room_1, kitchen_0, living_room_0, staircase_0
Holding: nothing

living_room_0:
  - cabinet.n.01_2  Open  -> unreachable, navigate_to  [2.2 m away]
  - coffee_table.n.01_1  -> grasp, navigate_to
  - drone_1  (teammate)  [drone]
  - drone_2  (teammate)  [drone]
  - drone_3  (teammate)  [drone]
  - floor.n.01_1  -> navigate_to

Relations:
  ontop(cabinet.n.01_2, floor.n.01_1)
  ontop(coffee_table.n.01_1, floor.n.01_1)
  ontop(ridgeback_2, floor.n.01_1)

=== ROBOT jackal_2 ===
Step 6098/8000 | you are jackal_2 in dining_room_0 (a dining room)
Rooms in this house (navigate_to any of them): bathroom_0, bedroom_0, childs_room_0, closet_0, closet_1, corridor_0, dining_room_0, empty_room_0, empty_room_1, kitchen_0, living_room_0, staircase_0
On your back: notebook.n.01_3
Holding: nothing

dining_room_0:
  - armchair.n.01_1  -> navigate_to
  - breakfast_table.n.01_1  -> navigate_to
  - floor.n.01_2  -> navigate_to
  - notebook.n.01_2  -> navigate_to

Relations:
  ontop(armchair.n.01_1, floor.n.01_2)
  ontop(breakfast_table.n.01_1, floor.n.01_2)
  ontop(jackal_2, floor.n.01_2)
  ontop(notebook.n.01_2, floor.n.01_2)
  under(floor.n.01_2, breakfast_table.n.01_1)
  under(jackal_2, notebook.n.01_3)

=== ROBOT drone_2 ===
Step 6098/8000 | you are drone_2 (drone) in living_room_0 (a living room)
Rooms in this house (navigate_to any of them): bathroom_0, bedroom_0, childs_room_0, closet_0, closet_1, corridor_0, dining_room_0, empty_room_0, empty_room_1, kitchen_0, living_room_0, staircase_0
Holding: nothing

living_room_0:
  - cabinet.n.01_2  Open  -> unreachable, navigate_to  [2.1 m away]
  - coffee_table.n.01_1  -> unreachable, navigate_to  [1.9 m away]
  - drone_1  (teammate)  [drone]
  - drone_3  (teammate)  [drone]
  - floor.n.01_1  -> navigate_to
  - ridgeback_2  (teammate)  [base locks while holding]

Relations:
  ontop(cabinet.n.01_2, floor.n.01_1)
  ontop(coffee_table.n.01_1, floor.n.01_1)
  ontop(ridgeback_2, floor.n.01_1)

## 9. ACTION HISTORY AND FAILURES
--- ridgeback_2 ---
Its current plan: wait_for_team(team_2) [interrupted]
YOUR FINISHED PLANS (most recent last):
  #14 [DONE] ontop(notebook.n.01_2, armchair.n.01_1)
      plan: wait(500) -> navigate_to(jackal_2) -> unload_from(jackal_2) -> place_on_top(armchair.n.01_1)
      you chose it because: I handle notebook 2's next leg. I wait for jackal_2 to reach the dining room, rendezvous with it, and unload the notebook; placement must be staged for a later observation because the armchair has no reachable standing space from the current listing.
  #15 [FAILED] ontop(notebook.n.01_3, armchair.n.01_1)
      plan: grasp(notebook.n.01_3) -> load_onto(jackal_2) -> navigate_to(coffee_table.n.01_1) -> wait(400) -> unload_from(jackal_2) -> place_on_top(armchair.n.01_1)
      you chose it because: I handle notebook 3's route. I grasp it, load it onto the base-locked carrier, rendezvous at the living-room coffee table, unload, and place it on the current NEXT support, the dining-room armchair. The route can then advance to the coffee table in a later step.
      it failed because: unload_from: PRE_CONDITION_ERROR: You are 2.20 m from jackal_2, too far to unload from it (you must be within 1.67 m). Navigate to it first.. Additional info: {'target object': 'jackal_2', 'distanc...
  #17 [FAILED] ontop(notebook.n.01_3, armchair.n.01_1)
      plan: wait(450) -> navigate_to(jackal_2) -> unload_from(jackal_2) -> place_on_top(armchair.n.01_1)
      you chose it because: I handle the arm-required transfer of notebook.n.01_3. Jackal carries it to the dining room; I wait for that trip, approach the carrier directly, and unload at a close rendezvous. Placement on the armchair will be staged after the next room observation.
      it failed because: navigate_to: PLANNING_ERROR: Cannot reach jackal_2: there is no free floor space around it to stand on (need a spot 0.9-1.5 m away, clear of walls, furniture and other agents). Another agent may al...

--- jackal_2 ---
Its current plan: ontop(notebook.n.01_3, armchair.n.01_1) [failed]
YOUR FINISHED PLANS (most recent last):
  #15 [FAILED] ontop(notebook.n.01_2, armchair.n.01_1)
      plan: navigate_to(dining_room_0) -> wait(300) -> place_on_top(armchair.n.01_1)
      you chose it because: As the carrier, I transport notebook 2 from the kitchen to a free position in the dining room and hold there for ridgeback_2 to unload it.
      it failed because: place_on_top: An error occurred during each attempt of this action. Attempt 0: PRE_CONDITION_ERROR: You have no arm, so you cannot place onto. You can navigate_to and wait. Cargo is put on your bac...
  #17 [FAILED] ontop(notebook.n.01_3, armchair.n.01_1)
      plan: wait(200) -> navigate_to(coffee_table.n.01_1) -> wait(450) -> place_on_top(armchair.n.01_1)
      you chose it because: I serve only as ridgeback_2's carrier for notebook 3. I pause long enough for loading, drive to the coffee table rendezvous, and wait there so ridgeback_2 can unload the notebook.
      it failed because: place_on_top: An error occurred during each attempt of this action. Attempt 0: PRE_CONDITION_ERROR: You have no arm, so you cannot place onto. You can navigate_to and wait. Cargo is put on your bac...
  #18 [FAILED] ontop(notebook.n.01_3, armchair.n.01_1)
      plan: navigate_to(dining_room_0) -> wait(550) -> place_on_top(armchair.n.01_1)
      you chose it because: I exclusively carry notebook.n.01_3 to the dining room. I use the room target rather than the obstructed armchair target, then hold position so ridgeback_2 can navigate to me and unload the notebook.
      it failed because: place_on_top: An error occurred during each attempt of this action. Attempt 0: PRE_CONDITION_ERROR: You have no arm, so you cannot place onto. You can navigate_to and wait. Cargo is put on your bac...

--- drone_2 ---
Its current plan: wait_for_team(team_2) [interrupted]
YOUR FINISHED PLANS (most recent last):
  #11 [DONE] ontop(notebook.n.01_2, armchair.n.01_1)
      plan: wait(600)
      you chose it because: I cannot lift notebooks, and notebook 2 is exclusively assigned to the ridgeback-carrier pair, so I wait without competing for the cargo.
  #13 [DONE] ontop(notebook.n.01_3, armchair.n.01_1)
      plan: wait(600)
      you chose it because: I cannot lift notebooks, and ridgeback_2 with jackal_2 already has the available notebook route assigned, so I wait rather than compete for the cargo.
  #15 [DONE] ontop(notebook.n.01_3, armchair.n.01_1)
      plan: wait(600)
      you chose it because: I cannot lift notebooks, and ridgeback_2 plus jackal_2 are already exclusively handling notebook.n.01_3. I wait without competing or wasting a trip while they complete the carrier rendezvous.

Return exactly 3 plans, one per robot, using each robot's own ids. Say in `reasoning` how you divided the work.
-------------------------------------- COMPLETION --------------------------------------
  plans:
    [1]
      agent_id: ridgeback_2
      task:
        task: Task.ONTOP
        object_type: notebook.n.01_3
        object_id: 1
        reference: armchair.n.01_1
      actions:
        [1]
          action_type: navigate_to
          target: dining_room_0
        [2]
          action_type: unload_from
          target: jackal_2
      reasoning: I handle the arm-required transfer of notebook.n.01_3. I move into the dining room while jackal_2 positions the carrier at the room's floor rendezvous, then unload the notebook; placement on the armchair will follow once the armchair is visible in my next observation.
    [2]
      agent_id: jackal_2
      task:
        task: Task.ONTOP
        object_type: notebook.n.01_3
        object_id: 1
        reference: armchair.n.01_1
      actions:
        [1]
          action_type: navigate_to
          target: floor.n.01_2
        [2]
          action_type: wait
          ticks: 500
      reasoning: I remain the carrier for notebook.n.01_3 and move to the dining-room floor rendezvous so ridgeback_2 can approach and unload it. I do not attempt placement because carriers have no arm.
    [3]
      agent_id: drone_2
      task:
        task: Task.ONTOP
        object_type: notebook.n.01_3
        object_id: 1
        reference: armchair.n.01_1
      actions:
        [1]
          action_type: wait
          ticks: 600
      reasoning: I cannot lift notebooks, and ridgeback_2 plus jackal_2 exclusively handle the current notebook route, so I wait without competing for the cargo.
  reasoning: ridgeback_2 performs the required arm transfer, while jackal_2 positions the loaded carrier for a close dining-room rendezvous. drone_2 waits because it cannot lift notebooks and has no useful role in this route.
====================================================================================================
#34  ridgeback_1  env_step 6313  t=856.605s  Team Plan Generation [team_1]
  usage: 8221 tokens (prompt 7037, completion 1184)
---------------------------------- PROMPT / SYSTEM ----------------------------------
## 1. YOUR ROLE
You command TEAM 'team_1' -- 3 robots (ridgeback_1, jackal_1, drone_1) -- in a multi-agent
cooperative household task, alongside other teams doing the same. You are the
TEAM CONTROLLER: you are given all 3 robots' observations in one call and
answer with one plan per robot, in that same call.

- Divide the work. Two robots sent to the same object waste one of them: the
  loser burns the whole trip and its grasp fails with OBJECT_CLAIMED.
- Your robots start their plans together and you are not asked again until
  every one of them has finished. A robot that finishes early holds position
  and does nothing useful, so plans of wildly different lengths waste the
  short ones.
- Other teams are driven by their own controllers, not by you. You coordinate
  with them only through the messages quoted in this prompt.
- At the end of the prompt are each robot's last few plans, with their
  actions and how each ended, and the messages this team has sent and
  received. A plan that failed for a reason that still holds will fail the
  same way again, and a question you already asked has its answer in the
  record.

PLAN RESPONSE:
- Return a structured plan for EVERY robot listed above, one each, tagged with
  that robot's agent_id.
- Give each robot one task and at most 6 actions; 3-6 short
  executable actions are usually enough.
- Use exact item_id values from that robot's own section of the prompt.
- Say in the team-level `reasoning` how you divided the work between them.

## 2. ENVIRONMENT RULES
Your robots act through high-level primitives, not joint commands. Each one
takes many simulation steps: driving across a room costs 30 ticks per metre, so
distance is the main cost you control. None of them can see -- each is given a
symbolic description of the room it is standing in, and only that room, and
those descriptions are listed below one robot at a time.

Rules that decide whether an action succeeds:
- To grasp, place, open or toggle an object a robot must be closer to it than
  that object's own distance threshold; beyond it the action fails with TOO_FAR.
  Each object in a robot's room listing carries what that robot can do to it
  after "->", and a distance in metres ONLY when it is out of range -- no
  distance means that robot is already close enough to act on it now.
- An out-of-range object is marked "unreachable" and offers navigate_to and
  NOTHING else. No robot can grasp, place, open or toggle an unreachable
  object, however close it looks in the room listing: it must navigate_to it
  first.
- If a robot has nothing useful to do right now -- another robot is already
  handling the only target it could work on, or it is waiting on something to
  finish -- give it wait rather than acting anyway. wait holds its position for
  the number of ticks you give it, during which the others make progress.
- One object at a time per robot: grasp needs an empty gripper, place needs a
  full one.
- Objects are exclusive, including between your own robots. If anyone is
  holding something, a grasp for it fails with "held by <agent>". Sending two
  robots after one target costs the loser the whole trip for nothing.
- Some tasks are a route: THE TEAM'S TASK lists supports the cargo must rest on
  in order, marked done / NEXT. Only the NEXT support counts when the cargo is
  placed on it; a support reached out of order does not count and costs
  nothing -- progress resumes when NEXT holds. Progress is judged on where the
  cargo rests, not on what a robot intended.
- Every id in THE TEAM'S TASK is a valid navigate_to target for any robot from
  ANY room, even when it is not in that robot's listing: navigate_to(<that id>)
  drives it there, through the house, and its next listing shows that room.
  That is how a robot changes rooms. The cargo is where the task says it
  starts (or on the last support marked done) -- send a robot there; it will
  not be found where the robots stand.
- The line "Rooms in this house" names every room. navigate_to(<room name>)
  drives a robot to a free spot inside that room, so it can reach a room whose
  objects it cannot name yet, or go and look for something.
- Refer to objects only by the ids in that robot's own room listing, which are
  the objects in the room it is standing in. They look like apple.n.01_1. Never
  invent one, and never give one robot an id that appeared only under another
  robot -- it is in a room that robot cannot see.
- An entry marked "blocked" is in that room but currently unavailable -- the
  bracketed note says why.

When an action fails, that robot's plan is abandoned. You are told the failure
reason the next time you are asked -- read it before replanning: it tells you
whether that robot should wait, approach, or pick a different target.

## 3. ROBOT CAPABILITIES
Three kinds of robot. A robot's kind is on its own header ("(drone)") and on
its line in a teammate's listing ("[carrier, ...]", "[base locks while
holding]", "[drone]").

ARM -- a robot with a gripper: grasp, place_on_top, release, open/close,
toggle, load_onto, unload_from, navigate_to, wait.
- Some arms' bases LOCK while the gripper is loaded, and navigate_to then fails
  with BASE_LOCKED; such a robot cannot deliver what it picks up. Have it load
  the object onto a carrier robot with load_onto, let the carrier drive, and
  have an arm take it back at the far end with unload_from. Both actions name
  the *carrier* as their target and need the two robots within reach of each
  other. This is a division of labour, not a detour: it is why a task can need
  more than one of your robots.
- ONLY a robot marked [base locks while holding] needs a carrier. Any other
  robot that can grasp -- a drone, an unmarked arm -- carries what it holds by
  itself: grasp, navigate_to the support, place_on_top, done. A drone that can
  lift the cargo needs nobody: routing its cargo through a carrier and back is
  a detour that costs two extra actions and a round of waiting for nothing.
  Use the carrier for the base-locked robot's legs, and only for those.

CARRIER -- a robot with no arm: cargo rides on its back.
- A carrier and what it is carrying are ONE line in that robot's room listing:

    - agent_1  (teammate)  [carrier, carrying box.n.01_1]  -> unload_from

  The cargo has no line of its own and cannot be grasped where it sits.
  unload_from(agent_1) takes it off that carrier's back and into the acting
  robot's hand; load_onto(agent_1) puts what that robot holds onto it. Both
  name the carrier, both need the two robots within reach of each other, and
  unload_from is the only way to get cargo back.
- **A carrier has no arm**, so give it navigate_to and wait and nothing else:
  no grasp, no place, no release, no load_onto or unload_from -- those are done
  *to* it by a robot that does have a hand. Its own section lists its load on
  an "On your back:" line, and it cannot put that down itself. Its job is to
  drive to where an arm is waiting, which is the whole reason a task needs two
  of them.

DRONE -- flies, holds its load under a suction mount, and its base never locks:
it carries what it grasps by itself.
- What a drone may lift is limited. The drone cannot lift the notebook. A
  robot tagged [drone] can grasp and carry the die (die.n.01_1) but NOT the
  notebook (notebook.n.01_1): grasp or unload_from on it fails with
  CANNOT_LIFT, and getting closer does not change that. Only a robot with an
  arm can lift the notebook, so give that leg to an arm; this division of
  labour is what the task is built around.

THIS TEAM'S ROBOTS:
  - ridgeback_1: ARM, base LOCKS while holding (needs a carrier to move cargo)
  - jackal_1: CARRIER (no arm; navigate_to and wait only)
  - drone_1: DRONE (flies, carries what it holds; see the lift table)

WHO MAY LIFT WHAT (this activity):
  - notebook.n.01: arm

## 4. COOPERATION MODE: INDIVIDUAL
Every team plans for itself. No team sends or receives messages; you learn
what the other teams are doing only from what your robots see (a teammate of
another team in the listing, an object held by one of its robots). Do not
wait for others to speak. When another team already holds the cargo, give
your robots something else or wait.
---------------------------------- PROMPT / USER ----------------------------------
=== STEP 6313 ===

## 6. OBSERVATIONS -- TEAM team_1 (3 robots)

THE TEAM'S TASK (the same for every robot), in the ids it is written in:
  Move notebook.n.01_1, in this order, onto: the cabinet in the child's room, the bookcase in the kitchen. Move notebook.n.01_2, in this order, onto: the bookcase in the kitchen, the armchair in the dining room. Move notebook.n.01_3, in this order, onto: the armchair in the dining room, the coffee table in the living room. Move notebook.n.01_4, in this order, onto: the cabinet in the living room, the bed in the bedroom. Move notebook.n.01_5, in this order, onto: the cabinet in the bedroom, the bed in the child's room.
Route S1-M5: complete -- notebook.n.01_1 is at its destination.
Route S1-M3: complete -- notebook.n.01_2 is at its destination.
Route S1-M2, carry notebook.n.01_3 through these in order:
  it starts ontop(notebook.n.01_3, floor.n.01_2)
  NEXT  C1  ontop(notebook.n.01_3, armchair.n.01_1)
        D   ontop(notebook.n.01_3, coffee_table.n.01_1)
Route S1-M1: complete -- notebook.n.01_4 is at its destination.
Route S1-M4, carry notebook.n.01_5 through these in order:
  it starts ontop(notebook.n.01_5, floor.n.01_4)
  NEXT  C1  ontop(notebook.n.01_5, cabinet.n.01_3)
        D   ontop(notebook.n.01_5, bed.n.01_1)
A support reached out of order does not count, and nothing is lost by it: progress resumes when the NEXT one holds.

=== ROBOT ridgeback_1 ===
Step 6313/8000 | you are ridgeback_1 in bedroom_0 (a bedroom)
Rooms in this house (navigate_to any of them): bathroom_0, bedroom_0, childs_room_0, closet_0, closet_1, corridor_0, dining_room_0, empty_room_0, empty_room_1, kitchen_0, living_room_0, staircase_0
Holding: notebook.n.01_5 (notebook)  [your base is locked while loaded: no navigate_to]

bedroom_0:
  - bed.n.01_2  -> unreachable  [too far (2.8 m) -- and your base is locked while you hold notebook.n.01_5]
  - cabinet.n.01_3  -> unreachable  [too far (1.7 m) -- and your base is locked while you hold notebook.n.01_5]
  - floor.n.01_4  -> place_on_top  [places notebook.n.01_5]
  - jackal_1  (teammate)  [carrier, empty]  -> unreachable  [too far (3.5 m) -- and your base is locked]
  - jackal_3  (teammate)  [carrier, empty]  -> load_onto
  - notebook.n.01_4  -> unreachable  [too far (2.0 m) -- and your base is locked while you hold notebook.n.01_5]
  - notebook.n.01_5  held by ridgeback_1  -> release  [drops what you hold]
  - ridgeback_3  (teammate)  [base locks while holding]

Relations:
  ontop(bed.n.01_2, floor.n.01_4)
  ontop(cabinet.n.01_3, floor.n.01_4)
  ontop(jackal_1, floor.n.01_4)
  ontop(jackal_3, floor.n.01_4)
  ontop(notebook.n.01_4, bed.n.01_2)
  ontop(notebook.n.01_5, ridgeback_1)
  ontop(ridgeback_1, floor.n.01_4)
  ontop(ridgeback_3, floor.n.01_4)
  under(floor.n.01_4, bed.n.01_2)

=== ROBOT jackal_1 ===
Step 6313/8000 | you are jackal_1 in bedroom_0 (a bedroom)
Rooms in this house (navigate_to any of them): bathroom_0, bedroom_0, childs_room_0, closet_0, closet_1, corridor_0, dining_room_0, empty_room_0, empty_room_1, kitchen_0, living_room_0, staircase_0
Holding: nothing

bedroom_0:
  - bed.n.01_2  -> navigate_to
  - cabinet.n.01_3  -> unreachable, navigate_to  [2.5 m away]
  - floor.n.01_4  -> navigate_to
  - jackal_3  (teammate)  [carrier, empty]
  - notebook.n.01_4  -> unreachable, navigate_to  [1.8 m away]
  - notebook.n.01_5  held by ridgeback_1  -> unreachable, navigate_to  [3.6 m away]
  - ridgeback_1  (teammate)  [base locks while holding]
  - ridgeback_3  (teammate)  [base locks while holding]

Relations:
  ontop(bed.n.01_2, floor.n.01_4)
  ontop(cabinet.n.01_3, floor.n.01_4)
  ontop(jackal_1, floor.n.01_4)
  ontop(jackal_3, floor.n.01_4)
  ontop(notebook.n.01_4, bed.n.01_2)
  ontop(notebook.n.01_5, ridgeback_1)
  ontop(ridgeback_1, floor.n.01_4)
  ontop(ridgeback_3, floor.n.01_4)
  under(floor.n.01_4, bed.n.01_2)

=== ROBOT drone_1 ===
Step 6313/8000 | you are drone_1 (drone) in living_room_0 (a living room)
Rooms in this house (navigate_to any of them): bathroom_0, bedroom_0, childs_room_0, closet_0, closet_1, corridor_0, dining_room_0, empty_room_0, empty_room_1, kitchen_0, living_room_0, staircase_0
Holding: nothing

living_room_0:
  - cabinet.n.01_2  Open  -> unreachable, navigate_to  [3.2 m away]
  - coffee_table.n.01_1  -> grasp, navigate_to
  - drone_2  (teammate)  [drone]
  - drone_3  (teammate)  [drone]
  - floor.n.01_1  -> navigate_to

Relations:
  ontop(cabinet.n.01_2, floor.n.01_1)
  ontop(coffee_table.n.01_1, floor.n.01_1)

## 9. ACTION HISTORY AND FAILURES
--- ridgeback_1 ---
Its current plan: wait_for_team(team_1) [interrupted]
YOUR FINISHED PLANS (most recent last):
  #17 [DONE] ontop(notebook.n.01_1, bookcase.n.01_1)
      plan: load_onto(jackal_1) -> wait(500) -> navigate_to(jackal_1) -> unload_from(jackal_1) -> place_on_top(bookcase.n.01_1)
      you chose it because: Ridgeback transfers the held notebook to the carrier, then meets it at the carrier's floor position and performs the final placement directly from that position; it must not navigate while holding because its base locks.
  #19 [FAILED] ontop(notebook.n.01_5, cabinet.n.01_3)
      plan: navigate_to(notebook.n.01_5) -> grasp(notebook.n.01_5) -> load_onto(jackal_1) -> wait(500) -> navigate_to(jackal_1) -> unload_from(jackal_1) -> place_on_top(cabinet.n.01_3)
      you chose it because: Ridgeback handles the notebook because it is the only arm, but transfers it to jackal immediately so its base lock does not prevent transport. After jackal reaches the bedroom cabinet, ridgeback unloads and places it.
      it failed because: grasp: An error occurred during each attempt of this action. Attempt 0: PRE_CONDITION_ERROR: notebook_154 is riding on jackal_3's back, so you cannot grasp it. Take it with unload_from(jackal_3) in...
  #20 [FAILED] ontop(notebook.n.01_5, cabinet.n.01_3)
      plan: wait(450) -> unload_from(jackal_3) -> load_onto(jackal_1) -> wait(500) -> navigate_to(jackal_1) -> unload_from(jackal_1) -> place_on_top(cabinet.n.01_3)
      you chose it because: Notebook 5 is already on jackal_3, so I first take it from that carrier, transfer it to our carrier jackal_1, then meet jackal_1 at the bedroom cabinet for final placement. The initial wait lets jackal_1 reach the bedroom before the transfer.
      it failed because: load_onto: PRE_CONDITION_ERROR: You are 3.51 m from jackal_1, too far to load onto it (you must be within 1.73 m). Navigate to it first.. Additional info: {'target object': 'jackal_1', 'distance': ...

--- jackal_1 ---
Its current plan: wait_for_team(team_1) [interrupted]
YOUR FINISHED PLANS (most recent last):
  #18 [FAILED] ontop(notebook.n.01_1, bookcase.n.01_1)
      plan: wait(200) -> navigate_to(floor.n.01_3) -> wait(600) -> place_on_top(bookcase.n.01_1)
      you chose it because: Jackal waits long enough for the load transfer, moves to the reachable floor position near the bookcase rather than the obstructed bookcase target, and waits there for ridgeback to unload the notebook.
      it failed because: place_on_top: An error occurred during each attempt of this action. Attempt 0: PRE_CONDITION_ERROR: You have no arm, so you cannot place onto. You can navigate_to and wait. Cargo is put on your bac...
  #19 [FAILED] ontop(notebook.n.01_5, cabinet.n.01_3)
      plan: navigate_to(notebook.n.01_5) -> wait(500) -> navigate_to(cabinet.n.01_3) -> wait(500) -> place_on_top(cabinet.n.01_3)
      you chose it because: Jackal is assigned as the carrier: it first meets ridgeback at notebook.n.01_5 for loading, then transports the notebook to the bedroom cabinet and waits for ridgeback to perform the placement.
      it failed because: navigate_to: An error occurred during each attempt of this action. Attempt 0: PLANNING_ERROR: Cannot reach notebook_154: there is no free floor space around it to stand on (need a spot 0.7-1.3 m aw...
  #21 [FAILED] ontop(notebook.n.01_5, cabinet.n.01_3)
      plan: navigate_to(bedroom_0) -> wait(250) -> navigate_to(cabinet.n.01_3) -> wait(600) -> place_on_top(cabinet.n.01_3)
      you chose it because: I serve as the carrier: travel from the kitchen to the bedroom, remain available for ridgeback_1 to load notebook 5, then carry it to the bedroom cabinet and wait while ridgeback unloads and places it.
      it failed because: navigate_to: An error occurred during each attempt of this action. Attempt 0: PLANNING_ERROR: Cannot reach bottom_cabinet_jrhgeu_0: there is no free floor space around it to stand on (need a spot 1...

--- drone_1 ---
Its current plan: ontop(notebook.n.01_5, cabinet.n.01_3) [success]
YOUR FINISHED PLANS (most recent last):
  #10 [DONE] ontop(notebook.n.01_1, bookcase.n.01_1)
      plan: wait(100)
      you chose it because: The drone cannot lift notebooks and the notebook is already exclusively held by ridgeback, so it stays clear while the arm and carrier complete the transfer.
  #12 [DONE] ontop(notebook.n.01_3, coffee_table.n.01_1)
      plan: wait(120)
      you chose it because: The drone cannot lift notebooks, and notebook.n.01_3 is already being carried by another team's jackal, so it stays clear rather than contesting the object.
  #14 [DONE] ontop(notebook.n.01_5, cabinet.n.01_3)
      plan: wait(120) -> wait(120) -> wait(120) -> wait(120) -> wait(120) -> wait(120)
      you chose it because: The drone cannot lift notebooks and should not contest the carrier transfer, so it stays clear while ridgeback_1 and jackal_1 complete notebook 5.

Return exactly 3 plans, one per robot, using each robot's own ids. Say in `reasoning` how you divided the work.
-------------------------------------- COMPLETION --------------------------------------
  plans:
    [1]
      agent_id: ridgeback_1
      task:
        task: Task.ONTOP
        object_type: notebook.n.01_5
        object_id: 1
        reference: cabinet.n.01_3
      actions:
        [1]
          action_type: unload_from
          target: jackal_3
        [2]
          action_type: wait
          ticks: 400
        [3]
          action_type: load_onto
          target: jackal_1
        [4]
          action_type: wait
          ticks: 300
        [5]
          action_type: unload_from
          target: jackal_1
        [6]
          action_type: place_on_top
          target: cabinet.n.01_3
      reasoning: Notebook 5 is already on jackal_3. I take it from that carrier, wait for jackal_1 to rendezvous at the bedroom floor, transfer it to jackal_1, then unload and place it on the cabinet without navigating while my base is locked.
    [2]
      agent_id: jackal_1
      task:
        task: Task.ONTOP
        object_type: notebook.n.01_5
        object_id: 1
        reference: cabinet.n.01_3
      actions:
        [1]
          action_type: navigate_to
          target: floor.n.01_4
        [2]
          action_type: wait
          ticks: 120
      reasoning: I move to the reachable bedroom floor rendezvous point so ridgeback can load notebook 5 onto me; I then hold position while ridgeback unloads and places it on the cabinet.
    [3]
      agent_id: drone_1
      task:
        task: Task.ONTOP
        object_type: notebook.n.01_5
        object_id: 1
        reference: cabinet.n.01_3
      actions:
        [1]
          action_type: wait
          ticks: 600
      reasoning: The notebook is already assigned to ridgeback and the carriers. As a drone I cannot lift notebooks, so I stay clear while their transfer completes.
  reasoning: Ridgeback performs all notebook handling and placement, while jackal_1 provides the needed transport rendezvous at the reachable bedroom floor. This avoids the previously failed long-distance transfer and respects ridgeback’s locked base; drone_1 waits because it cannot lift notebooks.
====================================================================================================
#35  ridgeback_3  env_step 6373  t=868.832s  Team Plan Generation [team_3]
  usage: 7481 tokens (prompt 6787, completion 694)
---------------------------------- PROMPT / SYSTEM ----------------------------------
## 1. YOUR ROLE
You command TEAM 'team_3' -- 3 robots (ridgeback_3, jackal_3, drone_3) -- in a multi-agent
cooperative household task, alongside other teams doing the same. You are the
TEAM CONTROLLER: you are given all 3 robots' observations in one call and
answer with one plan per robot, in that same call.

- Divide the work. Two robots sent to the same object waste one of them: the
  loser burns the whole trip and its grasp fails with OBJECT_CLAIMED.
- Your robots start their plans together and you are not asked again until
  every one of them has finished. A robot that finishes early holds position
  and does nothing useful, so plans of wildly different lengths waste the
  short ones.
- Other teams are driven by their own controllers, not by you. You coordinate
  with them only through the messages quoted in this prompt.
- At the end of the prompt are each robot's last few plans, with their
  actions and how each ended, and the messages this team has sent and
  received. A plan that failed for a reason that still holds will fail the
  same way again, and a question you already asked has its answer in the
  record.

PLAN RESPONSE:
- Return a structured plan for EVERY robot listed above, one each, tagged with
  that robot's agent_id.
- Give each robot one task and at most 6 actions; 3-6 short
  executable actions are usually enough.
- Use exact item_id values from that robot's own section of the prompt.
- Say in the team-level `reasoning` how you divided the work between them.

## 2. ENVIRONMENT RULES
Your robots act through high-level primitives, not joint commands. Each one
takes many simulation steps: driving across a room costs 30 ticks per metre, so
distance is the main cost you control. None of them can see -- each is given a
symbolic description of the room it is standing in, and only that room, and
those descriptions are listed below one robot at a time.

Rules that decide whether an action succeeds:
- To grasp, place, open or toggle an object a robot must be closer to it than
  that object's own distance threshold; beyond it the action fails with TOO_FAR.
  Each object in a robot's room listing carries what that robot can do to it
  after "->", and a distance in metres ONLY when it is out of range -- no
  distance means that robot is already close enough to act on it now.
- An out-of-range object is marked "unreachable" and offers navigate_to and
  NOTHING else. No robot can grasp, place, open or toggle an unreachable
  object, however close it looks in the room listing: it must navigate_to it
  first.
- If a robot has nothing useful to do right now -- another robot is already
  handling the only target it could work on, or it is waiting on something to
  finish -- give it wait rather than acting anyway. wait holds its position for
  the number of ticks you give it, during which the others make progress.
- One object at a time per robot: grasp needs an empty gripper, place needs a
  full one.
- Objects are exclusive, including between your own robots. If anyone is
  holding something, a grasp for it fails with "held by <agent>". Sending two
  robots after one target costs the loser the whole trip for nothing.
- Some tasks are a route: THE TEAM'S TASK lists supports the cargo must rest on
  in order, marked done / NEXT. Only the NEXT support counts when the cargo is
  placed on it; a support reached out of order does not count and costs
  nothing -- progress resumes when NEXT holds. Progress is judged on where the
  cargo rests, not on what a robot intended.
- Every id in THE TEAM'S TASK is a valid navigate_to target for any robot from
  ANY room, even when it is not in that robot's listing: navigate_to(<that id>)
  drives it there, through the house, and its next listing shows that room.
  That is how a robot changes rooms. The cargo is where the task says it
  starts (or on the last support marked done) -- send a robot there; it will
  not be found where the robots stand.
- The line "Rooms in this house" names every room. navigate_to(<room name>)
  drives a robot to a free spot inside that room, so it can reach a room whose
  objects it cannot name yet, or go and look for something.
- Refer to objects only by the ids in that robot's own room listing, which are
  the objects in the room it is standing in. They look like apple.n.01_1. Never
  invent one, and never give one robot an id that appeared only under another
  robot -- it is in a room that robot cannot see.
- An entry marked "blocked" is in that room but currently unavailable -- the
  bracketed note says why.

When an action fails, that robot's plan is abandoned. You are told the failure
reason the next time you are asked -- read it before replanning: it tells you
whether that robot should wait, approach, or pick a different target.

## 3. ROBOT CAPABILITIES
Three kinds of robot. A robot's kind is on its own header ("(drone)") and on
its line in a teammate's listing ("[carrier, ...]", "[base locks while
holding]", "[drone]").

ARM -- a robot with a gripper: grasp, place_on_top, release, open/close,
toggle, load_onto, unload_from, navigate_to, wait.
- Some arms' bases LOCK while the gripper is loaded, and navigate_to then fails
  with BASE_LOCKED; such a robot cannot deliver what it picks up. Have it load
  the object onto a carrier robot with load_onto, let the carrier drive, and
  have an arm take it back at the far end with unload_from. Both actions name
  the *carrier* as their target and need the two robots within reach of each
  other. This is a division of labour, not a detour: it is why a task can need
  more than one of your robots.
- ONLY a robot marked [base locks while holding] needs a carrier. Any other
  robot that can grasp -- a drone, an unmarked arm -- carries what it holds by
  itself: grasp, navigate_to the support, place_on_top, done. A drone that can
  lift the cargo needs nobody: routing its cargo through a carrier and back is
  a detour that costs two extra actions and a round of waiting for nothing.
  Use the carrier for the base-locked robot's legs, and only for those.

CARRIER -- a robot with no arm: cargo rides on its back.
- A carrier and what it is carrying are ONE line in that robot's room listing:

    - agent_1  (teammate)  [carrier, carrying box.n.01_1]  -> unload_from

  The cargo has no line of its own and cannot be grasped where it sits.
  unload_from(agent_1) takes it off that carrier's back and into the acting
  robot's hand; load_onto(agent_1) puts what that robot holds onto it. Both
  name the carrier, both need the two robots within reach of each other, and
  unload_from is the only way to get cargo back.
- **A carrier has no arm**, so give it navigate_to and wait and nothing else:
  no grasp, no place, no release, no load_onto or unload_from -- those are done
  *to* it by a robot that does have a hand. Its own section lists its load on
  an "On your back:" line, and it cannot put that down itself. Its job is to
  drive to where an arm is waiting, which is the whole reason a task needs two
  of them.

DRONE -- flies, holds its load under a suction mount, and its base never locks:
it carries what it grasps by itself.
- What a drone may lift is limited. The drone cannot lift the notebook. A
  robot tagged [drone] can grasp and carry the die (die.n.01_1) but NOT the
  notebook (notebook.n.01_1): grasp or unload_from on it fails with
  CANNOT_LIFT, and getting closer does not change that. Only a robot with an
  arm can lift the notebook, so give that leg to an arm; this division of
  labour is what the task is built around.

THIS TEAM'S ROBOTS:
  - ridgeback_3: ARM, base LOCKS while holding (needs a carrier to move cargo)
  - jackal_3: CARRIER (no arm; navigate_to and wait only)
  - drone_3: DRONE (flies, carries what it holds; see the lift table)

WHO MAY LIFT WHAT (this activity):
  - notebook.n.01: arm

## 4. COOPERATION MODE: INDIVIDUAL
Every team plans for itself. No team sends or receives messages; you learn
what the other teams are doing only from what your robots see (a teammate of
another team in the listing, an object held by one of its robots). Do not
wait for others to speak. When another team already holds the cargo, give
your robots something else or wait.
---------------------------------- PROMPT / USER ----------------------------------
=== STEP 6373 ===

## 6. OBSERVATIONS -- TEAM team_3 (3 robots)

THE TEAM'S TASK (the same for every robot), in the ids it is written in:
  Move notebook.n.01_1, in this order, onto: the cabinet in the child's room, the bookcase in the kitchen. Move notebook.n.01_2, in this order, onto: the bookcase in the kitchen, the armchair in the dining room. Move notebook.n.01_3, in this order, onto: the armchair in the dining room, the coffee table in the living room. Move notebook.n.01_4, in this order, onto: the cabinet in the living room, the bed in the bedroom. Move notebook.n.01_5, in this order, onto: the cabinet in the bedroom, the bed in the child's room.
Route S1-M5: complete -- notebook.n.01_1 is at its destination.
Route S1-M3: complete -- notebook.n.01_2 is at its destination.
Route S1-M2, carry notebook.n.01_3 through these in order:
  it starts ontop(notebook.n.01_3, floor.n.01_2)
  NEXT  C1  ontop(notebook.n.01_3, armchair.n.01_1)
        D   ontop(notebook.n.01_3, coffee_table.n.01_1)
Route S1-M1: complete -- notebook.n.01_4 is at its destination.
Route S1-M4, carry notebook.n.01_5 through these in order:
  it starts ontop(notebook.n.01_5, floor.n.01_4)
  NEXT  C1  ontop(notebook.n.01_5, cabinet.n.01_3)
        D   ontop(notebook.n.01_5, bed.n.01_1)
A support reached out of order does not count, and nothing is lost by it: progress resumes when the NEXT one holds.

=== ROBOT ridgeback_3 ===
Step 6373/8000 | you are ridgeback_3 in bedroom_0 (a bedroom)
Rooms in this house (navigate_to any of them): bathroom_0, bedroom_0, childs_room_0, closet_0, closet_1, corridor_0, dining_room_0, empty_room_0, empty_room_1, kitchen_0, living_room_0, staircase_0
Holding: nothing

bedroom_0:
  - bed.n.01_2  -> grasp, navigate_to
  - cabinet.n.01_3  -> grasp, navigate_to, open  [Open is False]
  - floor.n.01_4  -> navigate_to
  - jackal_1  (teammate)  [carrier, empty]  -> navigate_to
  - jackal_3  (teammate)  [carrier, empty]  -> navigate_to
  - notebook.n.01_4  -> grasp, navigate_to
  - notebook.n.01_5  held by ridgeback_1  -> unreachable, navigate_to  [2.4 m away]
  - ridgeback_1  (teammate)  [base locks while holding]

Relations:
  ontop(bed.n.01_2, floor.n.01_4)
  ontop(cabinet.n.01_3, floor.n.01_4)
  ontop(jackal_1, floor.n.01_4)
  ontop(jackal_3, floor.n.01_4)
  ontop(notebook.n.01_4, bed.n.01_2)
  ontop(notebook.n.01_5, ridgeback_1)
  ontop(ridgeback_1, floor.n.01_4)
  ontop(ridgeback_3, floor.n.01_4)
  under(floor.n.01_4, bed.n.01_2)

=== ROBOT jackal_3 ===
Step 6373/8000 | you are jackal_3 in bedroom_0 (a bedroom)
Rooms in this house (navigate_to any of them): bathroom_0, bedroom_0, childs_room_0, closet_0, closet_1, corridor_0, dining_room_0, empty_room_0, empty_room_1, kitchen_0, living_room_0, staircase_0
Holding: nothing

bedroom_0:
  - bed.n.01_2  -> navigate_to
  - cabinet.n.01_3  -> navigate_to
  - floor.n.01_4  -> navigate_to
  - jackal_1  (teammate)  [carrier, empty]
  - notebook.n.01_4  -> navigate_to
  - notebook.n.01_5  held by ridgeback_1  -> unreachable, navigate_to  [1.3 m away]
  - ridgeback_1  (teammate)  [base locks while holding]
  - ridgeback_3  (teammate)  [base locks while holding]

Relations:
  ontop(bed.n.01_2, floor.n.01_4)
  ontop(cabinet.n.01_3, floor.n.01_4)
  ontop(jackal_1, floor.n.01_4)
  ontop(jackal_3, floor.n.01_4)
  ontop(notebook.n.01_4, bed.n.01_2)
  ontop(notebook.n.01_5, ridgeback_1)
  ontop(ridgeback_1, floor.n.01_4)
  ontop(ridgeback_3, floor.n.01_4)
  under(floor.n.01_4, bed.n.01_2)

=== ROBOT drone_3 ===
Step 6373/8000 | you are drone_3 (drone) in living_room_0 (a living room)
Rooms in this house (navigate_to any of them): bathroom_0, bedroom_0, childs_room_0, closet_0, closet_1, corridor_0, dining_room_0, empty_room_0, empty_room_1, kitchen_0, living_room_0, staircase_0
Holding: nothing

living_room_0:
  - cabinet.n.01_2  Open  -> unreachable, navigate_to  [2.6 m away]
  - coffee_table.n.01_1  -> grasp, navigate_to
  - drone_1  (teammate)  [drone]
  - drone_2  (teammate)  [drone]
  - floor.n.01_1  -> navigate_to

Relations:
  ontop(cabinet.n.01_2, floor.n.01_1)
  ontop(coffee_table.n.01_1, floor.n.01_1)

## 9. ACTION HISTORY AND FAILURES
--- ridgeback_3 ---
Its current plan: wait_for_team(team_3) [interrupted]
YOUR FINISHED PLANS (most recent last):
  #17 [FAILED] ontop(notebook.n.01_5, cabinet.n.01_3)
      plan: load_onto(jackal_3) -> wait(550) -> unload_from(jackal_3) -> navigate_to(cabinet.n.01_3) -> place_on_top(cabinet.n.01_3)
      you chose it because: Ridgeback transfers the held notebook to the carrier, waits for transport and return, then unloads and approaches the cabinet before placing it.
      it failed because: navigate_to: An error occurred during each attempt of this action. Attempt 0: PRE_CONDITION_ERROR: You cannot drive while holding notebook_154: your base is locked whenever your arm is loaded. Put ...
  #19 [FAILED] ontop(notebook.n.01_5, cabinet.n.01_3)
      plan: load_onto(jackal_3) -> wait(600) -> unload_from(jackal_3) -> navigate_to(cabinet.n.01_3) -> place_on_top(cabinet.n.01_3)
      you chose it because: Transfer the held notebook to jackal_3, which can carry it while ridgeback_3's base is locked. After jackal returns, unload, approach the cabinet, and place the notebook from within range.
      it failed because: navigate_to: An error occurred during each attempt of this action. Attempt 0: PRE_CONDITION_ERROR: You cannot drive while holding notebook_154: your base is locked whenever your arm is loaded. Put ...
  #20 [FAILED] ontop(notebook.n.01_5, cabinet.n.01_3)
      plan: load_onto(jackal_3) -> navigate_to(cabinet.n.01_3) -> wait(150) -> unload_from(jackal_3) -> place_on_top(cabinet.n.01_3)
      you chose it because: Transfer the notebook to jackal_3 to unlock the base, then independently meet the carrier at the cabinet and unload/place the notebook.
      it failed because: unload_from: PRE_CONDITION_ERROR: jackal_3 is not carrying anything.. Additional info: {'target object': 'jackal_3', 'reason_code': 'PRE_CONDITION_ERROR'}

--- jackal_3 ---
Its current plan: wait_for_team(team_3) [interrupted]
YOUR FINISHED PLANS (most recent last):
  #15 [FAILED] ontop(notebook.n.01_5, cabinet.n.01_3)
      plan: wait(100) -> navigate_to(cabinet.n.01_3) -> wait(100) -> navigate_to(ridgeback_3) -> wait(300) -> place_on_top(cabinet.n.01_3)
      you chose it because: Jackal is dedicated as the carrier: pause to allow loading, transport the notebook to the required cabinet, then return to ridgeback and hold position for unloading.
      it failed because: place_on_top: An error occurred during each attempt of this action. Attempt 0: PRE_CONDITION_ERROR: You have no arm, so you cannot place onto. You can navigate_to and wait. Cargo is put on your bac...
  #17 [FAILED] ontop(notebook.n.01_5, cabinet.n.01_3)
      plan: wait(100) -> navigate_to(cabinet.n.01_3) -> wait(150) -> navigate_to(ridgeback_3) -> wait(200) -> place_on_top(cabinet.n.01_3)
      you chose it because: Remain beside ridgeback long enough for loading, carry the notebook to the required cabinet, then return to ridgeback and wait for unloading.
      it failed because: place_on_top: An error occurred during each attempt of this action. Attempt 0: PRE_CONDITION_ERROR: You have no arm, so you cannot place onto. You can navigate_to and wait. Cargo is put on your bac...
  #19 [FAILED] ontop(notebook.n.01_5, cabinet.n.01_3)
      plan: wait(100) -> navigate_to(cabinet.n.01_3) -> wait(150) -> place_on_top(cabinet.n.01_3)
      you chose it because: Remain beside ridgeback_3 long enough for loading, carry the notebook to the cabinet, and wait there for ridgeback_3 to unload it.
      it failed because: place_on_top: An error occurred during each attempt of this action. Attempt 0: PRE_CONDITION_ERROR: You have no arm, so you cannot place onto. You can navigate_to and wait. Cargo is put on your bac...

--- drone_3 ---
Its current plan: ontop(notebook.n.01_5, cabinet.n.01_3) [success]
YOUR FINISHED PLANS (most recent last):
  #13 [DONE] ontop(notebook.n.01_5, cabinet.n.01_3)
      plan: wait(600)
      you chose it because: The active cargo is a notebook that the drone cannot lift, so it waits and avoids competing with the arm-and-carrier transfer.
  #14 [DONE] ontop(notebook.n.01_5, cabinet.n.01_3)
      plan: wait(600)
      you chose it because: The active cargo is a notebook, which drone_3 cannot lift. Wait without competing while the arm and carrier complete the transfer.
  #16 [DONE] ontop(notebook.n.01_5, cabinet.n.01_3)
      plan: wait(400)
      you chose it because: The active cargo is a notebook, which the drone cannot lift; wait while ridgeback_3 and jackal_3 perform the arm-and-carrier transfer.

Return exactly 3 plans, one per robot, using each robot's own ids. Say in `reasoning` how you divided the work.
-------------------------------------- COMPLETION --------------------------------------
  plans:
    [1]
      agent_id: ridgeback_3
      task:
        task: Task.ONTOP
        object_type: notebook.n.01_5
        object_id: 1
        reference: cabinet.n.01_3
      actions:
        [1]
          action_type: wait
          ticks: 600
      reasoning: notebook.n.01_5 is currently held by ridgeback_1 from another team, so do not compete or attempt a transfer; wait for the cargo to become available.
    [2]
      agent_id: jackal_3
      task:
        task: Task.ONTOP
        object_type: notebook.n.01_5
        object_id: 1
        reference: cabinet.n.01_3
      actions:
        [1]
          action_type: wait
          ticks: 600
      reasoning: The active notebook is held by ridgeback_1, not available to jackal_3. Wait rather than making an unnecessary carrier trip.
    [3]
      agent_id: drone_3
      task:
        task: Task.ONTOP
        object_type: notebook.n.01_5
        object_id: 1
        reference: cabinet.n.01_3
      actions:
        [1]
          action_type: wait
          ticks: 600
      reasoning: drone_3 cannot lift notebooks, and notebook.n.01_5 is already held by ridgeback_1. It waits while the arm-and-carrier work is resolved.
  reasoning: All three robots avoid duplicating work on notebook.n.01_5, which is currently held by ridgeback_1 from another team. Ridgeback and jackal should not attempt the previously failed transfer sequence, while the drone cannot lift the notebook; synchronized waiting preserves resources until the cargo state changes.
====================================================================================================
#36  ridgeback_2  env_step 6699  t=897.08s  Team Plan Generation [team_2]
  usage: 8061 tokens (prompt 6776, completion 1285)
---------------------------------- PROMPT / SYSTEM ----------------------------------
## 1. YOUR ROLE
You command TEAM 'team_2' -- 3 robots (ridgeback_2, jackal_2, drone_2) -- in a multi-agent
cooperative household task, alongside other teams doing the same. You are the
TEAM CONTROLLER: you are given all 3 robots' observations in one call and
answer with one plan per robot, in that same call.

- Divide the work. Two robots sent to the same object waste one of them: the
  loser burns the whole trip and its grasp fails with OBJECT_CLAIMED.
- Your robots start their plans together and you are not asked again until
  every one of them has finished. A robot that finishes early holds position
  and does nothing useful, so plans of wildly different lengths waste the
  short ones.
- Other teams are driven by their own controllers, not by you. You coordinate
  with them only through the messages quoted in this prompt.
- At the end of the prompt are each robot's last few plans, with their
  actions and how each ended, and the messages this team has sent and
  received. A plan that failed for a reason that still holds will fail the
  same way again, and a question you already asked has its answer in the
  record.

PLAN RESPONSE:
- Return a structured plan for EVERY robot listed above, one each, tagged with
  that robot's agent_id.
- Give each robot one task and at most 6 actions; 3-6 short
  executable actions are usually enough.
- Use exact item_id values from that robot's own section of the prompt.
- Say in the team-level `reasoning` how you divided the work between them.

## 2. ENVIRONMENT RULES
Your robots act through high-level primitives, not joint commands. Each one
takes many simulation steps: driving across a room costs 30 ticks per metre, so
distance is the main cost you control. None of them can see -- each is given a
symbolic description of the room it is standing in, and only that room, and
those descriptions are listed below one robot at a time.

Rules that decide whether an action succeeds:
- To grasp, place, open or toggle an object a robot must be closer to it than
  that object's own distance threshold; beyond it the action fails with TOO_FAR.
  Each object in a robot's room listing carries what that robot can do to it
  after "->", and a distance in metres ONLY when it is out of range -- no
  distance means that robot is already close enough to act on it now.
- An out-of-range object is marked "unreachable" and offers navigate_to and
  NOTHING else. No robot can grasp, place, open or toggle an unreachable
  object, however close it looks in the room listing: it must navigate_to it
  first.
- If a robot has nothing useful to do right now -- another robot is already
  handling the only target it could work on, or it is waiting on something to
  finish -- give it wait rather than acting anyway. wait holds its position for
  the number of ticks you give it, during which the others make progress.
- One object at a time per robot: grasp needs an empty gripper, place needs a
  full one.
- Objects are exclusive, including between your own robots. If anyone is
  holding something, a grasp for it fails with "held by <agent>". Sending two
  robots after one target costs the loser the whole trip for nothing.
- Some tasks are a route: THE TEAM'S TASK lists supports the cargo must rest on
  in order, marked done / NEXT. Only the NEXT support counts when the cargo is
  placed on it; a support reached out of order does not count and costs
  nothing -- progress resumes when NEXT holds. Progress is judged on where the
  cargo rests, not on what a robot intended.
- Every id in THE TEAM'S TASK is a valid navigate_to target for any robot from
  ANY room, even when it is not in that robot's listing: navigate_to(<that id>)
  drives it there, through the house, and its next listing shows that room.
  That is how a robot changes rooms. The cargo is where the task says it
  starts (or on the last support marked done) -- send a robot there; it will
  not be found where the robots stand.
- The line "Rooms in this house" names every room. navigate_to(<room name>)
  drives a robot to a free spot inside that room, so it can reach a room whose
  objects it cannot name yet, or go and look for something.
- Refer to objects only by the ids in that robot's own room listing, which are
  the objects in the room it is standing in. They look like apple.n.01_1. Never
  invent one, and never give one robot an id that appeared only under another
  robot -- it is in a room that robot cannot see.
- An entry marked "blocked" is in that room but currently unavailable -- the
  bracketed note says why.

When an action fails, that robot's plan is abandoned. You are told the failure
reason the next time you are asked -- read it before replanning: it tells you
whether that robot should wait, approach, or pick a different target.

## 3. ROBOT CAPABILITIES
Three kinds of robot. A robot's kind is on its own header ("(drone)") and on
its line in a teammate's listing ("[carrier, ...]", "[base locks while
holding]", "[drone]").

ARM -- a robot with a gripper: grasp, place_on_top, release, open/close,
toggle, load_onto, unload_from, navigate_to, wait.
- Some arms' bases LOCK while the gripper is loaded, and navigate_to then fails
  with BASE_LOCKED; such a robot cannot deliver what it picks up. Have it load
  the object onto a carrier robot with load_onto, let the carrier drive, and
  have an arm take it back at the far end with unload_from. Both actions name
  the *carrier* as their target and need the two robots within reach of each
  other. This is a division of labour, not a detour: it is why a task can need
  more than one of your robots.
- ONLY a robot marked [base locks while holding] needs a carrier. Any other
  robot that can grasp -- a drone, an unmarked arm -- carries what it holds by
  itself: grasp, navigate_to the support, place_on_top, done. A drone that can
  lift the cargo needs nobody: routing its cargo through a carrier and back is
  a detour that costs two extra actions and a round of waiting for nothing.
  Use the carrier for the base-locked robot's legs, and only for those.

CARRIER -- a robot with no arm: cargo rides on its back.
- A carrier and what it is carrying are ONE line in that robot's room listing:

    - agent_1  (teammate)  [carrier, carrying box.n.01_1]  -> unload_from

  The cargo has no line of its own and cannot be grasped where it sits.
  unload_from(agent_1) takes it off that carrier's back and into the acting
  robot's hand; load_onto(agent_1) puts what that robot holds onto it. Both
  name the carrier, both need the two robots within reach of each other, and
  unload_from is the only way to get cargo back.
- **A carrier has no arm**, so give it navigate_to and wait and nothing else:
  no grasp, no place, no release, no load_onto or unload_from -- those are done
  *to* it by a robot that does have a hand. Its own section lists its load on
  an "On your back:" line, and it cannot put that down itself. Its job is to
  drive to where an arm is waiting, which is the whole reason a task needs two
  of them.

DRONE -- flies, holds its load under a suction mount, and its base never locks:
it carries what it grasps by itself.
- What a drone may lift is limited. The drone cannot lift the notebook. A
  robot tagged [drone] can grasp and carry the die (die.n.01_1) but NOT the
  notebook (notebook.n.01_1): grasp or unload_from on it fails with
  CANNOT_LIFT, and getting closer does not change that. Only a robot with an
  arm can lift the notebook, so give that leg to an arm; this division of
  labour is what the task is built around.

THIS TEAM'S ROBOTS:
  - ridgeback_2: ARM, base LOCKS while holding (needs a carrier to move cargo)
  - jackal_2: CARRIER (no arm; navigate_to and wait only)
  - drone_2: DRONE (flies, carries what it holds; see the lift table)

WHO MAY LIFT WHAT (this activity):
  - notebook.n.01: arm

## 4. COOPERATION MODE: INDIVIDUAL
Every team plans for itself. No team sends or receives messages; you learn
what the other teams are doing only from what your robots see (a teammate of
another team in the listing, an object held by one of its robots). Do not
wait for others to speak. When another team already holds the cargo, give
your robots something else or wait.
---------------------------------- PROMPT / USER ----------------------------------
=== STEP 6699 ===

## 6. OBSERVATIONS -- TEAM team_2 (3 robots)

THE TEAM'S TASK (the same for every robot), in the ids it is written in:
  Move notebook.n.01_1, in this order, onto: the cabinet in the child's room, the bookcase in the kitchen. Move notebook.n.01_2, in this order, onto: the bookcase in the kitchen, the armchair in the dining room. Move notebook.n.01_3, in this order, onto: the armchair in the dining room, the coffee table in the living room. Move notebook.n.01_4, in this order, onto: the cabinet in the living room, the bed in the bedroom. Move notebook.n.01_5, in this order, onto: the cabinet in the bedroom, the bed in the child's room.
Route S1-M5: complete -- notebook.n.01_1 is at its destination.
Route S1-M3: complete -- notebook.n.01_2 is at its destination.
Route S1-M2, carry notebook.n.01_3 through these in order:
  it starts ontop(notebook.n.01_3, floor.n.01_2)
  NEXT  C1  ontop(notebook.n.01_3, armchair.n.01_1)
        D   ontop(notebook.n.01_3, coffee_table.n.01_1)
Route S1-M1: complete -- notebook.n.01_4 is at its destination.
Route S1-M4, carry notebook.n.01_5 through these in order:
  it starts ontop(notebook.n.01_5, floor.n.01_4)
  NEXT  C1  ontop(notebook.n.01_5, cabinet.n.01_3)
        D   ontop(notebook.n.01_5, bed.n.01_1)
A support reached out of order does not count, and nothing is lost by it: progress resumes when the NEXT one holds.

=== ROBOT ridgeback_2 ===
Step 6699/8000 | you are ridgeback_2 in dining_room_0 (a dining room)
Rooms in this house (navigate_to any of them): bathroom_0, bedroom_0, childs_room_0, closet_0, closet_1, corridor_0, dining_room_0, empty_room_0, empty_room_1, kitchen_0, living_room_0, staircase_0
Holding: nothing

dining_room_0:
  - armchair.n.01_1  -> unreachable, navigate_to  [1.9 m away]
  - breakfast_table.n.01_1  -> grasp, navigate_to
  - floor.n.01_2  -> navigate_to
  - jackal_2  (teammate)  [carrier, carrying notebook.n.01_3]  -> unreachable, navigate_to  [1.9 m away]
  - notebook.n.01_2  -> unreachable, navigate_to  [2.2 m away]

Relations:
  ontop(armchair.n.01_1, floor.n.01_2)
  ontop(breakfast_table.n.01_1, floor.n.01_2)
  ontop(jackal_2, floor.n.01_2)
  ontop(notebook.n.01_2, floor.n.01_2)
  ontop(ridgeback_2, floor.n.01_2)
  under(floor.n.01_2, breakfast_table.n.01_1)
  under(jackal_2, notebook.n.01_3)

=== ROBOT jackal_2 ===
Step 6699/8000 | you are jackal_2 in dining_room_0 (a dining room)
Rooms in this house (navigate_to any of them): bathroom_0, bedroom_0, childs_room_0, closet_0, closet_1, corridor_0, dining_room_0, empty_room_0, empty_room_1, kitchen_0, living_room_0, staircase_0
On your back: notebook.n.01_3
Holding: nothing

dining_room_0:
  - armchair.n.01_1  -> navigate_to
  - breakfast_table.n.01_1  -> navigate_to
  - floor.n.01_2  -> navigate_to
  - notebook.n.01_2  -> navigate_to
  - ridgeback_2  (teammate)  [base locks while holding]

Relations:
  ontop(armchair.n.01_1, floor.n.01_2)
  ontop(breakfast_table.n.01_1, floor.n.01_2)
  ontop(jackal_2, floor.n.01_2)
  ontop(notebook.n.01_2, floor.n.01_2)
  ontop(ridgeback_2, floor.n.01_2)
  under(floor.n.01_2, breakfast_table.n.01_1)
  under(jackal_2, notebook.n.01_3)

=== ROBOT drone_2 ===
Step 6699/8000 | you are drone_2 (drone) in living_room_0 (a living room)
Rooms in this house (navigate_to any of them): bathroom_0, bedroom_0, childs_room_0, closet_0, closet_1, corridor_0, dining_room_0, empty_room_0, empty_room_1, kitchen_0, living_room_0, staircase_0
Holding: nothing

living_room_0:
  - cabinet.n.01_2  Open  -> unreachable, navigate_to  [2.1 m away]
  - coffee_table.n.01_1  -> unreachable, navigate_to  [1.9 m away]
  - drone_1  (teammate)  [drone]
  - drone_3  (teammate)  [drone]
  - floor.n.01_1  -> navigate_to

Relations:
  ontop(cabinet.n.01_2, floor.n.01_1)
  ontop(coffee_table.n.01_1, floor.n.01_1)

## 9. ACTION HISTORY AND FAILURES
--- ridgeback_2 ---
Its current plan: wait_for_team(team_2) [interrupted]
YOUR FINISHED PLANS (most recent last):
  #15 [FAILED] ontop(notebook.n.01_3, armchair.n.01_1)
      plan: grasp(notebook.n.01_3) -> load_onto(jackal_2) -> navigate_to(coffee_table.n.01_1) -> wait(400) -> unload_from(jackal_2) -> place_on_top(armchair.n.01_1)
      you chose it because: I handle notebook 3's route. I grasp it, load it onto the base-locked carrier, rendezvous at the living-room coffee table, unload, and place it on the current NEXT support, the dining-room armchair. The route can then advance to the coffee table in a later step.
      it failed because: unload_from: PRE_CONDITION_ERROR: You are 2.20 m from jackal_2, too far to unload from it (you must be within 1.67 m). Navigate to it first.. Additional info: {'target object': 'jackal_2', 'distanc...
  #17 [FAILED] ontop(notebook.n.01_3, armchair.n.01_1)
      plan: wait(450) -> navigate_to(jackal_2) -> unload_from(jackal_2) -> place_on_top(armchair.n.01_1)
      you chose it because: I handle the arm-required transfer of notebook.n.01_3. Jackal carries it to the dining room; I wait for that trip, approach the carrier directly, and unload at a close rendezvous. Placement on the armchair will be staged after the next room observation.
      it failed because: navigate_to: PLANNING_ERROR: Cannot reach jackal_2: there is no free floor space around it to stand on (need a spot 0.9-1.5 m away, clear of walls, furniture and other agents). Another agent may al...
  #19 [FAILED] ontop(notebook.n.01_3, armchair.n.01_1)
      plan: navigate_to(dining_room_0) -> unload_from(jackal_2) -> place_on_top(armchair.n.01_1)
      you chose it because: I handle the arm-required transfer of notebook.n.01_3. I move into the dining room while jackal_2 positions the carrier at the room's floor rendezvous, then unload the notebook; placement on the armchair will follow once the armchair is visible in my next observation.
      it failed because: unload_from: PRE_CONDITION_ERROR: You are 1.95 m from jackal_2, too far to unload from it (you must be within 1.74 m). Navigate to it first.. Additional info: {'target object': 'jackal_2', 'distanc...

--- jackal_2 ---
Its current plan: wait_for_team(team_2) [interrupted]
YOUR FINISHED PLANS (most recent last):
  #17 [FAILED] ontop(notebook.n.01_3, armchair.n.01_1)
      plan: wait(200) -> navigate_to(coffee_table.n.01_1) -> wait(450) -> place_on_top(armchair.n.01_1)
      you chose it because: I serve only as ridgeback_2's carrier for notebook 3. I pause long enough for loading, drive to the coffee table rendezvous, and wait there so ridgeback_2 can unload the notebook.
      it failed because: place_on_top: An error occurred during each attempt of this action. Attempt 0: PRE_CONDITION_ERROR: You have no arm, so you cannot place onto. You can navigate_to and wait. Cargo is put on your bac...
  #18 [FAILED] ontop(notebook.n.01_3, armchair.n.01_1)
      plan: navigate_to(dining_room_0) -> wait(550) -> place_on_top(armchair.n.01_1)
      you chose it because: I exclusively carry notebook.n.01_3 to the dining room. I use the room target rather than the obstructed armchair target, then hold position so ridgeback_2 can navigate to me and unload the notebook.
      it failed because: place_on_top: An error occurred during each attempt of this action. Attempt 0: PRE_CONDITION_ERROR: You have no arm, so you cannot place onto. You can navigate_to and wait. Cargo is put on your bac...
  #19 [FAILED] ontop(notebook.n.01_3, armchair.n.01_1)
      plan: navigate_to(floor.n.01_2) -> wait(500) -> place_on_top(armchair.n.01_1)
      you chose it because: I remain the carrier for notebook.n.01_3 and move to the dining-room floor rendezvous so ridgeback_2 can approach and unload it. I do not attempt placement because carriers have no arm.
      it failed because: place_on_top: An error occurred during each attempt of this action. Attempt 0: PRE_CONDITION_ERROR: You have no arm, so you cannot place onto. You can navigate_to and wait. Cargo is put on your bac...

--- drone_2 ---
Its current plan: ontop(notebook.n.01_3, armchair.n.01_1) [success]
YOUR FINISHED PLANS (most recent last):
  #13 [DONE] ontop(notebook.n.01_3, armchair.n.01_1)
      plan: wait(600)
      you chose it because: I cannot lift notebooks, and ridgeback_2 with jackal_2 already has the available notebook route assigned, so I wait rather than compete for the cargo.
  #15 [DONE] ontop(notebook.n.01_3, armchair.n.01_1)
      plan: wait(600)
      you chose it because: I cannot lift notebooks, and ridgeback_2 plus jackal_2 are already exclusively handling notebook.n.01_3. I wait without competing or wasting a trip while they complete the carrier rendezvous.
  #17 [DONE] ontop(notebook.n.01_3, armchair.n.01_1)
      plan: wait(600)
      you chose it because: I cannot lift notebooks, and ridgeback_2 plus jackal_2 exclusively handle the current notebook route, so I wait without competing for the cargo.

Return exactly 3 plans, one per robot, using each robot's own ids. Say in `reasoning` how you divided the work.
-------------------------------------- COMPLETION --------------------------------------
  plans:
    [1]
      agent_id: ridgeback_2
      task:
        task: Task.ONTOP
        object_type: notebook.n.01_3
        object_id: 1
        reference: armchair.n.01_1
      actions:
        [1]
          action_type: wait
          ticks: 120
        [2]
          action_type: navigate_to
          target: armchair.n.01_1
        [3]
          action_type: unload_from
          target: jackal_2
        [4]
          action_type: place_on_top
          target: armchair.n.01_1
      reasoning: I handle the arm-required placement. Jackal moves the loaded notebook to the armchair first; I approach the armchair after it arrives, unload within reach, and place notebook.n.01_3 on the current NEXT support.
    [2]
      agent_id: jackal_2
      task:
        task: Task.ONTOP
        object_type: notebook.n.01_3
        object_id: 1
        reference: armchair.n.01_1
      actions:
        [1]
          action_type: navigate_to
          target: armchair.n.01_1
        [2]
          action_type: wait
          ticks: 400
      reasoning: I am the carrier and already have notebook.n.01_3, so I transport it to the dining-room armchair and hold position for ridgeback_2 to unload it. I do not attempt placement because carriers have no arm.
    [3]
      agent_id: drone_2
      task:
        task: Task.ONTOP
        object_type: notebook.n.01_3
        object_id: 1
        reference: armchair.n.01_1
      actions:
        [1]
          action_type: wait
          ticks: 600
      reasoning: I cannot lift notebooks, and ridgeback_2 with jackal_2 exclusively handles the current notebook route. I wait without competing for the cargo.
  reasoning: ridgeback_2 performs the required arm actions, while jackal_2 transports the notebook because ridgeback_2's base locks when holding. drone_2 cannot lift notebooks and waits, avoiding an exclusive-object conflict.
====================================================================================================
#37  ridgeback_1  env_step 6914  t=921.369s  Team Plan Generation [team_1]
  usage: 8763 tokens (prompt 7092, completion 1671)
---------------------------------- PROMPT / SYSTEM ----------------------------------
## 1. YOUR ROLE
You command TEAM 'team_1' -- 3 robots (ridgeback_1, jackal_1, drone_1) -- in a multi-agent
cooperative household task, alongside other teams doing the same. You are the
TEAM CONTROLLER: you are given all 3 robots' observations in one call and
answer with one plan per robot, in that same call.

- Divide the work. Two robots sent to the same object waste one of them: the
  loser burns the whole trip and its grasp fails with OBJECT_CLAIMED.
- Your robots start their plans together and you are not asked again until
  every one of them has finished. A robot that finishes early holds position
  and does nothing useful, so plans of wildly different lengths waste the
  short ones.
- Other teams are driven by their own controllers, not by you. You coordinate
  with them only through the messages quoted in this prompt.
- At the end of the prompt are each robot's last few plans, with their
  actions and how each ended, and the messages this team has sent and
  received. A plan that failed for a reason that still holds will fail the
  same way again, and a question you already asked has its answer in the
  record.

PLAN RESPONSE:
- Return a structured plan for EVERY robot listed above, one each, tagged with
  that robot's agent_id.
- Give each robot one task and at most 6 actions; 3-6 short
  executable actions are usually enough.
- Use exact item_id values from that robot's own section of the prompt.
- Say in the team-level `reasoning` how you divided the work between them.

## 2. ENVIRONMENT RULES
Your robots act through high-level primitives, not joint commands. Each one
takes many simulation steps: driving across a room costs 30 ticks per metre, so
distance is the main cost you control. None of them can see -- each is given a
symbolic description of the room it is standing in, and only that room, and
those descriptions are listed below one robot at a time.

Rules that decide whether an action succeeds:
- To grasp, place, open or toggle an object a robot must be closer to it than
  that object's own distance threshold; beyond it the action fails with TOO_FAR.
  Each object in a robot's room listing carries what that robot can do to it
  after "->", and a distance in metres ONLY when it is out of range -- no
  distance means that robot is already close enough to act on it now.
- An out-of-range object is marked "unreachable" and offers navigate_to and
  NOTHING else. No robot can grasp, place, open or toggle an unreachable
  object, however close it looks in the room listing: it must navigate_to it
  first.
- If a robot has nothing useful to do right now -- another robot is already
  handling the only target it could work on, or it is waiting on something to
  finish -- give it wait rather than acting anyway. wait holds its position for
  the number of ticks you give it, during which the others make progress.
- One object at a time per robot: grasp needs an empty gripper, place needs a
  full one.
- Objects are exclusive, including between your own robots. If anyone is
  holding something, a grasp for it fails with "held by <agent>". Sending two
  robots after one target costs the loser the whole trip for nothing.
- Some tasks are a route: THE TEAM'S TASK lists supports the cargo must rest on
  in order, marked done / NEXT. Only the NEXT support counts when the cargo is
  placed on it; a support reached out of order does not count and costs
  nothing -- progress resumes when NEXT holds. Progress is judged on where the
  cargo rests, not on what a robot intended.
- Every id in THE TEAM'S TASK is a valid navigate_to target for any robot from
  ANY room, even when it is not in that robot's listing: navigate_to(<that id>)
  drives it there, through the house, and its next listing shows that room.
  That is how a robot changes rooms. The cargo is where the task says it
  starts (or on the last support marked done) -- send a robot there; it will
  not be found where the robots stand.
- The line "Rooms in this house" names every room. navigate_to(<room name>)
  drives a robot to a free spot inside that room, so it can reach a room whose
  objects it cannot name yet, or go and look for something.
- Refer to objects only by the ids in that robot's own room listing, which are
  the objects in the room it is standing in. They look like apple.n.01_1. Never
  invent one, and never give one robot an id that appeared only under another
  robot -- it is in a room that robot cannot see.
- An entry marked "blocked" is in that room but currently unavailable -- the
  bracketed note says why.

When an action fails, that robot's plan is abandoned. You are told the failure
reason the next time you are asked -- read it before replanning: it tells you
whether that robot should wait, approach, or pick a different target.

## 3. ROBOT CAPABILITIES
Three kinds of robot. A robot's kind is on its own header ("(drone)") and on
its line in a teammate's listing ("[carrier, ...]", "[base locks while
holding]", "[drone]").

ARM -- a robot with a gripper: grasp, place_on_top, release, open/close,
toggle, load_onto, unload_from, navigate_to, wait.
- Some arms' bases LOCK while the gripper is loaded, and navigate_to then fails
  with BASE_LOCKED; such a robot cannot deliver what it picks up. Have it load
  the object onto a carrier robot with load_onto, let the carrier drive, and
  have an arm take it back at the far end with unload_from. Both actions name
  the *carrier* as their target and need the two robots within reach of each
  other. This is a division of labour, not a detour: it is why a task can need
  more than one of your robots.
- ONLY a robot marked [base locks while holding] needs a carrier. Any other
  robot that can grasp -- a drone, an unmarked arm -- carries what it holds by
  itself: grasp, navigate_to the support, place_on_top, done. A drone that can
  lift the cargo needs nobody: routing its cargo through a carrier and back is
  a detour that costs two extra actions and a round of waiting for nothing.
  Use the carrier for the base-locked robot's legs, and only for those.

CARRIER -- a robot with no arm: cargo rides on its back.
- A carrier and what it is carrying are ONE line in that robot's room listing:

    - agent_1  (teammate)  [carrier, carrying box.n.01_1]  -> unload_from

  The cargo has no line of its own and cannot be grasped where it sits.
  unload_from(agent_1) takes it off that carrier's back and into the acting
  robot's hand; load_onto(agent_1) puts what that robot holds onto it. Both
  name the carrier, both need the two robots within reach of each other, and
  unload_from is the only way to get cargo back.
- **A carrier has no arm**, so give it navigate_to and wait and nothing else:
  no grasp, no place, no release, no load_onto or unload_from -- those are done
  *to* it by a robot that does have a hand. Its own section lists its load on
  an "On your back:" line, and it cannot put that down itself. Its job is to
  drive to where an arm is waiting, which is the whole reason a task needs two
  of them.

DRONE -- flies, holds its load under a suction mount, and its base never locks:
it carries what it grasps by itself.
- What a drone may lift is limited. The drone cannot lift the notebook. A
  robot tagged [drone] can grasp and carry the die (die.n.01_1) but NOT the
  notebook (notebook.n.01_1): grasp or unload_from on it fails with
  CANNOT_LIFT, and getting closer does not change that. Only a robot with an
  arm can lift the notebook, so give that leg to an arm; this division of
  labour is what the task is built around.

THIS TEAM'S ROBOTS:
  - ridgeback_1: ARM, base LOCKS while holding (needs a carrier to move cargo)
  - jackal_1: CARRIER (no arm; navigate_to and wait only)
  - drone_1: DRONE (flies, carries what it holds; see the lift table)

WHO MAY LIFT WHAT (this activity):
  - notebook.n.01: arm

## 4. COOPERATION MODE: INDIVIDUAL
Every team plans for itself. No team sends or receives messages; you learn
what the other teams are doing only from what your robots see (a teammate of
another team in the listing, an object held by one of its robots). Do not
wait for others to speak. When another team already holds the cargo, give
your robots something else or wait.
---------------------------------- PROMPT / USER ----------------------------------
=== STEP 6914 ===

## 6. OBSERVATIONS -- TEAM team_1 (3 robots)

THE TEAM'S TASK (the same for every robot), in the ids it is written in:
  Move notebook.n.01_1, in this order, onto: the cabinet in the child's room, the bookcase in the kitchen. Move notebook.n.01_2, in this order, onto: the bookcase in the kitchen, the armchair in the dining room. Move notebook.n.01_3, in this order, onto: the armchair in the dining room, the coffee table in the living room. Move notebook.n.01_4, in this order, onto: the cabinet in the living room, the bed in the bedroom. Move notebook.n.01_5, in this order, onto: the cabinet in the bedroom, the bed in the child's room.
Route S1-M5: complete -- notebook.n.01_1 is at its destination.
Route S1-M3: complete -- notebook.n.01_2 is at its destination.
Route S1-M2, carry notebook.n.01_3 through these in order:
  it starts ontop(notebook.n.01_3, floor.n.01_2)
  NEXT  C1  ontop(notebook.n.01_3, armchair.n.01_1)
        D   ontop(notebook.n.01_3, coffee_table.n.01_1)
Route S1-M1: complete -- notebook.n.01_4 is at its destination.
Route S1-M4, carry notebook.n.01_5 through these in order:
  it starts ontop(notebook.n.01_5, floor.n.01_4)
  NEXT  C1  ontop(notebook.n.01_5, cabinet.n.01_3)
        D   ontop(notebook.n.01_5, bed.n.01_1)
A support reached out of order does not count, and nothing is lost by it: progress resumes when the NEXT one holds.

=== ROBOT ridgeback_1 ===
Step 6914/8000 | you are ridgeback_1 in bedroom_0 (a bedroom)
Rooms in this house (navigate_to any of them): bathroom_0, bedroom_0, childs_room_0, closet_0, closet_1, corridor_0, dining_room_0, empty_room_0, empty_room_1, kitchen_0, living_room_0, staircase_0
Holding: notebook.n.01_5 (notebook)  [your base is locked while loaded: no navigate_to]

bedroom_0:
  - bed.n.01_2  -> unreachable  [too far (2.8 m) -- and your base is locked while you hold notebook.n.01_5]
  - cabinet.n.01_3  -> unreachable  [too far (1.7 m) -- and your base is locked while you hold notebook.n.01_5]
  - floor.n.01_4  -> place_on_top  [places notebook.n.01_5]
  - jackal_1  (teammate)  [carrier, empty]  -> unreachable  [too far (3.5 m) -- and your base is locked]
  - jackal_3  (teammate)  [carrier, empty]  -> load_onto
  - notebook.n.01_4  -> unreachable  [too far (2.0 m) -- and your base is locked while you hold notebook.n.01_5]
  - notebook.n.01_5  held by ridgeback_1  -> release  [drops what you hold]
  - ridgeback_3  (teammate)  [base locks while holding]

Relations:
  ontop(bed.n.01_2, floor.n.01_4)
  ontop(cabinet.n.01_3, floor.n.01_4)
  ontop(jackal_1, floor.n.01_4)
  ontop(jackal_3, floor.n.01_4)
  ontop(notebook.n.01_4, bed.n.01_2)
  ontop(notebook.n.01_5, ridgeback_1)
  ontop(ridgeback_1, floor.n.01_4)
  ontop(ridgeback_3, floor.n.01_4)
  under(floor.n.01_4, bed.n.01_2)

=== ROBOT jackal_1 ===
Step 6914/8000 | you are jackal_1 in bedroom_0 (a bedroom)
Rooms in this house (navigate_to any of them): bathroom_0, bedroom_0, childs_room_0, closet_0, closet_1, corridor_0, dining_room_0, empty_room_0, empty_room_1, kitchen_0, living_room_0, staircase_0
Holding: nothing

bedroom_0:
  - bed.n.01_2  -> navigate_to
  - cabinet.n.01_3  -> unreachable, navigate_to  [2.5 m away]
  - floor.n.01_4  -> navigate_to
  - jackal_3  (teammate)  [carrier, empty]
  - notebook.n.01_4  -> unreachable, navigate_to  [1.7 m away]
  - notebook.n.01_5  held by ridgeback_1  -> unreachable, navigate_to  [3.7 m away]
  - ridgeback_1  (teammate)  [base locks while holding]
  - ridgeback_3  (teammate)  [base locks while holding]

Relations:
  ontop(bed.n.01_2, floor.n.01_4)
  ontop(cabinet.n.01_3, floor.n.01_4)
  ontop(jackal_1, floor.n.01_4)
  ontop(jackal_3, floor.n.01_4)
  ontop(notebook.n.01_4, bed.n.01_2)
  ontop(notebook.n.01_5, ridgeback_1)
  ontop(ridgeback_1, floor.n.01_4)
  ontop(ridgeback_3, floor.n.01_4)
  under(floor.n.01_4, bed.n.01_2)

=== ROBOT drone_1 ===
Step 6914/8000 | you are drone_1 (drone) in living_room_0 (a living room)
Rooms in this house (navigate_to any of them): bathroom_0, bedroom_0, childs_room_0, closet_0, closet_1, corridor_0, dining_room_0, empty_room_0, empty_room_1, kitchen_0, living_room_0, staircase_0
Holding: nothing

living_room_0:
  - cabinet.n.01_2  Open  -> unreachable, navigate_to  [3.2 m away]
  - coffee_table.n.01_1  -> grasp, navigate_to
  - drone_2  (teammate)  [drone]
  - drone_3  (teammate)  [drone]
  - floor.n.01_1  -> navigate_to

Relations:
  ontop(cabinet.n.01_2, floor.n.01_1)
  ontop(coffee_table.n.01_1, floor.n.01_1)

## 9. ACTION HISTORY AND FAILURES
--- ridgeback_1 ---
Its current plan: wait_for_team(team_1) [interrupted]
YOUR FINISHED PLANS (most recent last):
  #19 [FAILED] ontop(notebook.n.01_5, cabinet.n.01_3)
      plan: navigate_to(notebook.n.01_5) -> grasp(notebook.n.01_5) -> load_onto(jackal_1) -> wait(500) -> navigate_to(jackal_1) -> unload_from(jackal_1) -> place_on_top(cabinet.n.01_3)
      you chose it because: Ridgeback handles the notebook because it is the only arm, but transfers it to jackal immediately so its base lock does not prevent transport. After jackal reaches the bedroom cabinet, ridgeback unloads and places it.
      it failed because: grasp: An error occurred during each attempt of this action. Attempt 0: PRE_CONDITION_ERROR: notebook_154 is riding on jackal_3's back, so you cannot grasp it. Take it with unload_from(jackal_3) in...
  #20 [FAILED] ontop(notebook.n.01_5, cabinet.n.01_3)
      plan: wait(450) -> unload_from(jackal_3) -> load_onto(jackal_1) -> wait(500) -> navigate_to(jackal_1) -> unload_from(jackal_1) -> place_on_top(cabinet.n.01_3)
      you chose it because: Notebook 5 is already on jackal_3, so I first take it from that carrier, transfer it to our carrier jackal_1, then meet jackal_1 at the bedroom cabinet for final placement. The initial wait lets jackal_1 reach the bedroom before the transfer.
      it failed because: load_onto: PRE_CONDITION_ERROR: You are 3.51 m from jackal_1, too far to load onto it (you must be within 1.73 m). Navigate to it first.. Additional info: {'target object': 'jackal_1', 'distance': ...
  #22 [FAILED] ontop(notebook.n.01_5, cabinet.n.01_3)
      plan: unload_from(jackal_3) -> wait(400) -> load_onto(jackal_1) -> wait(300) -> unload_from(jackal_1) -> place_on_top(cabinet.n.01_3)
      you chose it because: Notebook 5 is already on jackal_3. I take it from that carrier, wait for jackal_1 to rendezvous at the bedroom floor, transfer it to jackal_1, then unload and place it on the cabinet without navigating while my base is locked.
      it failed because: unload_from: PRE_CONDITION_ERROR: Your gripper is already full.. Additional info: {'target object': 'jackal_3', 'reason_code': 'PRE_CONDITION_ERROR'}

--- jackal_1 ---
Its current plan: wait_for_team(team_1) [interrupted]
YOUR FINISHED PLANS (most recent last):
  #19 [FAILED] ontop(notebook.n.01_5, cabinet.n.01_3)
      plan: navigate_to(notebook.n.01_5) -> wait(500) -> navigate_to(cabinet.n.01_3) -> wait(500) -> place_on_top(cabinet.n.01_3)
      you chose it because: Jackal is assigned as the carrier: it first meets ridgeback at notebook.n.01_5 for loading, then transports the notebook to the bedroom cabinet and waits for ridgeback to perform the placement.
      it failed because: navigate_to: An error occurred during each attempt of this action. Attempt 0: PLANNING_ERROR: Cannot reach notebook_154: there is no free floor space around it to stand on (need a spot 0.7-1.3 m aw...
  #21 [FAILED] ontop(notebook.n.01_5, cabinet.n.01_3)
      plan: navigate_to(bedroom_0) -> wait(250) -> navigate_to(cabinet.n.01_3) -> wait(600) -> place_on_top(cabinet.n.01_3)
      you chose it because: I serve as the carrier: travel from the kitchen to the bedroom, remain available for ridgeback_1 to load notebook 5, then carry it to the bedroom cabinet and wait while ridgeback unloads and places it.
      it failed because: navigate_to: An error occurred during each attempt of this action. Attempt 0: PLANNING_ERROR: Cannot reach bottom_cabinet_jrhgeu_0: there is no free floor space around it to stand on (need a spot 1...
  #23 [FAILED] ontop(notebook.n.01_5, cabinet.n.01_3)
      plan: navigate_to(floor.n.01_4) -> wait(120) -> place_on_top(cabinet.n.01_3)
      you chose it because: I move to the reachable bedroom floor rendezvous point so ridgeback can load notebook 5 onto me; I then hold position while ridgeback unloads and places it on the cabinet.
      it failed because: place_on_top: An error occurred during each attempt of this action. Attempt 0: PRE_CONDITION_ERROR: You have no arm, so you cannot place onto. You can navigate_to and wait. Cargo is put on your bac...

--- drone_1 ---
Its current plan: ontop(notebook.n.01_5, cabinet.n.01_3) [success]
YOUR FINISHED PLANS (most recent last):
  #12 [DONE] ontop(notebook.n.01_3, coffee_table.n.01_1)
      plan: wait(120)
      you chose it because: The drone cannot lift notebooks, and notebook.n.01_3 is already being carried by another team's jackal, so it stays clear rather than contesting the object.
  #14 [DONE] ontop(notebook.n.01_5, cabinet.n.01_3)
      plan: wait(120) -> wait(120) -> wait(120) -> wait(120) -> wait(120) -> wait(120)
      you chose it because: The drone cannot lift notebooks and should not contest the carrier transfer, so it stays clear while ridgeback_1 and jackal_1 complete notebook 5.
  #15 [DONE] ontop(notebook.n.01_5, cabinet.n.01_3)
      plan: wait(600)
      you chose it because: The notebook is already assigned to ridgeback and the carriers. As a drone I cannot lift notebooks, so I stay clear while their transfer completes.

Return exactly 3 plans, one per robot, using each robot's own ids. Say in `reasoning` how you divided the work.
-------------------------------------- COMPLETION --------------------------------------
  plans:
    [1]
      agent_id: ridgeback_1
      task:
        task: Task.ONTOP
        object_type: notebook.n.01_5
        object_id: 1
        reference: cabinet.n.01_3
      actions:
        [1]
          action_type: wait
          ticks: 500
        [2]
          action_type: load_onto
          target: jackal_1
        [3]
          action_type: navigate_to
          target: cabinet.n.01_3
        [4]
          action_type: wait
          ticks: 400
        [5]
          action_type: unload_from
          target: jackal_1
        [6]
          action_type: place_on_top
          target: cabinet.n.01_3
      reasoning: Notebook 5 is currently in my gripper, so I wait for jackal_1 to reach the bedroom floor, load the notebook onto that carrier, move myself to the cabinet, then have the carrier rendezvous for unloading and final placement.
    [2]
      agent_id: jackal_1
      task:
        task: Task.ONTOP
        object_type: notebook.n.01_5
        object_id: 1
        reference: cabinet.n.01_3
      actions:
        [1]
          action_type: navigate_to
          target: floor.n.01_4
        [2]
          action_type: wait
          ticks: 600
        [3]
          action_type: navigate_to
          target: ridgeback_1
        [4]
          action_type: wait
          ticks: 500
      reasoning: I am the available carrier. I move to the standable bedroom floor so ridgeback_1 can load notebook 5, then follow it to the cabinet area and hold position for unloading.
    [3]
      agent_id: drone_1
      task:
        task: Task.ONTOP
        object_type: notebook.n.01_5
        object_id: 1
        reference: cabinet.n.01_3
      actions:
        [1]
          action_type: wait
          ticks: 120
        [2]
          action_type: wait
          ticks: 120
        [3]
          action_type: wait
          ticks: 120
        [4]
          action_type: wait
          ticks: 120
        [5]
          action_type: wait
          ticks: 120
      reasoning: The remaining active route is notebook 5, which the drone cannot lift. I stay clear while ridgeback_1 and jackal_1 perform the carrier transfer and placement.
  reasoning: Ridgeback_1 handles the arm-only notebook and final cabinet placement, while jackal_1 provides the required carrier because ridgeback's base locks when holding cargo. Drone_1 cannot lift notebooks and therefore waits without contesting the route.
====================================================================================================
#38  ridgeback_3  env_step 6974  t=928.577s  Team Plan Generation [team_3]
  usage: 7041 tokens (prompt 6611, completion 430)
---------------------------------- PROMPT / SYSTEM ----------------------------------
## 1. YOUR ROLE
You command TEAM 'team_3' -- 3 robots (ridgeback_3, jackal_3, drone_3) -- in a multi-agent
cooperative household task, alongside other teams doing the same. You are the
TEAM CONTROLLER: you are given all 3 robots' observations in one call and
answer with one plan per robot, in that same call.

- Divide the work. Two robots sent to the same object waste one of them: the
  loser burns the whole trip and its grasp fails with OBJECT_CLAIMED.
- Your robots start their plans together and you are not asked again until
  every one of them has finished. A robot that finishes early holds position
  and does nothing useful, so plans of wildly different lengths waste the
  short ones.
- Other teams are driven by their own controllers, not by you. You coordinate
  with them only through the messages quoted in this prompt.
- At the end of the prompt are each robot's last few plans, with their
  actions and how each ended, and the messages this team has sent and
  received. A plan that failed for a reason that still holds will fail the
  same way again, and a question you already asked has its answer in the
  record.

PLAN RESPONSE:
- Return a structured plan for EVERY robot listed above, one each, tagged with
  that robot's agent_id.
- Give each robot one task and at most 6 actions; 3-6 short
  executable actions are usually enough.
- Use exact item_id values from that robot's own section of the prompt.
- Say in the team-level `reasoning` how you divided the work between them.

## 2. ENVIRONMENT RULES
Your robots act through high-level primitives, not joint commands. Each one
takes many simulation steps: driving across a room costs 30 ticks per metre, so
distance is the main cost you control. None of them can see -- each is given a
symbolic description of the room it is standing in, and only that room, and
those descriptions are listed below one robot at a time.

Rules that decide whether an action succeeds:
- To grasp, place, open or toggle an object a robot must be closer to it than
  that object's own distance threshold; beyond it the action fails with TOO_FAR.
  Each object in a robot's room listing carries what that robot can do to it
  after "->", and a distance in metres ONLY when it is out of range -- no
  distance means that robot is already close enough to act on it now.
- An out-of-range object is marked "unreachable" and offers navigate_to and
  NOTHING else. No robot can grasp, place, open or toggle an unreachable
  object, however close it looks in the room listing: it must navigate_to it
  first.
- If a robot has nothing useful to do right now -- another robot is already
  handling the only target it could work on, or it is waiting on something to
  finish -- give it wait rather than acting anyway. wait holds its position for
  the number of ticks you give it, during which the others make progress.
- One object at a time per robot: grasp needs an empty gripper, place needs a
  full one.
- Objects are exclusive, including between your own robots. If anyone is
  holding something, a grasp for it fails with "held by <agent>". Sending two
  robots after one target costs the loser the whole trip for nothing.
- Some tasks are a route: THE TEAM'S TASK lists supports the cargo must rest on
  in order, marked done / NEXT. Only the NEXT support counts when the cargo is
  placed on it; a support reached out of order does not count and costs
  nothing -- progress resumes when NEXT holds. Progress is judged on where the
  cargo rests, not on what a robot intended.
- Every id in THE TEAM'S TASK is a valid navigate_to target for any robot from
  ANY room, even when it is not in that robot's listing: navigate_to(<that id>)
  drives it there, through the house, and its next listing shows that room.
  That is how a robot changes rooms. The cargo is where the task says it
  starts (or on the last support marked done) -- send a robot there; it will
  not be found where the robots stand.
- The line "Rooms in this house" names every room. navigate_to(<room name>)
  drives a robot to a free spot inside that room, so it can reach a room whose
  objects it cannot name yet, or go and look for something.
- Refer to objects only by the ids in that robot's own room listing, which are
  the objects in the room it is standing in. They look like apple.n.01_1. Never
  invent one, and never give one robot an id that appeared only under another
  robot -- it is in a room that robot cannot see.
- An entry marked "blocked" is in that room but currently unavailable -- the
  bracketed note says why.

When an action fails, that robot's plan is abandoned. You are told the failure
reason the next time you are asked -- read it before replanning: it tells you
whether that robot should wait, approach, or pick a different target.

## 3. ROBOT CAPABILITIES
Three kinds of robot. A robot's kind is on its own header ("(drone)") and on
its line in a teammate's listing ("[carrier, ...]", "[base locks while
holding]", "[drone]").

ARM -- a robot with a gripper: grasp, place_on_top, release, open/close,
toggle, load_onto, unload_from, navigate_to, wait.
- Some arms' bases LOCK while the gripper is loaded, and navigate_to then fails
  with BASE_LOCKED; such a robot cannot deliver what it picks up. Have it load
  the object onto a carrier robot with load_onto, let the carrier drive, and
  have an arm take it back at the far end with unload_from. Both actions name
  the *carrier* as their target and need the two robots within reach of each
  other. This is a division of labour, not a detour: it is why a task can need
  more than one of your robots.
- ONLY a robot marked [base locks while holding] needs a carrier. Any other
  robot that can grasp -- a drone, an unmarked arm -- carries what it holds by
  itself: grasp, navigate_to the support, place_on_top, done. A drone that can
  lift the cargo needs nobody: routing its cargo through a carrier and back is
  a detour that costs two extra actions and a round of waiting for nothing.
  Use the carrier for the base-locked robot's legs, and only for those.

CARRIER -- a robot with no arm: cargo rides on its back.
- A carrier and what it is carrying are ONE line in that robot's room listing:

    - agent_1  (teammate)  [carrier, carrying box.n.01_1]  -> unload_from

  The cargo has no line of its own and cannot be grasped where it sits.
  unload_from(agent_1) takes it off that carrier's back and into the acting
  robot's hand; load_onto(agent_1) puts what that robot holds onto it. Both
  name the carrier, both need the two robots within reach of each other, and
  unload_from is the only way to get cargo back.
- **A carrier has no arm**, so give it navigate_to and wait and nothing else:
  no grasp, no place, no release, no load_onto or unload_from -- those are done
  *to* it by a robot that does have a hand. Its own section lists its load on
  an "On your back:" line, and it cannot put that down itself. Its job is to
  drive to where an arm is waiting, which is the whole reason a task needs two
  of them.

DRONE -- flies, holds its load under a suction mount, and its base never locks:
it carries what it grasps by itself.
- What a drone may lift is limited. The drone cannot lift the notebook. A
  robot tagged [drone] can grasp and carry the die (die.n.01_1) but NOT the
  notebook (notebook.n.01_1): grasp or unload_from on it fails with
  CANNOT_LIFT, and getting closer does not change that. Only a robot with an
  arm can lift the notebook, so give that leg to an arm; this division of
  labour is what the task is built around.

THIS TEAM'S ROBOTS:
  - ridgeback_3: ARM, base LOCKS while holding (needs a carrier to move cargo)
  - jackal_3: CARRIER (no arm; navigate_to and wait only)
  - drone_3: DRONE (flies, carries what it holds; see the lift table)

WHO MAY LIFT WHAT (this activity):
  - notebook.n.01: arm

## 4. COOPERATION MODE: INDIVIDUAL
Every team plans for itself. No team sends or receives messages; you learn
what the other teams are doing only from what your robots see (a teammate of
another team in the listing, an object held by one of its robots). Do not
wait for others to speak. When another team already holds the cargo, give
your robots something else or wait.
---------------------------------- PROMPT / USER ----------------------------------
=== STEP 6974 ===

## 6. OBSERVATIONS -- TEAM team_3 (3 robots)

THE TEAM'S TASK (the same for every robot), in the ids it is written in:
  Move notebook.n.01_1, in this order, onto: the cabinet in the child's room, the bookcase in the kitchen. Move notebook.n.01_2, in this order, onto: the bookcase in the kitchen, the armchair in the dining room. Move notebook.n.01_3, in this order, onto: the armchair in the dining room, the coffee table in the living room. Move notebook.n.01_4, in this order, onto: the cabinet in the living room, the bed in the bedroom. Move notebook.n.01_5, in this order, onto: the cabinet in the bedroom, the bed in the child's room.
Route S1-M5: complete -- notebook.n.01_1 is at its destination.
Route S1-M3: complete -- notebook.n.01_2 is at its destination.
Route S1-M2, carry notebook.n.01_3 through these in order:
  it starts ontop(notebook.n.01_3, floor.n.01_2)
  NEXT  C1  ontop(notebook.n.01_3, armchair.n.01_1)
        D   ontop(notebook.n.01_3, coffee_table.n.01_1)
Route S1-M1: complete -- notebook.n.01_4 is at its destination.
Route S1-M4, carry notebook.n.01_5 through these in order:
  it starts ontop(notebook.n.01_5, floor.n.01_4)
  NEXT  C1  ontop(notebook.n.01_5, cabinet.n.01_3)
        D   ontop(notebook.n.01_5, bed.n.01_1)
A support reached out of order does not count, and nothing is lost by it: progress resumes when the NEXT one holds.

=== ROBOT ridgeback_3 ===
Step 6974/8000 | you are ridgeback_3 in bedroom_0 (a bedroom)
Rooms in this house (navigate_to any of them): bathroom_0, bedroom_0, childs_room_0, closet_0, closet_1, corridor_0, dining_room_0, empty_room_0, empty_room_1, kitchen_0, living_room_0, staircase_0
Holding: nothing

bedroom_0:
  - bed.n.01_2  -> grasp, navigate_to
  - cabinet.n.01_3  -> grasp, navigate_to, open  [Open is False]
  - floor.n.01_4  -> navigate_to
  - jackal_1  (teammate)  [carrier, empty]  -> navigate_to
  - jackal_3  (teammate)  [carrier, empty]  -> navigate_to
  - notebook.n.01_4  -> grasp, navigate_to
  - notebook.n.01_5  held by ridgeback_1  -> unreachable, navigate_to  [2.4 m away]
  - ridgeback_1  (teammate)  [base locks while holding]

Relations:
  ontop(bed.n.01_2, floor.n.01_4)
  ontop(cabinet.n.01_3, floor.n.01_4)
  ontop(jackal_1, floor.n.01_4)
  ontop(jackal_3, floor.n.01_4)
  ontop(notebook.n.01_4, bed.n.01_2)
  ontop(notebook.n.01_5, ridgeback_1)
  ontop(ridgeback_1, floor.n.01_4)
  ontop(ridgeback_3, floor.n.01_4)
  under(floor.n.01_4, bed.n.01_2)

=== ROBOT jackal_3 ===
Step 6974/8000 | you are jackal_3 in bedroom_0 (a bedroom)
Rooms in this house (navigate_to any of them): bathroom_0, bedroom_0, childs_room_0, closet_0, closet_1, corridor_0, dining_room_0, empty_room_0, empty_room_1, kitchen_0, living_room_0, staircase_0
Holding: nothing

bedroom_0:
  - bed.n.01_2  -> navigate_to
  - cabinet.n.01_3  -> navigate_to
  - floor.n.01_4  -> navigate_to
  - jackal_1  (teammate)  [carrier, empty]
  - notebook.n.01_4  -> navigate_to
  - notebook.n.01_5  held by ridgeback_1  -> unreachable, navigate_to  [1.4 m away]
  - ridgeback_1  (teammate)  [base locks while holding]
  - ridgeback_3  (teammate)  [base locks while holding]

Relations:
  ontop(bed.n.01_2, floor.n.01_4)
  ontop(cabinet.n.01_3, floor.n.01_4)
  ontop(jackal_1, floor.n.01_4)
  ontop(jackal_3, floor.n.01_4)
  ontop(notebook.n.01_4, bed.n.01_2)
  ontop(notebook.n.01_5, ridgeback_1)
  ontop(ridgeback_1, floor.n.01_4)
  ontop(ridgeback_3, floor.n.01_4)
  under(floor.n.01_4, bed.n.01_2)

=== ROBOT drone_3 ===
Step 6974/8000 | you are drone_3 (drone) in living_room_0 (a living room)
Rooms in this house (navigate_to any of them): bathroom_0, bedroom_0, childs_room_0, closet_0, closet_1, corridor_0, dining_room_0, empty_room_0, empty_room_1, kitchen_0, living_room_0, staircase_0
Holding: nothing

living_room_0:
  - cabinet.n.01_2  Open  -> unreachable, navigate_to  [2.6 m away]
  - coffee_table.n.01_1  -> grasp, navigate_to
  - drone_1  (teammate)  [drone]
  - drone_2  (teammate)  [drone]
  - floor.n.01_1  -> navigate_to

Relations:
  ontop(cabinet.n.01_2, floor.n.01_1)
  ontop(coffee_table.n.01_1, floor.n.01_1)

## 9. ACTION HISTORY AND FAILURES
--- ridgeback_3 ---
Its current plan: wait_for_team(team_3) [interrupted]
YOUR FINISHED PLANS (most recent last):
  #19 [FAILED] ontop(notebook.n.01_5, cabinet.n.01_3)
      plan: load_onto(jackal_3) -> wait(600) -> unload_from(jackal_3) -> navigate_to(cabinet.n.01_3) -> place_on_top(cabinet.n.01_3)
      you chose it because: Transfer the held notebook to jackal_3, which can carry it while ridgeback_3's base is locked. After jackal returns, unload, approach the cabinet, and place the notebook from within range.
      it failed because: navigate_to: An error occurred during each attempt of this action. Attempt 0: PRE_CONDITION_ERROR: You cannot drive while holding notebook_154: your base is locked whenever your arm is loaded. Put ...
  #20 [FAILED] ontop(notebook.n.01_5, cabinet.n.01_3)
      plan: load_onto(jackal_3) -> navigate_to(cabinet.n.01_3) -> wait(150) -> unload_from(jackal_3) -> place_on_top(cabinet.n.01_3)
      you chose it because: Transfer the notebook to jackal_3 to unlock the base, then independently meet the carrier at the cabinet and unload/place the notebook.
      it failed because: unload_from: PRE_CONDITION_ERROR: jackal_3 is not carrying anything.. Additional info: {'target object': 'jackal_3', 'reason_code': 'PRE_CONDITION_ERROR'}
  #22 [DONE] ontop(notebook.n.01_5, cabinet.n.01_3)
      plan: wait(600)
      you chose it because: notebook.n.01_5 is currently held by ridgeback_1 from another team, so do not compete or attempt a transfer; wait for the cargo to become available.

--- jackal_3 ---
Its current plan: wait_for_team(team_3) [interrupted]
YOUR FINISHED PLANS (most recent last):
  #17 [FAILED] ontop(notebook.n.01_5, cabinet.n.01_3)
      plan: wait(100) -> navigate_to(cabinet.n.01_3) -> wait(150) -> navigate_to(ridgeback_3) -> wait(200) -> place_on_top(cabinet.n.01_3)
      you chose it because: Remain beside ridgeback long enough for loading, carry the notebook to the required cabinet, then return to ridgeback and wait for unloading.
      it failed because: place_on_top: An error occurred during each attempt of this action. Attempt 0: PRE_CONDITION_ERROR: You have no arm, so you cannot place onto. You can navigate_to and wait. Cargo is put on your bac...
  #19 [FAILED] ontop(notebook.n.01_5, cabinet.n.01_3)
      plan: wait(100) -> navigate_to(cabinet.n.01_3) -> wait(150) -> place_on_top(cabinet.n.01_3)
      you chose it because: Remain beside ridgeback_3 long enough for loading, carry the notebook to the cabinet, and wait there for ridgeback_3 to unload it.
      it failed because: place_on_top: An error occurred during each attempt of this action. Attempt 0: PRE_CONDITION_ERROR: You have no arm, so you cannot place onto. You can navigate_to and wait. Cargo is put on your bac...
  #21 [DONE] ontop(notebook.n.01_5, cabinet.n.01_3)
      plan: wait(600)
      you chose it because: The active notebook is held by ridgeback_1, not available to jackal_3. Wait rather than making an unnecessary carrier trip.

--- drone_3 ---
Its current plan: ontop(notebook.n.01_5, cabinet.n.01_3) [success]
YOUR FINISHED PLANS (most recent last):
  #14 [DONE] ontop(notebook.n.01_5, cabinet.n.01_3)
      plan: wait(600)
      you chose it because: The active cargo is a notebook, which drone_3 cannot lift. Wait without competing while the arm and carrier complete the transfer.
  #16 [DONE] ontop(notebook.n.01_5, cabinet.n.01_3)
      plan: wait(400)
      you chose it because: The active cargo is a notebook, which the drone cannot lift; wait while ridgeback_3 and jackal_3 perform the arm-and-carrier transfer.
  #17 [DONE] ontop(notebook.n.01_5, cabinet.n.01_3)
      plan: wait(600)
      you chose it because: drone_3 cannot lift notebooks, and notebook.n.01_5 is already held by ridgeback_1. It waits while the arm-and-carrier work is resolved.

Return exactly 3 plans, one per robot, using each robot's own ids. Say in `reasoning` how you divided the work.
-------------------------------------- COMPLETION --------------------------------------
  plans:
    [1]
      agent_id: ridgeback_3
      task:
        task: Task.ONTOP
        object_type: notebook.n.01_5
        object_id: 1
        reference: cabinet.n.01_3
      actions:
        [1]
          action_type: wait
          ticks: 600
      reasoning: The active notebook is held by ridgeback_1 from another team, so ridgeback_3 must wait rather than competing or attempting a failed transfer.
    [2]
      agent_id: jackal_3
      task:
        task: Task.ONTOP
        object_type: notebook.n.01_5
        object_id: 1
        reference: cabinet.n.01_3
      actions:
        [1]
          action_type: wait
          ticks: 600
      reasoning: Notebook.n.01_5 remains unavailable in ridgeback_1's grip; jackal_3 should avoid an unnecessary carrier trip and wait.
    [3]
      agent_id: drone_3
      task:
        task: Task.ONTOP
        object_type: notebook.n.01_5
        object_id: 1
        reference: cabinet.n.01_3
      actions:
        [1]
          action_type: wait
          ticks: 600
      reasoning: Drone_3 cannot lift notebooks, and the active notebook is already held by another team's arm, so it waits.
  reasoning: All three robots wait because notebook.n.01_5 is currently held by ridgeback_1 from another team and is unavailable. The notebook also requires an arm plus carrier, while drone_3 cannot lift it; competing would waste trips and fail.
====================================================================================================
#39  ridgeback_2  env_step 7300  t=957.687s  Team Plan Generation [team_2]
  usage: 8179 tokens (prompt 6743, completion 1436)
---------------------------------- PROMPT / SYSTEM ----------------------------------
## 1. YOUR ROLE
You command TEAM 'team_2' -- 3 robots (ridgeback_2, jackal_2, drone_2) -- in a multi-agent
cooperative household task, alongside other teams doing the same. You are the
TEAM CONTROLLER: you are given all 3 robots' observations in one call and
answer with one plan per robot, in that same call.

- Divide the work. Two robots sent to the same object waste one of them: the
  loser burns the whole trip and its grasp fails with OBJECT_CLAIMED.
- Your robots start their plans together and you are not asked again until
  every one of them has finished. A robot that finishes early holds position
  and does nothing useful, so plans of wildly different lengths waste the
  short ones.
- Other teams are driven by their own controllers, not by you. You coordinate
  with them only through the messages quoted in this prompt.
- At the end of the prompt are each robot's last few plans, with their
  actions and how each ended, and the messages this team has sent and
  received. A plan that failed for a reason that still holds will fail the
  same way again, and a question you already asked has its answer in the
  record.

PLAN RESPONSE:
- Return a structured plan for EVERY robot listed above, one each, tagged with
  that robot's agent_id.
- Give each robot one task and at most 6 actions; 3-6 short
  executable actions are usually enough.
- Use exact item_id values from that robot's own section of the prompt.
- Say in the team-level `reasoning` how you divided the work between them.

## 2. ENVIRONMENT RULES
Your robots act through high-level primitives, not joint commands. Each one
takes many simulation steps: driving across a room costs 30 ticks per metre, so
distance is the main cost you control. None of them can see -- each is given a
symbolic description of the room it is standing in, and only that room, and
those descriptions are listed below one robot at a time.

Rules that decide whether an action succeeds:
- To grasp, place, open or toggle an object a robot must be closer to it than
  that object's own distance threshold; beyond it the action fails with TOO_FAR.
  Each object in a robot's room listing carries what that robot can do to it
  after "->", and a distance in metres ONLY when it is out of range -- no
  distance means that robot is already close enough to act on it now.
- An out-of-range object is marked "unreachable" and offers navigate_to and
  NOTHING else. No robot can grasp, place, open or toggle an unreachable
  object, however close it looks in the room listing: it must navigate_to it
  first.
- If a robot has nothing useful to do right now -- another robot is already
  handling the only target it could work on, or it is waiting on something to
  finish -- give it wait rather than acting anyway. wait holds its position for
  the number of ticks you give it, during which the others make progress.
- One object at a time per robot: grasp needs an empty gripper, place needs a
  full one.
- Objects are exclusive, including between your own robots. If anyone is
  holding something, a grasp for it fails with "held by <agent>". Sending two
  robots after one target costs the loser the whole trip for nothing.
- Some tasks are a route: THE TEAM'S TASK lists supports the cargo must rest on
  in order, marked done / NEXT. Only the NEXT support counts when the cargo is
  placed on it; a support reached out of order does not count and costs
  nothing -- progress resumes when NEXT holds. Progress is judged on where the
  cargo rests, not on what a robot intended.
- Every id in THE TEAM'S TASK is a valid navigate_to target for any robot from
  ANY room, even when it is not in that robot's listing: navigate_to(<that id>)
  drives it there, through the house, and its next listing shows that room.
  That is how a robot changes rooms. The cargo is where the task says it
  starts (or on the last support marked done) -- send a robot there; it will
  not be found where the robots stand.
- The line "Rooms in this house" names every room. navigate_to(<room name>)
  drives a robot to a free spot inside that room, so it can reach a room whose
  objects it cannot name yet, or go and look for something.
- Refer to objects only by the ids in that robot's own room listing, which are
  the objects in the room it is standing in. They look like apple.n.01_1. Never
  invent one, and never give one robot an id that appeared only under another
  robot -- it is in a room that robot cannot see.
- An entry marked "blocked" is in that room but currently unavailable -- the
  bracketed note says why.

When an action fails, that robot's plan is abandoned. You are told the failure
reason the next time you are asked -- read it before replanning: it tells you
whether that robot should wait, approach, or pick a different target.

## 3. ROBOT CAPABILITIES
Three kinds of robot. A robot's kind is on its own header ("(drone)") and on
its line in a teammate's listing ("[carrier, ...]", "[base locks while
holding]", "[drone]").

ARM -- a robot with a gripper: grasp, place_on_top, release, open/close,
toggle, load_onto, unload_from, navigate_to, wait.
- Some arms' bases LOCK while the gripper is loaded, and navigate_to then fails
  with BASE_LOCKED; such a robot cannot deliver what it picks up. Have it load
  the object onto a carrier robot with load_onto, let the carrier drive, and
  have an arm take it back at the far end with unload_from. Both actions name
  the *carrier* as their target and need the two robots within reach of each
  other. This is a division of labour, not a detour: it is why a task can need
  more than one of your robots.
- ONLY a robot marked [base locks while holding] needs a carrier. Any other
  robot that can grasp -- a drone, an unmarked arm -- carries what it holds by
  itself: grasp, navigate_to the support, place_on_top, done. A drone that can
  lift the cargo needs nobody: routing its cargo through a carrier and back is
  a detour that costs two extra actions and a round of waiting for nothing.
  Use the carrier for the base-locked robot's legs, and only for those.

CARRIER -- a robot with no arm: cargo rides on its back.
- A carrier and what it is carrying are ONE line in that robot's room listing:

    - agent_1  (teammate)  [carrier, carrying box.n.01_1]  -> unload_from

  The cargo has no line of its own and cannot be grasped where it sits.
  unload_from(agent_1) takes it off that carrier's back and into the acting
  robot's hand; load_onto(agent_1) puts what that robot holds onto it. Both
  name the carrier, both need the two robots within reach of each other, and
  unload_from is the only way to get cargo back.
- **A carrier has no arm**, so give it navigate_to and wait and nothing else:
  no grasp, no place, no release, no load_onto or unload_from -- those are done
  *to* it by a robot that does have a hand. Its own section lists its load on
  an "On your back:" line, and it cannot put that down itself. Its job is to
  drive to where an arm is waiting, which is the whole reason a task needs two
  of them.

DRONE -- flies, holds its load under a suction mount, and its base never locks:
it carries what it grasps by itself.
- What a drone may lift is limited. The drone cannot lift the notebook. A
  robot tagged [drone] can grasp and carry the die (die.n.01_1) but NOT the
  notebook (notebook.n.01_1): grasp or unload_from on it fails with
  CANNOT_LIFT, and getting closer does not change that. Only a robot with an
  arm can lift the notebook, so give that leg to an arm; this division of
  labour is what the task is built around.

THIS TEAM'S ROBOTS:
  - ridgeback_2: ARM, base LOCKS while holding (needs a carrier to move cargo)
  - jackal_2: CARRIER (no arm; navigate_to and wait only)
  - drone_2: DRONE (flies, carries what it holds; see the lift table)

WHO MAY LIFT WHAT (this activity):
  - notebook.n.01: arm

## 4. COOPERATION MODE: INDIVIDUAL
Every team plans for itself. No team sends or receives messages; you learn
what the other teams are doing only from what your robots see (a teammate of
another team in the listing, an object held by one of its robots). Do not
wait for others to speak. When another team already holds the cargo, give
your robots something else or wait.
---------------------------------- PROMPT / USER ----------------------------------
=== STEP 7300 ===

## 6. OBSERVATIONS -- TEAM team_2 (3 robots)

THE TEAM'S TASK (the same for every robot), in the ids it is written in:
  Move notebook.n.01_1, in this order, onto: the cabinet in the child's room, the bookcase in the kitchen. Move notebook.n.01_2, in this order, onto: the bookcase in the kitchen, the armchair in the dining room. Move notebook.n.01_3, in this order, onto: the armchair in the dining room, the coffee table in the living room. Move notebook.n.01_4, in this order, onto: the cabinet in the living room, the bed in the bedroom. Move notebook.n.01_5, in this order, onto: the cabinet in the bedroom, the bed in the child's room.
Route S1-M5: complete -- notebook.n.01_1 is at its destination.
Route S1-M3: complete -- notebook.n.01_2 is at its destination.
Route S1-M2, carry notebook.n.01_3 through these in order:
  it starts ontop(notebook.n.01_3, floor.n.01_2)
  NEXT  C1  ontop(notebook.n.01_3, armchair.n.01_1)
        D   ontop(notebook.n.01_3, coffee_table.n.01_1)
Route S1-M1: complete -- notebook.n.01_4 is at its destination.
Route S1-M4, carry notebook.n.01_5 through these in order:
  it starts ontop(notebook.n.01_5, floor.n.01_4)
  NEXT  C1  ontop(notebook.n.01_5, cabinet.n.01_3)
        D   ontop(notebook.n.01_5, bed.n.01_1)
A support reached out of order does not count, and nothing is lost by it: progress resumes when the NEXT one holds.

=== ROBOT ridgeback_2 ===
Step 7300/8000 | you are ridgeback_2 in dining_room_0 (a dining room)
Rooms in this house (navigate_to any of them): bathroom_0, bedroom_0, childs_room_0, closet_0, closet_1, corridor_0, dining_room_0, empty_room_0, empty_room_1, kitchen_0, living_room_0, staircase_0
Holding: nothing

dining_room_0:
  - armchair.n.01_1  -> unreachable, navigate_to  [1.9 m away]
  - breakfast_table.n.01_1  -> grasp, navigate_to
  - floor.n.01_2  -> navigate_to
  - jackal_2  (teammate)  [carrier, carrying notebook.n.01_3]  -> unreachable, navigate_to  [1.9 m away]
  - notebook.n.01_2  -> unreachable, navigate_to  [2.2 m away]

Relations:
  ontop(armchair.n.01_1, floor.n.01_2)
  ontop(breakfast_table.n.01_1, floor.n.01_2)
  ontop(jackal_2, floor.n.01_2)
  ontop(notebook.n.01_2, floor.n.01_2)
  ontop(ridgeback_2, floor.n.01_2)
  under(floor.n.01_2, breakfast_table.n.01_1)
  under(jackal_2, notebook.n.01_3)

=== ROBOT jackal_2 ===
Step 7300/8000 | you are jackal_2 in dining_room_0 (a dining room)
Rooms in this house (navigate_to any of them): bathroom_0, bedroom_0, childs_room_0, closet_0, closet_1, corridor_0, dining_room_0, empty_room_0, empty_room_1, kitchen_0, living_room_0, staircase_0
On your back: notebook.n.01_3
Holding: nothing

dining_room_0:
  - armchair.n.01_1  -> navigate_to
  - breakfast_table.n.01_1  -> navigate_to
  - floor.n.01_2  -> navigate_to
  - notebook.n.01_2  -> navigate_to
  - ridgeback_2  (teammate)  [base locks while holding]

Relations:
  ontop(armchair.n.01_1, floor.n.01_2)
  ontop(breakfast_table.n.01_1, floor.n.01_2)
  ontop(jackal_2, floor.n.01_2)
  ontop(notebook.n.01_2, floor.n.01_2)
  ontop(ridgeback_2, floor.n.01_2)
  under(floor.n.01_2, breakfast_table.n.01_1)
  under(jackal_2, notebook.n.01_3)

=== ROBOT drone_2 ===
Step 7300/8000 | you are drone_2 (drone) in living_room_0 (a living room)
Rooms in this house (navigate_to any of them): bathroom_0, bedroom_0, childs_room_0, closet_0, closet_1, corridor_0, dining_room_0, empty_room_0, empty_room_1, kitchen_0, living_room_0, staircase_0
Holding: nothing

living_room_0:
  - cabinet.n.01_2  Open  -> unreachable, navigate_to  [2.1 m away]
  - coffee_table.n.01_1  -> unreachable, navigate_to  [1.9 m away]
  - drone_1  (teammate)  [drone]
  - drone_3  (teammate)  [drone]
  - floor.n.01_1  -> navigate_to

Relations:
  ontop(cabinet.n.01_2, floor.n.01_1)
  ontop(coffee_table.n.01_1, floor.n.01_1)

## 9. ACTION HISTORY AND FAILURES
--- ridgeback_2 ---
Its current plan: wait_for_team(team_2) [interrupted]
YOUR FINISHED PLANS (most recent last):
  #17 [FAILED] ontop(notebook.n.01_3, armchair.n.01_1)
      plan: wait(450) -> navigate_to(jackal_2) -> unload_from(jackal_2) -> place_on_top(armchair.n.01_1)
      you chose it because: I handle the arm-required transfer of notebook.n.01_3. Jackal carries it to the dining room; I wait for that trip, approach the carrier directly, and unload at a close rendezvous. Placement on the armchair will be staged after the next room observation.
      it failed because: navigate_to: PLANNING_ERROR: Cannot reach jackal_2: there is no free floor space around it to stand on (need a spot 0.9-1.5 m away, clear of walls, furniture and other agents). Another agent may al...
  #19 [FAILED] ontop(notebook.n.01_3, armchair.n.01_1)
      plan: navigate_to(dining_room_0) -> unload_from(jackal_2) -> place_on_top(armchair.n.01_1)
      you chose it because: I handle the arm-required transfer of notebook.n.01_3. I move into the dining room while jackal_2 positions the carrier at the room's floor rendezvous, then unload the notebook; placement on the armchair will follow once the armchair is visible in my next observation.
      it failed because: unload_from: PRE_CONDITION_ERROR: You are 1.95 m from jackal_2, too far to unload from it (you must be within 1.74 m). Navigate to it first.. Additional info: {'target object': 'jackal_2', 'distanc...
  #21 [FAILED] ontop(notebook.n.01_3, armchair.n.01_1)
      plan: wait(120) -> navigate_to(armchair.n.01_1) -> unload_from(jackal_2) -> place_on_top(armchair.n.01_1)
      you chose it because: I handle the arm-required placement. Jackal moves the loaded notebook to the armchair first; I approach the armchair after it arrives, unload within reach, and place notebook.n.01_3 on the current NEXT support.
      it failed because: navigate_to: An error occurred during each attempt of this action. Attempt 0: PLANNING_ERROR: Cannot reach armchair_qplklw_2: there is no free floor space around it to stand on (need a spot 0.9-1.5...

--- jackal_2 ---
Its current plan: wait_for_team(team_2) [interrupted]
YOUR FINISHED PLANS (most recent last):
  #18 [FAILED] ontop(notebook.n.01_3, armchair.n.01_1)
      plan: navigate_to(dining_room_0) -> wait(550) -> place_on_top(armchair.n.01_1)
      you chose it because: I exclusively carry notebook.n.01_3 to the dining room. I use the room target rather than the obstructed armchair target, then hold position so ridgeback_2 can navigate to me and unload the notebook.
      it failed because: place_on_top: An error occurred during each attempt of this action. Attempt 0: PRE_CONDITION_ERROR: You have no arm, so you cannot place onto. You can navigate_to and wait. Cargo is put on your bac...
  #19 [FAILED] ontop(notebook.n.01_3, armchair.n.01_1)
      plan: navigate_to(floor.n.01_2) -> wait(500) -> place_on_top(armchair.n.01_1)
      you chose it because: I remain the carrier for notebook.n.01_3 and move to the dining-room floor rendezvous so ridgeback_2 can approach and unload it. I do not attempt placement because carriers have no arm.
      it failed because: place_on_top: An error occurred during each attempt of this action. Attempt 0: PRE_CONDITION_ERROR: You have no arm, so you cannot place onto. You can navigate_to and wait. Cargo is put on your bac...
  #21 [FAILED] ontop(notebook.n.01_3, armchair.n.01_1)
      plan: navigate_to(armchair.n.01_1) -> wait(400) -> place_on_top(armchair.n.01_1)
      you chose it because: I am the carrier and already have notebook.n.01_3, so I transport it to the dining-room armchair and hold position for ridgeback_2 to unload it. I do not attempt placement because carriers have no arm.
      it failed because: navigate_to: An error occurred during each attempt of this action. Attempt 0: PLANNING_ERROR: Cannot reach armchair_qplklw_2: there is no free floor space around it to stand on (need a spot 1.1-1.7...

--- drone_2 ---
Its current plan: ontop(notebook.n.01_3, armchair.n.01_1) [success]
YOUR FINISHED PLANS (most recent last):
  #15 [DONE] ontop(notebook.n.01_3, armchair.n.01_1)
      plan: wait(600)
      you chose it because: I cannot lift notebooks, and ridgeback_2 plus jackal_2 are already exclusively handling notebook.n.01_3. I wait without competing or wasting a trip while they complete the carrier rendezvous.
  #17 [DONE] ontop(notebook.n.01_3, armchair.n.01_1)
      plan: wait(600)
      you chose it because: I cannot lift notebooks, and ridgeback_2 plus jackal_2 exclusively handle the current notebook route, so I wait without competing for the cargo.
  #18 [DONE] ontop(notebook.n.01_3, armchair.n.01_1)
      plan: wait(600)
      you chose it because: I cannot lift notebooks, and ridgeback_2 with jackal_2 exclusively handles the current notebook route. I wait without competing for the cargo.

Return exactly 3 plans, one per robot, using each robot's own ids. Say in `reasoning` how you divided the work.
-------------------------------------- COMPLETION --------------------------------------
  plans:
    [1]
      agent_id: ridgeback_2
      task:
        task: Task.ONTOP
        object_type: notebook.n.01_3
        object_id: 1
        reference: armchair.n.01_1
      actions:
        [1]
          action_type: navigate_to
          target: floor.n.01_2
        [2]
          action_type: unload_from
          target: jackal_2
        [3]
          action_type: place_on_top
          target: armchair.n.01_1
      reasoning: I handle the arm-required transfer. I reposition to the dining-room floor rendezvous, unload notebook.n.01_3 from jackal_2 once it is nearby, then place it on the current NEXT support, armchair.n.01_1.
    [2]
      agent_id: jackal_2
      task:
        task: Task.ONTOP
        object_type: notebook.n.01_3
        object_id: 1
        reference: armchair.n.01_1
      actions:
        [1]
          action_type: navigate_to
          target: floor.n.01_2
        [2]
          action_type: wait
          ticks: 500
      reasoning: I carry notebook.n.01_3 and move to the clear floor rendezvous rather than the obstructed armchair. I then hold position so ridgeback_2 can approach and unload it.
    [3]
      agent_id: drone_2
      task:
        task: Task.ONTOP
        object_type: notebook.n.01_3
        object_id: 1
        reference: armchair.n.01_1
      actions:
        [1]
          action_type: wait
          ticks: 600
      reasoning: I cannot lift notebooks, and ridgeback_2 with jackal_2 exclusively handles this notebook route, so I wait without competing for the cargo.
  reasoning: ridgeback_2 performs the arm-only unload and placement, while jackal_2 repositions the loaded carrier to a clear floor rendezvous. drone_2 waits because it cannot lift the notebook and has no useful role in this route.
====================================================================================================
#40  ridgeback_3  env_step 7575  t=988.602s  Team Plan Generation [team_3]
  usage: 7903 tokens (prompt 6368, completion 1535)
---------------------------------- PROMPT / SYSTEM ----------------------------------
## 1. YOUR ROLE
You command TEAM 'team_3' -- 3 robots (ridgeback_3, jackal_3, drone_3) -- in a multi-agent
cooperative household task, alongside other teams doing the same. You are the
TEAM CONTROLLER: you are given all 3 robots' observations in one call and
answer with one plan per robot, in that same call.

- Divide the work. Two robots sent to the same object waste one of them: the
  loser burns the whole trip and its grasp fails with OBJECT_CLAIMED.
- Your robots start their plans together and you are not asked again until
  every one of them has finished. A robot that finishes early holds position
  and does nothing useful, so plans of wildly different lengths waste the
  short ones.
- Other teams are driven by their own controllers, not by you. You coordinate
  with them only through the messages quoted in this prompt.
- At the end of the prompt are each robot's last few plans, with their
  actions and how each ended, and the messages this team has sent and
  received. A plan that failed for a reason that still holds will fail the
  same way again, and a question you already asked has its answer in the
  record.

PLAN RESPONSE:
- Return a structured plan for EVERY robot listed above, one each, tagged with
  that robot's agent_id.
- Give each robot one task and at most 6 actions; 3-6 short
  executable actions are usually enough.
- Use exact item_id values from that robot's own section of the prompt.
- Say in the team-level `reasoning` how you divided the work between them.

## 2. ENVIRONMENT RULES
Your robots act through high-level primitives, not joint commands. Each one
takes many simulation steps: driving across a room costs 30 ticks per metre, so
distance is the main cost you control. None of them can see -- each is given a
symbolic description of the room it is standing in, and only that room, and
those descriptions are listed below one robot at a time.

Rules that decide whether an action succeeds:
- To grasp, place, open or toggle an object a robot must be closer to it than
  that object's own distance threshold; beyond it the action fails with TOO_FAR.
  Each object in a robot's room listing carries what that robot can do to it
  after "->", and a distance in metres ONLY when it is out of range -- no
  distance means that robot is already close enough to act on it now.
- An out-of-range object is marked "unreachable" and offers navigate_to and
  NOTHING else. No robot can grasp, place, open or toggle an unreachable
  object, however close it looks in the room listing: it must navigate_to it
  first.
- If a robot has nothing useful to do right now -- another robot is already
  handling the only target it could work on, or it is waiting on something to
  finish -- give it wait rather than acting anyway. wait holds its position for
  the number of ticks you give it, during which the others make progress.
- One object at a time per robot: grasp needs an empty gripper, place needs a
  full one.
- Objects are exclusive, including between your own robots. If anyone is
  holding something, a grasp for it fails with "held by <agent>". Sending two
  robots after one target costs the loser the whole trip for nothing.
- Some tasks are a route: THE TEAM'S TASK lists supports the cargo must rest on
  in order, marked done / NEXT. Only the NEXT support counts when the cargo is
  placed on it; a support reached out of order does not count and costs
  nothing -- progress resumes when NEXT holds. Progress is judged on where the
  cargo rests, not on what a robot intended.
- Every id in THE TEAM'S TASK is a valid navigate_to target for any robot from
  ANY room, even when it is not in that robot's listing: navigate_to(<that id>)
  drives it there, through the house, and its next listing shows that room.
  That is how a robot changes rooms. The cargo is where the task says it
  starts (or on the last support marked done) -- send a robot there; it will
  not be found where the robots stand.
- The line "Rooms in this house" names every room. navigate_to(<room name>)
  drives a robot to a free spot inside that room, so it can reach a room whose
  objects it cannot name yet, or go and look for something.
- Refer to objects only by the ids in that robot's own room listing, which are
  the objects in the room it is standing in. They look like apple.n.01_1. Never
  invent one, and never give one robot an id that appeared only under another
  robot -- it is in a room that robot cannot see.
- An entry marked "blocked" is in that room but currently unavailable -- the
  bracketed note says why.

When an action fails, that robot's plan is abandoned. You are told the failure
reason the next time you are asked -- read it before replanning: it tells you
whether that robot should wait, approach, or pick a different target.

## 3. ROBOT CAPABILITIES
Three kinds of robot. A robot's kind is on its own header ("(drone)") and on
its line in a teammate's listing ("[carrier, ...]", "[base locks while
holding]", "[drone]").

ARM -- a robot with a gripper: grasp, place_on_top, release, open/close,
toggle, load_onto, unload_from, navigate_to, wait.
- Some arms' bases LOCK while the gripper is loaded, and navigate_to then fails
  with BASE_LOCKED; such a robot cannot deliver what it picks up. Have it load
  the object onto a carrier robot with load_onto, let the carrier drive, and
  have an arm take it back at the far end with unload_from. Both actions name
  the *carrier* as their target and need the two robots within reach of each
  other. This is a division of labour, not a detour: it is why a task can need
  more than one of your robots.
- ONLY a robot marked [base locks while holding] needs a carrier. Any other
  robot that can grasp -- a drone, an unmarked arm -- carries what it holds by
  itself: grasp, navigate_to the support, place_on_top, done. A drone that can
  lift the cargo needs nobody: routing its cargo through a carrier and back is
  a detour that costs two extra actions and a round of waiting for nothing.
  Use the carrier for the base-locked robot's legs, and only for those.

CARRIER -- a robot with no arm: cargo rides on its back.
- A carrier and what it is carrying are ONE line in that robot's room listing:

    - agent_1  (teammate)  [carrier, carrying box.n.01_1]  -> unload_from

  The cargo has no line of its own and cannot be grasped where it sits.
  unload_from(agent_1) takes it off that carrier's back and into the acting
  robot's hand; load_onto(agent_1) puts what that robot holds onto it. Both
  name the carrier, both need the two robots within reach of each other, and
  unload_from is the only way to get cargo back.
- **A carrier has no arm**, so give it navigate_to and wait and nothing else:
  no grasp, no place, no release, no load_onto or unload_from -- those are done
  *to* it by a robot that does have a hand. Its own section lists its load on
  an "On your back:" line, and it cannot put that down itself. Its job is to
  drive to where an arm is waiting, which is the whole reason a task needs two
  of them.

DRONE -- flies, holds its load under a suction mount, and its base never locks:
it carries what it grasps by itself.
- What a drone may lift is limited. The drone cannot lift the notebook. A
  robot tagged [drone] can grasp and carry the die (die.n.01_1) but NOT the
  notebook (notebook.n.01_1): grasp or unload_from on it fails with
  CANNOT_LIFT, and getting closer does not change that. Only a robot with an
  arm can lift the notebook, so give that leg to an arm; this division of
  labour is what the task is built around.

THIS TEAM'S ROBOTS:
  - ridgeback_3: ARM, base LOCKS while holding (needs a carrier to move cargo)
  - jackal_3: CARRIER (no arm; navigate_to and wait only)
  - drone_3: DRONE (flies, carries what it holds; see the lift table)

WHO MAY LIFT WHAT (this activity):
  - notebook.n.01: arm

## 4. COOPERATION MODE: INDIVIDUAL
Every team plans for itself. No team sends or receives messages; you learn
what the other teams are doing only from what your robots see (a teammate of
another team in the listing, an object held by one of its robots). Do not
wait for others to speak. When another team already holds the cargo, give
your robots something else or wait.
---------------------------------- PROMPT / USER ----------------------------------
=== STEP 7575 ===

## 6. OBSERVATIONS -- TEAM team_3 (3 robots)

THE TEAM'S TASK (the same for every robot), in the ids it is written in:
  Move notebook.n.01_1, in this order, onto: the cabinet in the child's room, the bookcase in the kitchen. Move notebook.n.01_2, in this order, onto: the bookcase in the kitchen, the armchair in the dining room. Move notebook.n.01_3, in this order, onto: the armchair in the dining room, the coffee table in the living room. Move notebook.n.01_4, in this order, onto: the cabinet in the living room, the bed in the bedroom. Move notebook.n.01_5, in this order, onto: the cabinet in the bedroom, the bed in the child's room.
Route S1-M5: complete -- notebook.n.01_1 is at its destination.
Route S1-M3: complete -- notebook.n.01_2 is at its destination.
Route S1-M2, carry notebook.n.01_3 through these in order:
  it starts ontop(notebook.n.01_3, floor.n.01_2)
  NEXT  C1  ontop(notebook.n.01_3, armchair.n.01_1)
        D   ontop(notebook.n.01_3, coffee_table.n.01_1)
Route S1-M1: complete -- notebook.n.01_4 is at its destination.
Route S1-M4, carry notebook.n.01_5 through these in order:
  it starts ontop(notebook.n.01_5, floor.n.01_4)
  NEXT  C1  ontop(notebook.n.01_5, cabinet.n.01_3)
        D   ontop(notebook.n.01_5, bed.n.01_1)
A support reached out of order does not count, and nothing is lost by it: progress resumes when the NEXT one holds.

=== ROBOT ridgeback_3 ===
Step 7575/8000 | you are ridgeback_3 in bedroom_0 (a bedroom)
Rooms in this house (navigate_to any of them): bathroom_0, bedroom_0, childs_room_0, closet_0, closet_1, corridor_0, dining_room_0, empty_room_0, empty_room_1, kitchen_0, living_room_0, staircase_0
Holding: nothing

bedroom_0:
  - bed.n.01_2  -> grasp, navigate_to
  - cabinet.n.01_3  -> grasp, navigate_to, open  [Open is False]
  - floor.n.01_4  -> navigate_to
  - jackal_1  (teammate)  [carrier, carrying notebook.n.01_5]  -> unreachable, navigate_to  [1.9 m away]
  - jackal_3  (teammate)  [carrier, empty]  -> navigate_to
  - notebook.n.01_4  -> grasp, navigate_to
  - ridgeback_1  (teammate)  [base locks while holding]

Relations:
  ontop(bed.n.01_2, floor.n.01_4)
  ontop(cabinet.n.01_3, floor.n.01_4)
  ontop(jackal_1, floor.n.01_4)
  ontop(jackal_3, floor.n.01_4)
  ontop(notebook.n.01_4, bed.n.01_2)
  ontop(ridgeback_1, floor.n.01_4)
  ontop(ridgeback_3, floor.n.01_4)
  under(floor.n.01_4, bed.n.01_2)
  under(jackal_1, notebook.n.01_5)

=== ROBOT jackal_3 ===
Step 7575/8000 | you are jackal_3 in bedroom_0 (a bedroom)
Rooms in this house (navigate_to any of them): bathroom_0, bedroom_0, childs_room_0, closet_0, closet_1, corridor_0, dining_room_0, empty_room_0, empty_room_1, kitchen_0, living_room_0, staircase_0
Holding: nothing

bedroom_0:
  - bed.n.01_2  -> navigate_to
  - cabinet.n.01_3  -> navigate_to
  - floor.n.01_4  -> navigate_to
  - jackal_1  (teammate)  [carrier, carrying notebook.n.01_5]
  - notebook.n.01_4  -> navigate_to
  - ridgeback_1  (teammate)  [base locks while holding]
  - ridgeback_3  (teammate)  [base locks while holding]

Relations:
  ontop(bed.n.01_2, floor.n.01_4)
  ontop(cabinet.n.01_3, floor.n.01_4)
  ontop(jackal_1, floor.n.01_4)
  ontop(jackal_3, floor.n.01_4)
  ontop(notebook.n.01_4, bed.n.01_2)
  ontop(ridgeback_1, floor.n.01_4)
  ontop(ridgeback_3, floor.n.01_4)
  under(floor.n.01_4, bed.n.01_2)
  under(jackal_1, notebook.n.01_5)

=== ROBOT drone_3 ===
Step 7575/8000 | you are drone_3 (drone) in living_room_0 (a living room)
Rooms in this house (navigate_to any of them): bathroom_0, bedroom_0, childs_room_0, closet_0, closet_1, corridor_0, dining_room_0, empty_room_0, empty_room_1, kitchen_0, living_room_0, staircase_0
Holding: nothing

living_room_0:
  - cabinet.n.01_2  Open  -> unreachable, navigate_to  [2.6 m away]
  - coffee_table.n.01_1  -> grasp, navigate_to
  - drone_1  (teammate)  [drone]
  - drone_2  (teammate)  [drone]
  - floor.n.01_1  -> navigate_to

Relations:
  ontop(cabinet.n.01_2, floor.n.01_1)
  ontop(coffee_table.n.01_1, floor.n.01_1)

## 9. ACTION HISTORY AND FAILURES
--- ridgeback_3 ---
Its current plan: wait_for_team(team_3) [interrupted]
YOUR FINISHED PLANS (most recent last):
  #20 [FAILED] ontop(notebook.n.01_5, cabinet.n.01_3)
      plan: load_onto(jackal_3) -> navigate_to(cabinet.n.01_3) -> wait(150) -> unload_from(jackal_3) -> place_on_top(cabinet.n.01_3)
      you chose it because: Transfer the notebook to jackal_3 to unlock the base, then independently meet the carrier at the cabinet and unload/place the notebook.
      it failed because: unload_from: PRE_CONDITION_ERROR: jackal_3 is not carrying anything.. Additional info: {'target object': 'jackal_3', 'reason_code': 'PRE_CONDITION_ERROR'}
  #22 [DONE] ontop(notebook.n.01_5, cabinet.n.01_3)
      plan: wait(600)
      you chose it because: notebook.n.01_5 is currently held by ridgeback_1 from another team, so do not compete or attempt a transfer; wait for the cargo to become available.
  #24 [DONE] ontop(notebook.n.01_5, cabinet.n.01_3)
      plan: wait(600)
      you chose it because: The active notebook is held by ridgeback_1 from another team, so ridgeback_3 must wait rather than competing or attempting a failed transfer.

--- jackal_3 ---
Its current plan: wait_for_team(team_3) [interrupted]
YOUR FINISHED PLANS (most recent last):
  #19 [FAILED] ontop(notebook.n.01_5, cabinet.n.01_3)
      plan: wait(100) -> navigate_to(cabinet.n.01_3) -> wait(150) -> place_on_top(cabinet.n.01_3)
      you chose it because: Remain beside ridgeback_3 long enough for loading, carry the notebook to the cabinet, and wait there for ridgeback_3 to unload it.
      it failed because: place_on_top: An error occurred during each attempt of this action. Attempt 0: PRE_CONDITION_ERROR: You have no arm, so you cannot place onto. You can navigate_to and wait. Cargo is put on your bac...
  #21 [DONE] ontop(notebook.n.01_5, cabinet.n.01_3)
      plan: wait(600)
      you chose it because: The active notebook is held by ridgeback_1, not available to jackal_3. Wait rather than making an unnecessary carrier trip.
  #23 [DONE] ontop(notebook.n.01_5, cabinet.n.01_3)
      plan: wait(600)
      you chose it because: Notebook.n.01_5 remains unavailable in ridgeback_1's grip; jackal_3 should avoid an unnecessary carrier trip and wait.

--- drone_3 ---
Its current plan: ontop(notebook.n.01_5, cabinet.n.01_3) [success]
YOUR FINISHED PLANS (most recent last):
  #16 [DONE] ontop(notebook.n.01_5, cabinet.n.01_3)
      plan: wait(400)
      you chose it because: The active cargo is a notebook, which the drone cannot lift; wait while ridgeback_3 and jackal_3 perform the arm-and-carrier transfer.
  #17 [DONE] ontop(notebook.n.01_5, cabinet.n.01_3)
      plan: wait(600)
      you chose it because: drone_3 cannot lift notebooks, and notebook.n.01_5 is already held by ridgeback_1. It waits while the arm-and-carrier work is resolved.
  #18 [DONE] ontop(notebook.n.01_5, cabinet.n.01_3)
      plan: wait(600)
      you chose it because: Drone_3 cannot lift notebooks, and the active notebook is already held by another team's arm, so it waits.

Return exactly 3 plans, one per robot, using each robot's own ids. Say in `reasoning` how you divided the work.
-------------------------------------- COMPLETION --------------------------------------
  plans:
    [1]
      agent_id: ridgeback_3
      task:
        task: Task.ONTOP
        object_type: notebook.n.01_3
        object_id: 1
        reference: armchair.n.01_1
      actions:
        [1]
          action_type: navigate_to
          target: notebook.n.01_3
        [2]
          action_type: grasp
          target: notebook.n.01_3
        [3]
          action_type: load_onto
          target: jackal_3
        [4]
          action_type: wait
          ticks: 600
        [5]
          action_type: unload_from
          target: jackal_3
        [6]
          action_type: place_on_top
          target: armchair.n.01_1
      reasoning: Handle notebook.n.01_3 as the arm-capable robot: grasp it, transfer it to jackal_3 for transport, then unload and place it on the next support, the dining-room armchair.
    [2]
      agent_id: jackal_3
      task:
        task: Task.ONTOP
        object_type: notebook.n.01_3
        object_id: 1
        reference: armchair.n.01_1
      actions:
        [1]
          action_type: navigate_to
          target: notebook.n.01_3
        [2]
          action_type: wait
          ticks: 150
        [3]
          action_type: navigate_to
          target: armchair.n.01_1
        [4]
          action_type: wait
          ticks: 500
      reasoning: Serve as the carrier for notebook.n.01_3: meet ridgeback_3 at the notebook, then transport the loaded notebook to the armchair and wait for unloading.
    [3]
      agent_id: drone_3
      task:
        task: Task.ONTOP
        object_type: notebook.n.01_3
        object_id: 1
        reference: armchair.n.01_1
      actions:
        [1]
          action_type: wait
          ticks: 600
      reasoning: The active cargo is a notebook, which drone_3 cannot lift. It waits while ridgeback_3 and jackal_3 perform the arm-and-carrier transfer.
  reasoning: I assigned notebook.n.01_3 to the only suitable team pair: ridgeback_3 can lift and place notebooks but its base locks while holding, so jackal_3 transports it. Drone_3 cannot lift notebooks and waits. Notebook.n.01_5 is already being carried by another team's jackal, so our team avoids competing for it.
====================================================================================================
#41  ridgeback_2  env_step 7901  t=1021.859s  Team Plan Generation [team_2]
  usage: 7918 tokens (prompt 6698, completion 1220)
---------------------------------- PROMPT / SYSTEM ----------------------------------
## 1. YOUR ROLE
You command TEAM 'team_2' -- 3 robots (ridgeback_2, jackal_2, drone_2) -- in a multi-agent
cooperative household task, alongside other teams doing the same. You are the
TEAM CONTROLLER: you are given all 3 robots' observations in one call and
answer with one plan per robot, in that same call.

- Divide the work. Two robots sent to the same object waste one of them: the
  loser burns the whole trip and its grasp fails with OBJECT_CLAIMED.
- Your robots start their plans together and you are not asked again until
  every one of them has finished. A robot that finishes early holds position
  and does nothing useful, so plans of wildly different lengths waste the
  short ones.
- Other teams are driven by their own controllers, not by you. You coordinate
  with them only through the messages quoted in this prompt.
- At the end of the prompt are each robot's last few plans, with their
  actions and how each ended, and the messages this team has sent and
  received. A plan that failed for a reason that still holds will fail the
  same way again, and a question you already asked has its answer in the
  record.

PLAN RESPONSE:
- Return a structured plan for EVERY robot listed above, one each, tagged with
  that robot's agent_id.
- Give each robot one task and at most 6 actions; 3-6 short
  executable actions are usually enough.
- Use exact item_id values from that robot's own section of the prompt.
- Say in the team-level `reasoning` how you divided the work between them.

## 2. ENVIRONMENT RULES
Your robots act through high-level primitives, not joint commands. Each one
takes many simulation steps: driving across a room costs 30 ticks per metre, so
distance is the main cost you control. None of them can see -- each is given a
symbolic description of the room it is standing in, and only that room, and
those descriptions are listed below one robot at a time.

Rules that decide whether an action succeeds:
- To grasp, place, open or toggle an object a robot must be closer to it than
  that object's own distance threshold; beyond it the action fails with TOO_FAR.
  Each object in a robot's room listing carries what that robot can do to it
  after "->", and a distance in metres ONLY when it is out of range -- no
  distance means that robot is already close enough to act on it now.
- An out-of-range object is marked "unreachable" and offers navigate_to and
  NOTHING else. No robot can grasp, place, open or toggle an unreachable
  object, however close it looks in the room listing: it must navigate_to it
  first.
- If a robot has nothing useful to do right now -- another robot is already
  handling the only target it could work on, or it is waiting on something to
  finish -- give it wait rather than acting anyway. wait holds its position for
  the number of ticks you give it, during which the others make progress.
- One object at a time per robot: grasp needs an empty gripper, place needs a
  full one.
- Objects are exclusive, including between your own robots. If anyone is
  holding something, a grasp for it fails with "held by <agent>". Sending two
  robots after one target costs the loser the whole trip for nothing.
- Some tasks are a route: THE TEAM'S TASK lists supports the cargo must rest on
  in order, marked done / NEXT. Only the NEXT support counts when the cargo is
  placed on it; a support reached out of order does not count and costs
  nothing -- progress resumes when NEXT holds. Progress is judged on where the
  cargo rests, not on what a robot intended.
- Every id in THE TEAM'S TASK is a valid navigate_to target for any robot from
  ANY room, even when it is not in that robot's listing: navigate_to(<that id>)
  drives it there, through the house, and its next listing shows that room.
  That is how a robot changes rooms. The cargo is where the task says it
  starts (or on the last support marked done) -- send a robot there; it will
  not be found where the robots stand.
- The line "Rooms in this house" names every room. navigate_to(<room name>)
  drives a robot to a free spot inside that room, so it can reach a room whose
  objects it cannot name yet, or go and look for something.
- Refer to objects only by the ids in that robot's own room listing, which are
  the objects in the room it is standing in. They look like apple.n.01_1. Never
  invent one, and never give one robot an id that appeared only under another
  robot -- it is in a room that robot cannot see.
- An entry marked "blocked" is in that room but currently unavailable -- the
  bracketed note says why.

When an action fails, that robot's plan is abandoned. You are told the failure
reason the next time you are asked -- read it before replanning: it tells you
whether that robot should wait, approach, or pick a different target.

## 3. ROBOT CAPABILITIES
Three kinds of robot. A robot's kind is on its own header ("(drone)") and on
its line in a teammate's listing ("[carrier, ...]", "[base locks while
holding]", "[drone]").

ARM -- a robot with a gripper: grasp, place_on_top, release, open/close,
toggle, load_onto, unload_from, navigate_to, wait.
- Some arms' bases LOCK while the gripper is loaded, and navigate_to then fails
  with BASE_LOCKED; such a robot cannot deliver what it picks up. Have it load
  the object onto a carrier robot with load_onto, let the carrier drive, and
  have an arm take it back at the far end with unload_from. Both actions name
  the *carrier* as their target and need the two robots within reach of each
  other. This is a division of labour, not a detour: it is why a task can need
  more than one of your robots.
- ONLY a robot marked [base locks while holding] needs a carrier. Any other
  robot that can grasp -- a drone, an unmarked arm -- carries what it holds by
  itself: grasp, navigate_to the support, place_on_top, done. A drone that can
  lift the cargo needs nobody: routing its cargo through a carrier and back is
  a detour that costs two extra actions and a round of waiting for nothing.
  Use the carrier for the base-locked robot's legs, and only for those.

CARRIER -- a robot with no arm: cargo rides on its back.
- A carrier and what it is carrying are ONE line in that robot's room listing:

    - agent_1  (teammate)  [carrier, carrying box.n.01_1]  -> unload_from

  The cargo has no line of its own and cannot be grasped where it sits.
  unload_from(agent_1) takes it off that carrier's back and into the acting
  robot's hand; load_onto(agent_1) puts what that robot holds onto it. Both
  name the carrier, both need the two robots within reach of each other, and
  unload_from is the only way to get cargo back.
- **A carrier has no arm**, so give it navigate_to and wait and nothing else:
  no grasp, no place, no release, no load_onto or unload_from -- those are done
  *to* it by a robot that does have a hand. Its own section lists its load on
  an "On your back:" line, and it cannot put that down itself. Its job is to
  drive to where an arm is waiting, which is the whole reason a task needs two
  of them.

DRONE -- flies, holds its load under a suction mount, and its base never locks:
it carries what it grasps by itself.
- What a drone may lift is limited. The drone cannot lift the notebook. A
  robot tagged [drone] can grasp and carry the die (die.n.01_1) but NOT the
  notebook (notebook.n.01_1): grasp or unload_from on it fails with
  CANNOT_LIFT, and getting closer does not change that. Only a robot with an
  arm can lift the notebook, so give that leg to an arm; this division of
  labour is what the task is built around.

THIS TEAM'S ROBOTS:
  - ridgeback_2: ARM, base LOCKS while holding (needs a carrier to move cargo)
  - jackal_2: CARRIER (no arm; navigate_to and wait only)
  - drone_2: DRONE (flies, carries what it holds; see the lift table)

WHO MAY LIFT WHAT (this activity):
  - notebook.n.01: arm

## 4. COOPERATION MODE: INDIVIDUAL
Every team plans for itself. No team sends or receives messages; you learn
what the other teams are doing only from what your robots see (a teammate of
another team in the listing, an object held by one of its robots). Do not
wait for others to speak. When another team already holds the cargo, give
your robots something else or wait.
---------------------------------- PROMPT / USER ----------------------------------
=== STEP 7901 ===

## 6. OBSERVATIONS -- TEAM team_2 (3 robots)

THE TEAM'S TASK (the same for every robot), in the ids it is written in:
  Move notebook.n.01_1, in this order, onto: the cabinet in the child's room, the bookcase in the kitchen. Move notebook.n.01_2, in this order, onto: the bookcase in the kitchen, the armchair in the dining room. Move notebook.n.01_3, in this order, onto: the armchair in the dining room, the coffee table in the living room. Move notebook.n.01_4, in this order, onto: the cabinet in the living room, the bed in the bedroom. Move notebook.n.01_5, in this order, onto: the cabinet in the bedroom, the bed in the child's room.
Route S1-M5: complete -- notebook.n.01_1 is at its destination.
Route S1-M3: complete -- notebook.n.01_2 is at its destination.
Route S1-M2, carry notebook.n.01_3 through these in order:
  it starts ontop(notebook.n.01_3, floor.n.01_2)
  NEXT  C1  ontop(notebook.n.01_3, armchair.n.01_1)
        D   ontop(notebook.n.01_3, coffee_table.n.01_1)
Route S1-M1: complete -- notebook.n.01_4 is at its destination.
Route S1-M4, carry notebook.n.01_5 through these in order:
  done  C1  ontop(notebook.n.01_5, cabinet.n.01_3)
  NEXT  D   ontop(notebook.n.01_5, bed.n.01_1)
A support reached out of order does not count, and nothing is lost by it: progress resumes when the NEXT one holds.

=== ROBOT ridgeback_2 ===
Step 7901/8000 | you are ridgeback_2 in dining_room_0 (a dining room)
Rooms in this house (navigate_to any of them): bathroom_0, bedroom_0, childs_room_0, closet_0, closet_1, corridor_0, dining_room_0, empty_room_0, empty_room_1, kitchen_0, living_room_0, staircase_0
Holding: nothing

dining_room_0:
  - armchair.n.01_1  -> unreachable, navigate_to  [1.9 m away]
  - breakfast_table.n.01_1  -> grasp, navigate_to
  - floor.n.01_2  -> navigate_to
  - jackal_2  (teammate)  [carrier, carrying notebook.n.01_3]  -> navigate_to, unload_from
  - notebook.n.01_2  -> unreachable, navigate_to  [2.2 m away]

Relations:
  ontop(armchair.n.01_1, floor.n.01_2)
  ontop(breakfast_table.n.01_1, floor.n.01_2)
  ontop(jackal_2, floor.n.01_2)
  ontop(notebook.n.01_2, floor.n.01_2)
  ontop(ridgeback_2, floor.n.01_2)
  under(floor.n.01_2, breakfast_table.n.01_1)
  under(jackal_2, notebook.n.01_3)

=== ROBOT jackal_2 ===
Step 7901/8000 | you are jackal_2 in dining_room_0 (a dining room)
Rooms in this house (navigate_to any of them): bathroom_0, bedroom_0, childs_room_0, closet_0, closet_1, corridor_0, dining_room_0, empty_room_0, empty_room_1, kitchen_0, living_room_0, staircase_0
On your back: notebook.n.01_3
Holding: nothing

dining_room_0:
  - armchair.n.01_1  -> navigate_to
  - breakfast_table.n.01_1  -> navigate_to
  - floor.n.01_2  -> navigate_to
  - notebook.n.01_2  -> navigate_to
  - ridgeback_2  (teammate)  [base locks while holding]

Relations:
  ontop(armchair.n.01_1, floor.n.01_2)
  ontop(breakfast_table.n.01_1, floor.n.01_2)
  ontop(jackal_2, floor.n.01_2)
  ontop(notebook.n.01_2, floor.n.01_2)
  ontop(ridgeback_2, floor.n.01_2)
  under(floor.n.01_2, breakfast_table.n.01_1)
  under(jackal_2, notebook.n.01_3)

=== ROBOT drone_2 ===
Step 7901/8000 | you are drone_2 (drone) in living_room_0 (a living room)
Rooms in this house (navigate_to any of them): bathroom_0, bedroom_0, childs_room_0, closet_0, closet_1, corridor_0, dining_room_0, empty_room_0, empty_room_1, kitchen_0, living_room_0, staircase_0
Holding: nothing

living_room_0:
  - cabinet.n.01_2  Open  -> unreachable, navigate_to  [2.1 m away]
  - coffee_table.n.01_1  -> unreachable, navigate_to  [1.9 m away]
  - drone_1  (teammate)  [drone]
  - drone_3  (teammate)  [drone]
  - floor.n.01_1  -> navigate_to

Relations:
  ontop(cabinet.n.01_2, floor.n.01_1)
  ontop(coffee_table.n.01_1, floor.n.01_1)

## 9. ACTION HISTORY AND FAILURES
--- ridgeback_2 ---
Its current plan: wait_for_team(team_2) [interrupted]
YOUR FINISHED PLANS (most recent last):
  #19 [FAILED] ontop(notebook.n.01_3, armchair.n.01_1)
      plan: navigate_to(dining_room_0) -> unload_from(jackal_2) -> place_on_top(armchair.n.01_1)
      you chose it because: I handle the arm-required transfer of notebook.n.01_3. I move into the dining room while jackal_2 positions the carrier at the room's floor rendezvous, then unload the notebook; placement on the armchair will follow once the armchair is visible in my next observation.
      it failed because: unload_from: PRE_CONDITION_ERROR: You are 1.95 m from jackal_2, too far to unload from it (you must be within 1.74 m). Navigate to it first.. Additional info: {'target object': 'jackal_2', 'distanc...
  #21 [FAILED] ontop(notebook.n.01_3, armchair.n.01_1)
      plan: wait(120) -> navigate_to(armchair.n.01_1) -> unload_from(jackal_2) -> place_on_top(armchair.n.01_1)
      you chose it because: I handle the arm-required placement. Jackal moves the loaded notebook to the armchair first; I approach the armchair after it arrives, unload within reach, and place notebook.n.01_3 on the current NEXT support.
      it failed because: navigate_to: An error occurred during each attempt of this action. Attempt 0: PLANNING_ERROR: Cannot reach armchair_qplklw_2: there is no free floor space around it to stand on (need a spot 0.9-1.5...
  #23 [FAILED] ontop(notebook.n.01_3, armchair.n.01_1)
      plan: navigate_to(floor.n.01_2) -> unload_from(jackal_2) -> place_on_top(armchair.n.01_1)
      you chose it because: I handle the arm-required transfer. I reposition to the dining-room floor rendezvous, unload notebook.n.01_3 from jackal_2 once it is nearby, then place it on the current NEXT support, armchair.n.01_1.
      it failed because: navigate_to: An error occurred during each attempt of this action. Attempt 0: PLANNING_ERROR: Cannot reach floors_ekqfhr_0: there is no free floor space around it to stand on (need a spot 0.0-1.4 m...

--- jackal_2 ---
Its current plan: wait_for_team(team_2) [interrupted]
YOUR FINISHED PLANS (most recent last):
  #19 [FAILED] ontop(notebook.n.01_3, armchair.n.01_1)
      plan: navigate_to(floor.n.01_2) -> wait(500) -> place_on_top(armchair.n.01_1)
      you chose it because: I remain the carrier for notebook.n.01_3 and move to the dining-room floor rendezvous so ridgeback_2 can approach and unload it. I do not attempt placement because carriers have no arm.
      it failed because: place_on_top: An error occurred during each attempt of this action. Attempt 0: PRE_CONDITION_ERROR: You have no arm, so you cannot place onto. You can navigate_to and wait. Cargo is put on your bac...
  #21 [FAILED] ontop(notebook.n.01_3, armchair.n.01_1)
      plan: navigate_to(armchair.n.01_1) -> wait(400) -> place_on_top(armchair.n.01_1)
      you chose it because: I am the carrier and already have notebook.n.01_3, so I transport it to the dining-room armchair and hold position for ridgeback_2 to unload it. I do not attempt placement because carriers have no arm.
      it failed because: navigate_to: An error occurred during each attempt of this action. Attempt 0: PLANNING_ERROR: Cannot reach armchair_qplklw_2: there is no free floor space around it to stand on (need a spot 1.1-1.7...
  #23 [FAILED] ontop(notebook.n.01_3, armchair.n.01_1)
      plan: navigate_to(floor.n.01_2) -> wait(500) -> place_on_top(armchair.n.01_1)
      you chose it because: I carry notebook.n.01_3 and move to the clear floor rendezvous rather than the obstructed armchair. I then hold position so ridgeback_2 can approach and unload it.
      it failed because: place_on_top: An error occurred during each attempt of this action. Attempt 0: PRE_CONDITION_ERROR: You have no arm, so you cannot place onto. You can navigate_to and wait. Cargo is put on your bac...

--- drone_2 ---
Its current plan: ontop(notebook.n.01_3, armchair.n.01_1) [success]
YOUR FINISHED PLANS (most recent last):
  #17 [DONE] ontop(notebook.n.01_3, armchair.n.01_1)
      plan: wait(600)
      you chose it because: I cannot lift notebooks, and ridgeback_2 plus jackal_2 exclusively handle the current notebook route, so I wait without competing for the cargo.
  #18 [DONE] ontop(notebook.n.01_3, armchair.n.01_1)
      plan: wait(600)
      you chose it because: I cannot lift notebooks, and ridgeback_2 with jackal_2 exclusively handles the current notebook route. I wait without competing for the cargo.
  #19 [DONE] ontop(notebook.n.01_3, armchair.n.01_1)
      plan: wait(600)
      you chose it because: I cannot lift notebooks, and ridgeback_2 with jackal_2 exclusively handles this notebook route, so I wait without competing for the cargo.

Return exactly 3 plans, one per robot, using each robot's own ids. Say in `reasoning` how you divided the work.
-------------------------------------- COMPLETION --------------------------------------
  plans:
    [1]
      agent_id: ridgeback_2
      task:
        task: Task.ONTOP
        object_type: notebook.n.01_3
        object_id: 1
        reference: armchair.n.01_1
      actions:
        [1]
          action_type: navigate_to
          target: breakfast_table.n.01_1
        [2]
          action_type: unload_from
          target: jackal_2
        [3]
          action_type: place_on_top
          target: armchair.n.01_1
      reasoning: I approach the clear breakfast-table area instead of the obstructed armchair target, unload the notebook from jackal_2 there, and place it onto the current NEXT support.
    [2]
      agent_id: jackal_2
      task:
        task: Task.ONTOP
        object_type: notebook.n.01_3
        object_id: 1
        reference: armchair.n.01_1
      actions:
        [1]
          action_type: navigate_to
          target: breakfast_table.n.01_1
        [2]
          action_type: wait
          ticks: 600
      reasoning: I carry notebook.n.01_3 to the clear breakfast-table rendezvous, then hold position so ridgeback_2 can unload it. As a carrier I cannot place the notebook.
    [3]
      agent_id: drone_2
      task:
        task: Task.ONTOP
        object_type: notebook.n.01_3
        object_id: 1
        reference: armchair.n.01_1
      actions:
        [1]
          action_type: wait
          ticks: 600
      reasoning: I cannot lift notebooks, so I wait while ridgeback_2 and jackal_2 complete the exclusive notebook transfer.
  reasoning: ridgeback_2 performs the arm-required unload and placement, while jackal_2 transports the notebook and waits at a clear rendezvous. drone_2 waits because it cannot lift this cargo and should not compete for it.
